Rk,Player,Nation,Pos,Squad,Age,Born,90s,SCA,SCA90,PassLive,PassDead,Drib,Sh,Fld,GCA,GCA90,PassLive,PassDead,Drib,Sh,Fld,OG,Matches
1,Patrick van Aanholt\Patrick-van-Aanholt,nl NED,DF,Crystal Palace,28,1990,21.0,42,2.00,24,16,1,1,0,1,0.05,0,1,0,0,0,0,Matches
2,Max Aarons\Max-Aarons,eng ENG,DF,Norwich City,19,2000,27.0,49,1.81,37,2,3,3,4,3,0.11,1,1,0,0,1,0,Matches
3,Tammy Abraham\Tammy-Abraham,eng ENG,FW,Chelsea,21,1997,21.6,43,1.99,30,0,6,5,2,9,0.42,4,0,3,1,1,0,Matches
4,Che Adams\Che-Adams,eng ENG,FW,Southampton,23,1996,8.1,13,1.61,10,0,1,0,2,3,0.37,2,0,0,0,1,0,Matches
5,Adrián\Adrian,es ESP,GK,Liverpool,32,1987,9.7,2,0.21,2,0,0,0,0,0,0.00,0,0,0,0,0,0,Matches
6,Sergio Agüero\Sergio-Aguero,ar ARG,FW,Manchester City,31,1988,15.6,48,3.08,27,0,9,8,4,6,0.39,4,0,1,1,0,0,Matches
7,Albian Ajeti\Albian-Ajeti,ch SUI,MFFW,West Ham,22,1997,1.4,2,1.42,2,0,0,0,0,0,0.00,0,0,0,0,0,0,Matches
8,Nathan Aké\Nathan-Ake,nl NED,DF,Bournemouth,24,1995,22.4,11,0.49,6,0,1,3,1,1,0.04,1,0,0,0,0,0,Matches
9,Marc Albrighton\Marc-Albrighton,eng ENG,MF,Leicester City,29,1989,5.3,17,3.21,16,0,1,0,0,5,0.94,5,0,0,0,0,0,Matches
10,Toby Alderweireld\Toby-Alderweireld,be BEL,DF,Tottenham,30,1989,26.9,19,0.71,18,0,0,1,0,2,0.07,2,0,0,0,0,0,Matches
11,Trent Alexander-Arnold\Trent-Alexander-Arnold,eng ENG,DF,Liverpool,20,1998,28.3,129,4.55,77,42,3,5,1,22,0.78,12,7,0,2,0,1,Matches
12,Alisson\Alisson,br BRA,GK,Liverpool,26,1992,19.3,3,0.16,3,0,0,0,0,1,0.05,1,0,0,0,0,0,Matches
13,Dele Alli\Dele-Alli,eng ENG,MFFW,Tottenham,23,1996,19.6,51,2.60,37,1,9,2,2,12,0.61,5,0,5,2,0,0,Matches
14,Miguel Almirón\Miguel-Almiron,py PAR,FWMF,Newcastle Utd,25,1994,26.4,58,2.19,40,0,7,4,7,1,0.04,1,0,0,0,0,0,Matches
15,Marcos Alonso\Marcos-Alonso,es ESP,DF,Chelsea,28,1990,9.5,31,3.25,24,3,1,2,1,4,0.42,3,0,0,0,1,0,Matches
16,Steven Alzate\Steven-Alzate,co COL,MFDF,Brighton,20,1998,13.1,30,2.28,22,0,5,2,1,1,0.08,0,0,0,0,1,0,Matches
17,Ibrahim Amadou\Ibrahim-Amadou,fr FRA,DFMF,Norwich City,26,1993,8.4,1,0.12,1,0,0,0,0,0,0.00,0,0,0,0,0,0,Matches
18,Felipe Anderson\Felipe-Anderson,br BRA,MFFW,West Ham,26,1993,15.7,56,3.56,43,2,5,3,3,8,0.51,7,0,1,0,0,0,Matches
19,Florin Andone\Florin-Andone,ro ROU,MFFW,Brighton,26,1993,0.8,1,1.27,1,0,0,0,0,0,0.00,0,0,0,0,0,0,Matches
20,Angeliño\Angelino,es ESP,DF,Manchester City,22,1997,4.7,14,2.99,13,0,1,0,0,0,0.00,0,0,0,0,0,0,Matches
21,Faustino Anjorin\Faustino-Anjorin,eng ENG,FW,Chelsea,17,2001,0.2,0,0.00,0,0,0,0,0,0,0.00,0,0,0,0,0,0,Matches
22,Michail Antonio\Michail-Antonio,eng ENG,FWMF,West Ham,29,1990,11.4,33,2.88,18,0,10,1,4,5,0.44,1,0,2,1,1,0,Matches
23,Stuart Armstrong\Stuart-Armstrong,sco SCO,MF,Southampton,27,1992,12.7,25,1.97,21,0,2,2,0,3,0.24,2,0,0,1,0,0,Matches
24,Kepa Arrizabalaga\Kepa-Arrizabalaga,es ESP,GK,Chelsea,24,1994,25.0,1,0.04,0,1,0,0,0,0,0.00,0,0,0,0,0,0,Matches
25,Christian Atsu\Christian-Atsu,gh GHA,FWMF,Newcastle Utd,27,1992,8.1,22,2.70,17,2,2,0,1,3,0.37,2,1,0,0,0,0,Matches
26,Pierre-Emerick Aubameyang\Pierre-Emerick-Aubameyang,ga GAB,FW,Arsenal,30,1989,25.6,43,1.68,31,0,5,4,3,6,0.23,3,0,0,2,1,0,Matches
27,Serge Aurier\Serge-Aurier,ci CIV,DF,Tottenham,26,1992,21.3,39,1.83,34,2,2,0,0,6,0.28,4,0,1,0,0,1,Matches
28,Jordan Ayew\Jordan-Ayew,gh GHA,FWMF,Crystal Palace,27,1991,26.6,48,1.81,28,0,10,1,9,5,0.19,1,0,3,0,1,0,Matches
29,César Azpilicueta\Cesar-Azpilicueta,es ESP,DF,Chelsea,29,1989,26.9,57,2.12,53,1,1,1,1,3,0.11,3,0,0,0,0,0,Matches
30,Eric Bailly\Eric-Bailly,ci CIV,DF,Manchester Utd,25,1994,1.1,0,0.00,0,0,0,0,0,0,0.00,0,0,0,0,0,0,Matches
31,Leighton Baines\Leighton-Baines,eng ENG,DF,Everton,34,1984,3.7,10,2.70,7,2,0,0,1,0,0.00,0,0,0,0,0,0,Matches
32,Fabián Balbuena\Fabian-Balbuena,py PAR,DF,West Ham,27,1991,12.0,4,0.33,3,0,0,1,0,0,0.00,0,0,0,0,0,0,Matches
33,George Baldock\George-Baldock,eng ENG,DF,Sheffield Utd,26,1993,28.0,43,1.54,33,3,5,0,2,5,0.18,3,0,1,0,1,0,Matches
34,Phil Bardsley\Phil-Bardsley,sco SCO,DF,Burnley,34,1985,14.0,10,0.71,7,1,0,2,0,0,0.00,0,0,0,0,0,0,Matches
35,Ross Barkley\Ross-Barkley,eng ENG,MF,Chelsea,25,1993,7.5,35,4.67,24,1,5,4,1,4,0.53,3,0,0,1,0,0,Matches
36,Ashley Barnes\Ashley-Barnes,at AUT,FW,Burnley,29,1989,15.1,19,1.26,12,0,1,1,5,1,0.07,0,0,0,0,1,0,Matches
37,Harvey Barnes\Harvey-Barnes,eng ENG,MF,Leicester City,21,1997,19.1,66,3.46,49,0,8,4,5,13,0.68,10,0,2,1,0,0,Matches
38,Chris Basham\Chris-Basham,eng ENG,DF,Sheffield Utd,31,1988,27.1,17,0.63,14,0,2,0,1,1,0.04,1,0,0,0,0,0,Matches
39,Borja Bastón\Borja-Baston,es ESP,MFFW,Aston Villa,26,1992,0.2,0,0.00,0,0,0,0,0,0,0.00,0,0,0,0,0,0,Matches
40,Michy Batshuayi\Michy-Batshuayi,be BEL,FW,Chelsea,25,1993,2.5,7,2.80,5,0,1,1,0,3,1.20,2,0,0,1,0,0,Matches
41,Jan Bednarek\Jan-Bednarek,pl POL,DF,Southampton,23,1996,27.0,7,0.26,6,0,0,0,1,0,0.00,0,0,0,0,0,0,Matches
42,Héctor Bellerín\Hector-Bellerin,es ESP,DF,Arsenal,24,1995,6.9,6,0.87,5,0,1,0,0,0,0.00,0,0,0,0,0,0,Matches
43,Ryan Bennett\Ryan-Bennett,eng ENG,DF,Wolves,29,1990,6.7,5,0.75,4,1,0,0,0,1,0.15,0,1,0,0,0,0,Matches
44,Nabil Bentaleb\Nabil-Bentaleb,dz ALG,MF,Newcastle Utd,24,1994,3.0,6,2.00,5,1,0,0,0,0,0.00,0,0,0,0,0,0,Matches
45,Christian Benteke\Christian-Benteke,be BEL,FW,Crystal Palace,28,1990,10.2,32,3.13,23,0,5,2,2,6,0.59,5,0,1,0,0,0,Matches
46,Jóhann Berg Guðmundsson\Johann-Berg-Gudmundsson,is ISL,MF,Burnley,28,1990,4.5,13,2.92,10,2,0,1,0,1,0.22,1,0,0,0,0,0,Matches
47,Sander Berge\Sander-Berge,no NOR,MF,Sheffield Utd,21,1998,2.3,2,0.86,2,0,0,0,0,0,0.00,0,0,0,0,0,0,Matches
48,Steven Bergwijn\Steven-Bergwijn,nl NED,FWMF,Tottenham,21,1997,4.6,15,3.23,12,0,1,0,2,0,0.00,0,0,0,0,0,0,Matches
49,Bernard\Bernard,br BRA,MFFW,Everton,26,1992,11.4,40,3.52,33,0,5,1,1,5,0.44,3,0,2,0,0,0,Matches
50,Bernardo\Bernardo,br BRA,DF,Brighton,24,1995,6.0,7,1.16,6,1,0,0,0,0,0.00,0,0,0,0,0,0,Matches
51,Ryan Bertrand\Ryan-Bertrand,eng ENG,DF,Southampton,29,1989,22.5,48,2.14,32,13,0,0,3,1,0.04,0,1,0,0,0,0,Matches
52,Muhamed Bešić\Muhamed-Besic,ba BIH,MF,Sheffield Utd,26,1992,2.7,3,1.10,3,0,0,0,0,0,0.00,0,0,0,0,0,0,Matches
53,Philip Billing\Philip-Billing,dk DEN,MF,Bournemouth,23,1996,24.1,38,1.58,30,2,2,3,1,4,0.17,4,0,0,0,0,0,Matches
54,Yves Bissouma\Yves-Bissouma,ml MLI,MF,Brighton,22,1996,7.4,8,1.08,7,0,0,1,0,0,0.00,0,0,0,0,0,0,Matches
55,Willy Boly\Willy-Boly,fr FRA,DF,Wolves,28,1991,13.0,6,0.46,6,0,0,0,0,1,0.08,1,0,0,0,0,0,Matches
56,Gaëtan Bong\Gaetan-Bong,cm CMR,MFDF,Brighton,31,1988,0.6,3,4.82,3,0,0,0,0,0,0.00,0,0,0,0,0,0,Matches
57,Sofiane Boufal\Sofiane-Boufal,ma MAR,MFFW,Southampton,25,1993,8.4,36,4.27,21,0,8,1,6,3,0.36,2,0,1,0,0,0,Matches
58,Jarrod Bowen\Jarrod-Bowen,eng ENG,FWMF,West Ham,22,1996,2.0,5,2.45,3,0,1,1,0,0,0.00,0,0,0,0,0,0,Matches
59,Robbie Brady\Robbie-Brady,ie IRL,MF,Burnley,27,1992,4.4,10,2.27,7,1,0,1,1,2,0.45,2,0,0,0,0,0,Matches
60,Claudio Bravo\Claudio-Bravo,cl CHI,GK,Manchester City,36,1983,3.8,0,0.00,0,0,0,0,0,0,0.00,0,0,0,0,0,0,Matches
61,Armando Broja\Armando-Broja,al ALB,FW,Chelsea,17,2001,0.0,0,0.00,0,0,0,0,0,0,0.00,0,0,0,0,0,0,Matches
62,Josh Brownhill\Josh-Brownhill,eng ENG,MF,Burnley,23,1995,0.0,0,,0,0,0,0,0,0,,0,0,0,0,0,0,Matches
63,Emi Buendía\Emi-Buendia,ar ARG,FWMF,Norwich City,22,1996,22.4,117,5.22,71,25,9,3,9,7,0.31,5,1,0,1,0,0,Matches
64,Dan Burn\Dan-Burn,eng ENG,DF,Brighton,27,1992,23.9,30,1.26,27,1,1,1,0,2,0.08,2,0,0,0,0,0,Matches
65,Sam Byram\Sam-Byram,eng ENG,DF,Norwich City,25,1993,14.4,19,1.32,14,0,1,3,1,0,0.00,0,0,0,0,0,0,Matches
66,Willy Caballero\Willy-Caballero,ar ARG,GK,Chelsea,37,1981,4.0,0,0.00,0,0,0,0,0,0,0.00,0,0,0,0,0,0,Matches
67,Gary Cahill\Gary-Cahill,eng ENG,DF,Crystal Palace,33,1985,20.0,6,0.30,4,0,0,2,0,1,0.05,1,0,0,0,0,0,Matches
68,Dominic Calvert-Lewin\Dominic-Calvert-Lewin,eng ENG,FW,Everton,22,1997,21.2,48,2.26,31,0,1,3,12,3,0.14,2,0,0,0,0,1,Matches
69,Víctor Camarasa\Victor-Camarasa,es ESP,MF,Crystal Palace,25,1994,0.1,1,18.00,1,0,0,0,0,0,0.00,0,0,0,0,0,0,Matches
70,João Cancelo\Joao-Cancelo,pt POR,DF,Manchester City,25,1994,8.7,21,2.42,18,1,1,0,1,1,0.12,1,0,0,0,0,0,Matches
71,Todd Cantwell\Todd-Cantwell,eng ENG,FW,Norwich City,21,1998,23.1,68,2.94,53,0,6,3,6,5,0.22,5,0,0,0,0,0,Matches
72,Étienne Capoue\Etienne-Capoue,fr FRA,MF,Watford,31,1988,23.8,32,1.35,28,0,2,0,2,2,0.08,2,0,0,0,0,0,Matches
73,Andy Carroll\Andy-Carroll,eng ENG,FW,Newcastle Utd,30,1989,5.6,15,2.66,15,0,0,0,0,5,0.89,5,0,0,0,0,0,Matches
74,Jonny Castro\Jonny-Castro,es ESP,DF,Wolves,25,1994,24.4,41,1.68,36,2,1,0,2,5,0.20,4,1,0,0,0,0,Matches
75,Craig Cathcart\Craig-Cathcart,nir NIR,DF,Watford,30,1989,26.2,5,0.19,5,0,0,0,0,1,0.04,1,0,0,0,0,0,Matches
76,Dani Ceballos\Dani-Ceballos,es ESP,MF,Arsenal,22,1996,10.1,27,2.66,20,5,0,0,2,4,0.39,3,1,0,0,0,0,Matches
77,Nathaniel Chalobah\Nathaniel-Chalobah,eng ENG,MF,Watford,24,1994,8.6,13,1.50,12,1,0,0,0,2,0.23,2,0,0,0,0,0,Matches
78,Calum Chambers\Calum-Chambers,eng ENG,DF,Arsenal,24,1995,12.3,15,1.22,9,2,0,4,0,2,0.16,1,0,0,1,0,0,Matches
79,Ben Chilwell\Ben-Chilwell,eng ENG,DF,Leicester City,22,1996,22.9,51,2.23,42,7,1,1,0,7,0.31,7,0,0,0,0,0,Matches
80,Tahith Chong\Tahith-Chong,nl NED,FWMF,Manchester Utd,19,1999,0.4,2,5.29,2,0,0,0,0,0,0.00,0,0,0,0,0,0,Matches
81,Hamza Choudhury\Hamza-Choudhury,eng ENG,MF,Leicester City,21,1997,8.7,11,1.27,10,0,0,1,0,1,0.12,1,0,0,0,0,0,Matches
82,Andreas Christensen\Andreas-Christensen,dk DEN,DF,Chelsea,23,1996,14.0,9,0.64,9,0,0,0,0,0,0.00,0,0,0,0,0,0,Matches
83,Ciaran Clark\Ciaran-Clark,ie IRL,DF,Newcastle Utd,29,1989,13.2,1,0.08,1,0,0,0,0,0,0.00,0,0,0,0,0,0,Matches
84,Leon Clarke\Leon-Clarke,eng ENG,MF,Sheffield Utd,34,1985,0.1,0,0.00,0,0,0,0,0,0,0.00,0,0,0,0,0,0,Matches
85,Tom Cleverley\Tom-Cleverley,eng ENG,MF,Watford,29,1989,7.3,26,3.56,22,1,0,2,1,1,0.14,0,0,0,1,0,0,Matches
86,Conor Coady\Conor-Coady,eng ENG,DF,Wolves,26,1993,29.0,13,0.45,13,0,0,0,0,0,0.00,0,0,0,0,0,0,Matches
87,Séamus Coleman\Seamus-Coleman,ie IRL,DF,Everton,30,1988,13.2,18,1.36,12,1,3,2,0,2,0.15,1,0,0,1,0,0,Matches
88,Aaron Connolly\Aaron-Connolly,ie IRL,FW,Brighton,19,2000,9.3,15,1.62,5,0,1,2,7,3,0.32,0,0,0,1,2,0,Matches
89,Lewis Cook\Lewis-Cook,eng ENG,MF,Bournemouth,22,1997,11.2,23,2.06,17,1,1,2,2,4,0.36,2,0,0,1,1,0,Matches
90,Steve Cook\Steve-Cook,eng ENG,DF,Bournemouth,28,1991,20.5,5,0.24,4,1,0,0,0,0,0.00,0,0,0,0,0,0,Matches
91,Jack Cork\Jack-Cork,eng ENG,MF,Burnley,30,1989,26.3,22,0.84,18,0,2,0,2,3,0.11,3,0,0,0,0,0,Matches
92,Aaron Cresswell\Aaron-Cresswell,eng ENG,DF,West Ham,29,1989,22.5,32,1.42,24,3,2,0,3,2,0.09,1,0,1,0,0,0,Matches
93,Patrick Cutrone\Patrick-Cutrone,it ITA,FW,Wolves,21,1998,3.2,2,0.62,1,0,0,1,0,0,0.00,0,0,0,0,0,0,Matches
94,Diogo Dalot\Diogo-Dalot,pt POR,DF,Manchester Utd,20,1999,0.7,0,0.00,0,0,0,0,0,0,0.00,0,0,0,0,0,0,Matches
95,Charlie Daniels\Charlie-Daniels,eng ENG,DF,Bournemouth,32,1986,1.4,4,2.83,3,1,0,0,0,0,0.00,0,0,0,0,0,0,Matches
96,Scott Dann\Scott-Dann,eng ENG,DF,Crystal Palace,32,1987,7.1,3,0.43,3,0,0,0,0,1,0.14,1,0,0,0,0,0,Matches
97,Kevin Danso\Kevin-Danso,at AUT,DF,Southampton,20,1998,3.1,3,0.98,3,0,0,0,0,1,0.33,1,0,0,0,0,0,Matches
98,Ben Davies\Ben-Davies,wal WAL,DF,Tottenham,26,1993,7.0,9,1.28,8,0,0,1,0,0,0.00,0,0,0,0,0,0,Matches
99,Tom Davies\Tom-Davies,eng ENG,MF,Everton,21,1998,15.2,19,1.25,14,0,1,3,1,0,0.00,0,0,0,0,0,0,Matches
100,Keinan Davis\Keinan-Davis,eng ENG,FW,Aston Villa,21,1998,1.4,6,4.19,4,0,0,2,0,1,0.70,0,0,0,1,0,0,Matches
101,Craig Dawson\Craig-Dawson,eng ENG,DF,Watford,29,1990,17.2,3,0.17,2,0,0,1,0,0,0.00,0,0,0,0,0,0,Matches
102,Kevin De Bruyne\Kevin-De-Bruyne,be BEL,MF,Manchester City,28,1991,24.0,163,6.80,114,31,9,3,6,27,1.13,20,1,2,1,3,0,Matches
103,Troy Deeney\Troy-Deeney,eng ENG,FW,Watford,31,1988,16.7,31,1.85,27,0,0,2,2,5,0.30,4,0,0,0,1,0,Matches
104,Fabian Delph\Fabian-Delph,eng ENG,MF,Everton,29,1989,13.2,17,1.29,16,0,0,1,0,2,0.15,2,0,0,0,0,0,Matches
105,Leander Dendoncker\Leander-Dendoncker,be BEL,DFMF,Wolves,24,1995,25.3,17,0.67,16,0,1,0,0,1,0.04,1,0,0,0,0,0,Matches
106,Gerard Deulofeu\Gerard-Deulofeu,es ESP,FW,Watford,25,1994,23.4,88,3.76,51,10,14,7,6,7,0.30,5,0,1,0,1,0,Matches
107,Eric Dier\Eric-Dier,eng ENG,MFDF,Tottenham,25,1994,9.9,9,0.91,9,0,0,0,0,1,0.10,1,0,0,0,0,0,Matches
108,Lucas Digne\Lucas-Digne,fr FRA,DF,Everton,26,1993,24.9,82,3.29,44,32,2,2,2,7,0.28,5,2,0,0,0,0,Matches
109,Virgil van Dijk\Virgil-van-Dijk,nl NED,DF,Liverpool,28,1991,29.0,16,0.55,14,0,0,1,1,3,0.10,3,0,0,0,0,0,Matches
110,Issa Diop\Issa-Diop,fr FRA,DF,West Ham,22,1997,21.7,4,0.18,1,1,0,2,0,0,0.00,0,0,0,0,0,0,Matches
111,Moussa Djenepo\Moussa-Djenepo,ml MLI,MFDF,Southampton,21,1998,10.3,39,3.79,19,0,11,1,8,6,0.58,3,0,2,0,1,0,Matches
112,Matt Doherty\Matt-Doherty,ie IRL,DF,Wolves,27,1992,23.9,46,1.93,33,0,5,6,2,10,0.42,3,0,3,3,1,0,Matches
113,Abdoulaye Doucouré\Abdoulaye-Doucoure,fr FRA,MF,Watford,26,1993,27.2,70,2.57,55,0,7,5,3,4,0.15,3,0,0,1,0,0,Matches
114,Danny Drinkwater\Danny-Drinkwater,eng ENG,MF,Aston Villa,29,1990,2.9,4,1.37,3,0,0,0,1,0,0.00,0,0,0,0,0,0,Matches
115,Danny Drinkwater\Danny-Drinkwater,eng ENG,MF,Burnley,29,1990,0.7,0,0.00,0,0,0,0,0,0,0.00,0,0,0,0,0,0,Matches
116,Josip Drmić\Josip-Drmic,ch SUI,FWMF,Norwich City,26,1992,2.4,5,2.09,2,0,1,1,1,1,0.42,0,0,1,0,0,0,Matches
117,Martin Dúbravka\Martin-Dubravka,sk SVK,GK,Newcastle Utd,30,1989,29.0,2,0.07,1,1,0,0,0,0,0.00,0,0,0,0,0,0,Matches
118,Ondrej Duda\Ondrej-Duda,sk SVK,MF,Norwich City,24,1994,6.5,20,3.10,12,6,0,2,0,2,0.31,1,0,0,1,0,0,Matches
119,Shane Duffy\Shane-Duffy,ie IRL,DF,Brighton,27,1992,11.9,5,0.42,4,0,1,0,0,0,0.00,0,0,0,0,0,0,Matches
120,Paul Dummett\Paul-Dummett,wal WAL,DF,Newcastle Utd,27,1991,13.7,6,0.44,5,0,0,0,1,1,0.07,1,0,0,0,0,0,Matches
121,Lewis Dunk\Lewis-Dunk,eng ENG,DF,Brighton,27,1991,27.0,22,0.81,20,2,0,0,0,3,0.11,3,0,0,0,0,0,Matches
122,Ederson\Ederson,br BRA,GK,Manchester City,25,1993,24.1,2,0.08,2,0,0,0,0,1,0.04,1,0,0,0,0,0,Matches
123,John Egan\John-Egan,ie IRL,DF,Sheffield Utd,26,1992,26.9,6,0.22,3,0,0,3,0,1,0.04,0,0,0,1,0,0,Matches
124,Harvey Elliot\Harvey-Elliot,eng ENG,FW,Liverpool,,,0.0,0,,0,0,0,0,0,0,,0,0,0,0,0,0,Matches
125,Ahmed Elmohamady\Ahmed-Elmohamady,eg EGY,DF,Aston Villa,31,1987,8.5,19,2.24,19,0,0,0,0,1,0.12,1,0,0,0,0,0,Matches
126,Björn Engels\Bjorn-Engels,be BEL,DF,Aston Villa,24,1994,16.1,6,0.37,5,0,0,1,0,0,0.00,0,0,0,0,0,0,Matches
127,Christian Eriksen\Christian-Eriksen,dk DEN,MFFW,Tottenham,27,1992,12.1,40,3.30,31,8,1,0,0,3,0.25,2,1,0,0,0,0,Matches
128,Jonny Evans\Jonny-Evans,nir NIR,DF,Leicester City,31,1988,28.6,12,0.42,7,0,1,3,1,2,0.07,1,0,0,0,1,0,Matches
129,Łukasz Fabiański\Lukasz-Fabianski,pl POL,GK,West Ham,34,1985,14.5,0,0.00,0,0,0,0,0,0,0.00,0,0,0,0,0,0,Matches
130,Fabinho\Fabinho,br BRA,MF,Liverpool,25,1993,16.0,24,1.50,23,0,1,0,0,1,0.06,1,0,0,0,0,0,Matches
131,Ralf Fährmann\Ralf-Fahrmann,de GER,GK,Norwich City,30,1988,0.2,0,0.00,0,0,0,0,0,0,0.00,0,0,0,0,0,0,Matches
132,Kiko Femenía\Kiko-Femenia,es ESP,DF,Watford,28,1991,17.0,18,1.06,17,1,0,0,0,0,0.00,0,0,0,0,0,0,Matches
133,Bruno Fernandes\Bruno-Fernandes,pt POR,MF,Manchester Utd,24,1994,5.0,23,4.62,14,6,0,1,2,5,1.00,1,2,0,0,2,0,Matches
134,Gedson Fernandes\Gedson-Fernandes,pt POR,MFDF,Tottenham,20,1999,0.4,2,4.50,2,0,0,0,0,0,0.00,0,0,0,0,0,0,Matches
135,Federico Fernández\Federico-Fernandez,ar ARG,DF,Newcastle Utd,30,1989,20.1,9,0.45,6,0,1,2,0,2,0.10,1,0,0,1,0,0,Matches
136,Fernandinho\Fernandinho,br BRA,DF,Manchester City,34,1985,22.2,20,0.90,18,0,0,2,0,3,0.14,3,0,0,0,0,0,Matches
137,Roberto Firmino\Roberto-Firmino,br BRA,FWMF,Liverpool,27,1991,26.9,73,2.71,52,0,15,4,2,15,0.56,10,0,4,1,0,0,Matches
138,John Fleck\John-Fleck,sco SCO,MF,Sheffield Utd,27,1991,24.3,65,2.67,43,16,4,2,0,5,0.21,4,0,1,0,0,0,Matches
139,Phil Foden\Phil-Foden,eng ENG,MFFW,Manchester City,19,2000,3.9,20,5.08,15,1,1,1,2,3,0.76,3,0,0,0,0,0,Matches
140,Pablo Fornals\Pablo-Fornals,es ESP,MF,West Ham,23,1996,16.3,33,2.03,25,4,1,2,1,5,0.31,5,0,0,0,0,0,Matches
141,Ben Foster\Ben-Foster,eng ENG,GK,Watford,36,1983,29.0,5,0.17,2,3,0,0,0,1,0.03,1,0,0,0,0,0,Matches
142,Dimitri Foulquier\Dimitri-Foulquier,fr FRA,MFDF,Watford,26,1993,0.6,1,1.55,1,0,0,0,0,0,0.00,0,0,0,0,0,0,Matches
143,Juan Foyth\Juan-Foyth,ar ARG,DF,Tottenham,21,1998,0.7,1,1.38,1,0,0,0,0,0,0.00,0,0,0,0,0,0,Matches
144,Simon Francis\Simon-Francis,eng ENG,DF,Bournemouth,34,1985,10.7,7,0.65,6,0,1,0,0,1,0.09,1,0,0,0,0,0,Matches
145,Ryan Fraser\Ryan-Fraser,sco SCO,MFFW,Bournemouth,25,1994,22.9,66,2.88,44,17,2,1,2,6,0.26,3,2,0,1,0,0,Matches
146,Fred\Fred,br BRA,MF,Manchester Utd,26,1993,22.5,77,3.42,60,8,2,2,5,1,0.04,1,0,0,0,0,0,Matches
147,Ryan Fredericks\Ryan-Fredericks,eng ENG,DF,West Ham,26,1992,18.8,32,1.71,30,2,0,0,0,4,0.21,4,0,0,0,0,0,Matches
148,Luke Freeman\Luke-Freeman,eng ENG,MF,Sheffield Utd,27,1992,3.6,4,1.12,3,0,0,0,1,0,0.00,0,0,0,0,0,0,Matches
149,Christian Fuchs\Christian-Fuchs,at AUT,DF,Leicester City,33,1986,7.0,6,0.85,6,0,0,0,0,2,0.28,2,0,0,0,0,0,Matches
150,Eric García\Eric-Garcia,es ESP,DF,Manchester City,18,2001,3.0,0,0.00,0,0,0,0,0,0,0.00,0,0,0,0,0,0,Matches
151,James Garner\James-Garner,eng ENG,MF,Manchester Utd,18,2001,0.1,1,11.25,0,0,0,0,1,0,0.00,0,0,0,0,0,0,Matches
152,Dwight Gayle\Dwight-Gayle,eng ENG,FW,Newcastle Utd,28,1990,4.2,6,1.43,4,0,0,1,1,1,0.24,1,0,0,0,0,0,Matches
153,Paulo Gazzaniga\Paulo-Gazzaniga,ar ARG,GK,Tottenham,27,1992,17.9,4,0.22,3,1,0,0,0,0,0.00,0,0,0,0,0,0,Matches
154,Jean-Philippe Gbamin\Jean-Philippe-Gbamin,ci CIV,MF,Everton,23,1995,1.5,0,0.00,0,0,0,0,0,0,0.00,0,0,0,0,0,0,Matches
155,David de Gea\David-de-Gea,es ESP,GK,Manchester Utd,28,1990,29.0,2,0.07,2,0,0,0,0,0,0.00,0,0,0,0,0,0,Matches
156,Anwar El Ghazi\Anwar-El-Ghazi,nl NED,FWMF,Aston Villa,24,1995,18.7,48,2.57,32,6,6,2,2,6,0.32,4,0,2,0,0,0,Matches
157,Morgan Gibbs-White\Morgan-Gibbs-White,eng ENG,MFFW,Wolves,19,2000,1.4,4,2.93,3,0,0,0,0,1,0.73,0,0,0,0,0,1,Matches
158,Billy Gilmour\Billy-Gilmour,sco SCO,MF,Chelsea,18,2001,1.1,4,3.64,3,0,0,0,1,1,0.91,1,0,0,0,0,0,Matches
159,Olivier Giroud\Olivier-Giroud,fr FRA,FW,Chelsea,32,1986,4.9,11,2.24,9,0,0,2,0,2,0.41,1,0,0,1,0,0,Matches
160,Ben Godfrey\Ben-Godfrey,eng ENG,DF,Norwich City,21,1998,20.4,5,0.25,3,0,0,2,0,1,0.05,1,0,0,0,0,0,Matches
161,André Gomes\Andre-Gomes,pt POR,MF,Everton,26,1993,8.8,16,1.83,15,0,1,0,0,0,0.00,0,0,0,0,0,0,Matches
162,Angel Gomes\Angel-Gomes,eng ENG,MF,Manchester Utd,18,2000,0.2,2,9.47,2,0,0,0,0,0,0.00,0,0,0,0,0,0,Matches
163,Joe Gomez\Joe-Gomez,eng ENG,DF,Liverpool,22,1997,14.2,10,0.71,9,0,0,1,0,2,0.14,1,0,0,1,0,0,Matches
164,Anthony Gordon\Anthony-Gordon,eng ENG,MFFW,Everton,18,2001,0.7,1,1.53,1,0,0,0,0,0,0.00,0,0,0,0,0,0,Matches
165,Dan Gosling\Dan-Gosling,eng ENG,MF,Bournemouth,29,1990,9.8,10,1.02,9,0,0,1,0,1,0.10,1,0,0,0,0,0,Matches
166,Andre Gray\Andre-Gray,eng ENG,FW,Watford,28,1991,8.0,14,1.76,11,0,1,2,0,1,0.13,0,0,0,1,0,0,Matches
167,Demarai Gray\Demarai-Gray,eng ENG,MFFW,Leicester City,23,1996,4.6,17,3.72,15,0,1,0,1,4,0.88,3,0,0,0,1,0,Matches
168,Jack Grealish\Jack-Grealish,eng ENG,FWMF,Aston Villa,23,1995,25.9,141,5.44,102,15,10,1,13,15,0.58,11,1,2,0,1,0,Matches
169,Mason Greenwood\Mason-Greenwood,eng ENG,FWMF,Manchester Utd,17,2001,7.2,20,2.79,17,0,1,0,2,2,0.28,2,0,0,0,0,0,Matches
170,Arnaut Groeneveld\Arnaut-Groeneveld,nl NED,MF,Bournemouth,22,1997,4.5,5,1.11,3,0,0,0,2,0,0.00,0,0,0,0,0,0,Matches
171,Pascal Groß\Pascal-Gross,de GER,MFFW,Brighton,28,1991,16.6,84,5.07,46,29,4,1,2,7,0.42,2,3,0,0,0,2,Matches
172,Vicente Guaita\Vicente-Guaita,es ESP,GK,Crystal Palace,32,1987,27.0,3,0.11,3,0,0,0,0,1,0.04,1,0,0,0,0,0,Matches
173,Mattéo Guendouzi\Matteo-Guendouzi,fr FRA,MF,Arsenal,20,1999,17.7,30,1.70,22,0,3,2,3,2,0.11,1,0,0,0,1,0,Matches
174,Frederic Guilbert\Frederic-Guilbert,fr FRA,DF,Aston Villa,24,1994,21.1,31,1.47,24,4,0,1,2,4,0.19,4,0,0,0,0,0,Matches
175,İlkay Gündoğan\Ilkay-Gundogan,de GER,MF,Manchester City,28,1990,17.7,62,3.51,56,2,1,3,0,3,0.17,3,0,0,0,0,0,Matches
176,Angus Gunn\Angus-Gunn,eng ENG,GK,Southampton,23,1996,10.0,0,0.00,0,0,0,0,0,0,0.00,0,0,0,0,0,0,Matches
177,Sébastien Haller\Sebastien-Haller,fr FRA,FW,West Ham,25,1994,23.9,48,2.01,39,1,1,4,3,7,0.29,3,0,0,2,2,0,Matches
178,Grant Hanley\Grant-Hanley,sco SCO,DF,Norwich City,27,1991,14.0,2,0.14,2,0,0,0,0,0,0.00,0,0,0,0,0,0,Matches
179,Kortney Hause\Kortney-Hause,eng ENG,DF,Aston Villa,24,1995,11.0,4,0.36,4,0,0,0,0,0,0.00,0,0,0,0,0,0,Matches
180,Isaac Hayden\Isaac-Hayden,eng ENG,MF,Newcastle Utd,24,1995,21.9,24,1.10,19,0,0,2,3,2,0.09,0,0,0,1,1,0,Matches
181,Tom Heaton\Tom-Heaton,eng ENG,GK,Aston Villa,33,1986,19.9,0,0.00,0,0,0,0,0,0,0.00,0,0,0,0,0,0,Matches
182,Dean Henderson\Dean-Henderson,eng ENG,GK,Sheffield Utd,22,1997,27.0,3,0.11,2,1,0,0,0,0,0.00,0,0,0,0,0,0,Matches
183,Jordan Henderson\Jordan-Henderson,eng ENG,MF,Liverpool,29,1990,21.0,39,1.86,36,1,1,1,0,6,0.29,6,0,0,0,0,0,Matches
184,Jeff Hendrick\Jeff-Hendrick,ie IRL,MF,Burnley,27,1992,21.5,27,1.26,21,3,1,2,0,1,0.05,1,0,0,0,0,0,Matches
185,Wayne Hennessey\Wayne-Hennessey,wal WAL,GK,Crystal Palace,32,1987,2.0,1,0.50,0,1,0,0,0,0,0.00,0,0,0,0,0,0,Matches
186,Javier Hernández\Javier-Hernandez,mx MEX,FW,West Ham,31,1988,1.2,2,1.68,1,0,0,1,0,0,0.00,0,0,0,0,0,0,Matches
187,Onel Hernández\Onel-Hernandez,cu CUB,FWMF,Norwich City,26,1993,8.4,24,2.85,16,1,5,1,1,3,0.36,2,0,1,0,0,0,Matches
188,Son Heung-min\Son-Heung-min,kr KOR,FW,Tottenham,27,1992,19.4,73,3.76,47,3,13,9,1,18,0.93,11,0,3,3,1,0,Matches
189,Rob Holding\Rob-Holding,eng ENG,DFFW,Arsenal,23,1995,1.0,0,0.00,0,0,0,0,0,0,0.00,0,0,0,0,0,0,Matches
190,José Holebas\Jose-Holebas,gr GRE,DF,Watford,35,1984,11.2,18,1.61,8,8,1,1,0,0,0.00,0,0,0,0,0,0,Matches
191,Mason Holgate\Mason-Holgate,eng ENG,DF,Everton,22,1996,19.2,16,0.83,9,0,1,5,1,5,0.26,3,0,0,2,0,0,Matches
192,Nathan Holland\Nathan-Holland,eng ENG,MF,West Ham,21,1998,0.3,0,0.00,0,0,0,0,0,0,0.00,0,0,0,0,0,0,Matches
193,Conor Hourihane\Conor-Hourihane,ie IRL,MF,Aston Villa,28,1991,10.5,36,3.42,20,11,0,2,3,3,0.28,1,2,0,0,0,0,Matches
194,Callum Hudson-Odoi\Callum-Hudson-Odoi,eng ENG,FW,Chelsea,18,2000,8.6,41,4.79,32,1,4,3,1,5,0.58,5,0,0,0,0,0,Matches
195,Will Hughes\Will-Hughes,eng ENG,MF,Watford,24,1995,16.8,29,1.72,23,3,0,0,3,3,0.18,2,1,0,0,0,0,Matches
196,Pierre Højbjerg\Pierre-Hojbjerg,dk DEN,MF,Southampton,23,1995,27.2,55,2.02,48,1,2,1,3,5,0.18,3,0,0,0,2,0,Matches
197,Jordon Ibe\Jordon-Ibe,eng ENG,DF,Bournemouth,23,1995,0.5,0,0.00,0,0,0,0,0,0,0.00,0,0,0,0,0,0,Matches
198,Adam Idah\Adam-Idah,ie IRL,FW,Norwich City,18,2001,0.8,0,0.00,0,0,0,0,0,0,0.00,0,0,0,0,0,0,Matches
199,Odion Ighalo\Odion-Ighalo,ng NGA,FW,Manchester Utd,30,1989,0.3,2,6.00,1,0,1,0,0,0,0.00,0,0,0,0,0,0,Matches
200,Kelechi Iheanacho\Kelechi-Iheanacho,ng NGA,FW,Leicester City,22,1996,6.5,25,3.86,16,0,3,3,3,5,0.77,3,0,1,0,1,0,Matches
201,Danny Ings\Danny-Ings,eng ENG,FW,Southampton,27,1992,22.3,60,2.69,38,0,9,8,5,6,0.27,2,0,3,1,0,0,Matches
202,Alex Iwobi\Alex-Iwobi,ng NGA,MFFW,Everton,23,1996,13.0,36,2.77,33,0,2,1,0,2,0.15,2,0,0,0,0,0,Matches
203,Phil Jagielka\Phil-Jagielka,eng ENG,DF,Sheffield Utd,36,1982,1.4,0,0.00,0,0,0,0,0,0,0.00,0,0,0,0,0,0,Matches
204,Alireza Jahanbakhsh\Alireza-Jahanbakhsh,ir IRN,FWMF,Brighton,25,1993,3.2,8,2.51,5,0,1,0,1,1,0.31,0,0,0,0,0,1,Matches
205,Daniel James\Daniel-James,wal WAL,FW,Manchester Utd,21,1997,24.2,61,2.52,43,0,4,5,9,8,0.33,8,0,0,0,0,0,Matches
206,Matty James\Matty-James,eng ENG,MF,Leicester City,28,1991,0.1,0,0.00,0,0,0,0,0,0,0.00,0,0,0,0,0,0,Matches
207,Reece James\Reece-James,eng ENG,DF,Chelsea,19,1999,11.8,35,2.96,22,6,1,1,5,3,0.25,3,0,0,0,0,0,Matches
208,Daryl Janmaat\Daryl-Janmaat,nl NED,DF,Watford,30,1989,6.8,14,2.07,13,0,1,0,0,1,0.15,1,0,0,0,0,0,Matches
209,Gabriel Jesus\Gabriel-Jesus,br BRA,FW,Manchester City,22,1997,14.9,43,2.89,29,0,9,5,0,7,0.47,5,0,2,0,0,0,Matches
210,Raúl Jiménez\Raul-Jimenez,mx MEX,FW,Wolves,28,1991,27.4,72,2.63,50,0,10,7,5,10,0.37,6,0,2,0,2,0,Matches
211,Joelinton\Joelinton,br BRA,FW,Newcastle Utd,22,1996,24.9,47,1.89,38,1,2,4,2,2,0.08,2,0,0,0,0,0,Matches
212,Curtis Jones\Curtis-Jones,eng ENG,MF,Liverpool,18,2001,0.2,1,4.74,1,0,0,0,0,0,0.00,0,0,0,0,0,0,Matches
213,Phil Jones\Phil-Jones,eng ENG,DF,Manchester Utd,27,1992,1.5,0,0.00,0,0,0,0,0,0,0.00,0,0,0,0,0,0,Matches
214,Jorginho\Jorginho,it ITA,MF,Chelsea,27,1991,22.4,57,2.55,53,0,0,1,3,6,0.27,5,0,0,0,1,0,Matches
215,Jota\Jota,es ESP,FWMF,Aston Villa,28,1991,3.5,8,2.30,7,0,0,0,1,1,0.29,1,0,0,0,0,0,Matches
216,Diogo Jota\Diogo-Jota,pt POR,FWMF,Wolves,22,1996,19.7,70,3.55,40,1,12,7,10,6,0.30,4,0,0,1,1,0,Matches
217,James Justin\James-Justin,eng ENG,DF,Leicester City,21,1998,2.2,7,3.15,6,0,0,0,1,2,0.90,2,0,0,0,0,0,Matches
218,Christian Kabasele\Christian-Kabasele,be BEL,DF,Watford,28,1991,17.5,5,0.29,4,0,0,0,1,1,0.06,1,0,0,0,0,0,Matches
219,Harry Kane\Harry-Kane,eng ENG,FW,Tottenham,26,1993,19.8,37,1.87,27,0,4,1,5,4,0.20,2,0,0,1,1,0,Matches
220,N'Golo Kanté\NGolo-Kante,fr FRA,MF,Chelsea,28,1991,15.4,43,2.79,40,0,0,1,2,1,0.06,1,0,0,0,0,0,Matches
221,Moise Kean\Moise-Kean,it ITA,FWMF,Everton,19,2000,7.5,18,2.40,9,0,5,3,1,1,0.13,0,0,0,1,0,0,Matches
222,Michael Keane\Michael-Keane,eng ENG,DF,Everton,26,1993,19.4,5,0.26,5,0,0,0,0,0,0.00,0,0,0,0,0,0,Matches
223,Naby Keïta\Naby-Keita,gn GUI,MF,Liverpool,24,1995,4.1,17,4.16,14,1,1,1,0,3,0.73,3,0,0,0,0,0,Matches
224,Martin Kelly\Martin-Kelly,eng ENG,DF,Crystal Palace,29,1990,17.2,9,0.52,9,0,0,0,0,1,0.06,1,0,0,0,0,0,Matches
225,Max Kilman\Max-Kilman,eng ENG,DF,Wolves,22,1997,2.0,0,0.00,0,0,0,0,0,0,0.00,0,0,0,0,0,0,Matches
226,Joshua King\Joshua-King,no NOR,FWMF,Bournemouth,27,1992,16.3,42,2.58,28,0,8,3,3,7,0.43,3,0,2,1,1,0,Matches
227,Jonathan Kodjia\Jonathan-Kodjia,ci CIV,FWMF,Aston Villa,29,1989,1.2,3,2.43,2,0,1,0,0,0,0.00,0,0,0,0,0,0,Matches
228,Sead Kolašinac\Sead-Kolasinac,ba BIH,DF,Arsenal,26,1993,12.3,15,1.22,15,0,0,0,0,2,0.16,2,0,0,0,0,0,Matches
229,Ezri Konsa\Ezri-Konsa,eng ENG,DF,Aston Villa,21,1998,13.3,7,0.53,2,0,1,2,2,2,0.15,1,0,0,1,0,0,Matches
230,Cheikhou Kouyaté\Cheikhou-Kouyate,sn SEN,MF,Crystal Palace,29,1989,22.1,16,0.72,14,0,1,1,0,1,0.05,1,0,0,0,0,0,Matches
231,Mateo Kovačić\Mateo-Kovacic,hr CRO,MF,Chelsea,25,1994,18.7,54,2.89,51,0,1,1,1,6,0.32,6,0,0,0,0,0,Matches
232,Emil Krafth\Emil-Krafth,se SWE,DF,Newcastle Utd,24,1994,6.3,0,0.00,0,0,0,0,0,0,0.00,0,0,0,0,0,0,Matches
233,Tim Krul\Tim-Krul,nl NED,GK,Norwich City,31,1988,27.0,1,0.04,0,1,0,0,0,0,0.00,0,0,0,0,0,0,Matches
234,Alexandre Lacazette\Alexandre-Lacazette,fr FRA,FW,Arsenal,28,1991,14.6,43,2.94,29,0,3,7,4,8,0.55,4,0,1,3,0,0,Matches
235,Adam Lallana\Adam-Lallana,eng ENG,MFFW,Liverpool,31,1988,4.1,9,2.17,7,0,1,0,1,1,0.24,1,0,0,0,0,0,Matches
236,Érik Lamela\Erik-Lamela,ar ARG,MFFW,Tottenham,27,1992,10.4,39,3.75,23,4,2,3,6,6,0.58,1,1,0,2,1,1,Matches
237,Tariq Lamptey\Tariq-Lamptey,eng ENG,DF,Chelsea,18,2000,0.3,1,2.90,1,0,0,0,0,0,0.00,0,0,0,0,0,0,Matches
238,Henri Lansbury\Henri-Lansbury,eng ENG,MF,Aston Villa,28,1990,2.1,2,0.95,2,0,0,0,0,0,0.00,0,0,0,0,0,0,Matches
239,Manuel Lanzini\Manuel-Lanzini,ar ARG,MFFW,West Ham,26,1993,13.2,51,3.86,34,11,1,1,4,5,0.38,2,0,0,0,3,0,Matches
240,Aymeric Laporte\Aymeric-Laporte,fr FRA,DF,Manchester City,25,1994,5.6,4,0.71,4,0,0,0,0,0,0.00,0,0,0,0,0,0,Matches
241,Jamaal Lascelles\Jamaal-Lascelles,eng ENG,DF,Newcastle Utd,25,1993,18.1,6,0.33,4,0,0,1,1,0,0.00,0,0,0,0,0,0,Matches
242,Valentino Lazaro\Valentino-Lazaro,at AUT,DF,Newcastle Utd,23,1996,2.4,3,1.24,1,2,0,0,0,0,0.00,0,0,0,0,0,0,Matches
243,Moritz Leitner\Moritz-Leitner,de GER,MF,Norwich City,26,1992,7.6,16,2.10,14,1,0,0,1,0,0.00,0,0,0,0,0,0,Matches
244,Florian Lejeune\Florian-Lejeune,fr FRA,DF,Newcastle Utd,28,1991,4.9,1,0.20,1,0,0,0,0,0,0.00,0,0,0,0,0,0,Matches
245,Aaron Lennon\Aaron-Lennon,eng ENG,MF,Burnley,32,1987,5.4,7,1.30,6,0,0,0,1,1,0.19,1,0,0,0,0,0,Matches
246,Bernd Leno\Bernd-Leno,de GER,GK,Arsenal,27,1992,28.0,1,0.04,1,0,0,0,0,0,0.00,0,0,0,0,0,0,Matches
247,Jefferson Lerma\Jefferson-Lerma,co COL,MF,Bournemouth,24,1994,21.6,24,1.11,19,0,1,0,4,2,0.09,2,0,0,0,0,0,Matches
248,Jamal Lewis\Jamal-Lewis,nir NIR,DF,Norwich City,21,1998,16.6,19,1.14,14,2,3,0,0,1,0.06,1,0,0,0,0,0,Matches
249,Victor Lindelöf\Victor-Lindelof,se SWE,DF,Manchester Utd,25,1994,26.0,14,0.54,12,1,0,1,0,1,0.04,1,0,0,0,0,0,Matches
250,Jesse Lingard\Jesse-Lingard,eng ENG,MFFW,Manchester Utd,26,1992,9.9,37,3.74,32,0,2,1,2,3,0.30,3,0,0,0,0,0,Matches
251,Hugo Lloris\Hugo-Lloris,fr FRA,GK,Tottenham,32,1986,11.1,1,0.09,0,1,0,0,0,0,0.00,0,0,0,0,0,0,Matches
252,Giovani Lo Celso\Giovani-Lo-Celso,ar ARG,MFFW,Tottenham,23,1996,9.7,34,3.52,28,5,1,0,0,2,0.21,2,0,0,0,0,0,Matches
253,Jürgen Locadia\Jurgen-Locadia,nl NED,MFFW,Brighton,25,1993,1.0,1,1.05,1,0,0,0,0,0,0.00,0,0,0,0,0,0,Matches
254,Kevin Long\Kevin-Long,ie IRL,MF,Burnley,28,1990,0.0,0,0.00,0,0,0,0,0,0,0.00,0,0,0,0,0,0,Matches
255,Shane Long\Shane-Long,ie IRL,FW,Southampton,32,1987,12.7,27,2.13,22,0,1,4,0,3,0.24,1,0,0,2,0,0,Matches
256,Matthew Longstaff\Matthew-Longstaff,eng ENG,MF,Newcastle Utd,19,2000,6.1,6,0.99,6,0,0,0,0,1,0.17,1,0,0,0,0,0,Matches
257,Sean Longstaff\Sean-Longstaff,eng ENG,MF,Newcastle Utd,21,1997,14.4,31,2.15,19,7,1,2,2,2,0.14,1,0,0,1,0,0,Matches
258,Dejan Lovren\Dejan-Lovren,hr CRO,DF,Liverpool,30,1989,8.4,5,0.59,5,0,0,0,0,2,0.24,2,0,0,0,0,0,Matches
259,Matthew Lowton\Matthew-Lowton,eng ENG,DF,Burnley,30,1989,15.0,16,1.07,15,0,0,0,1,1,0.07,1,0,0,0,0,0,Matches
260,David Luiz\David-Luiz,br BRA,DF,Arsenal,32,1987,24.3,7,0.29,7,0,0,0,0,3,0.12,3,0,0,0,0,0,Matches
261,Douglas Luiz\Douglas-Luiz,br BRA,MF,Aston Villa,21,1998,19.0,23,1.21,18,1,3,0,1,2,0.11,2,0,0,0,0,0,Matches
262,John Lundstram\John-Lundstram,eng ENG,MF,Sheffield Utd,25,1994,23.0,41,1.78,34,1,0,4,2,6,0.26,5,0,0,1,0,0,Matches
263,Alexis Mac Allister\Alexis-Mac-Allister,ar ARG,FW,Brighton,20,1998,0.1,1,9.00,1,0,0,0,0,0,0.00,0,0,0,0,0,0,Matches
264,James Maddison\James-Maddison,eng ENG,MF,Leicester City,22,1996,26.7,154,5.77,70,51,12,6,15,12,0.45,7,4,1,0,0,0,Matches
265,Harry Maguire\Harry-Maguire,eng ENG,DF,Manchester Utd,26,1993,29.0,26,0.90,24,1,0,1,0,0,0.00,0,0,0,0,0,0,Matches
266,Riyad Mahrez\Riyad-Mahrez,dz ALG,FWMF,Manchester City,28,1991,15.4,101,6.56,69,8,14,3,7,23,1.49,15,1,4,0,3,0,Matches
267,Ainsley Maitland-Niles\Ainsley-Maitland-Niles,eng ENG,DF,Arsenal,21,1997,13.4,18,1.34,16,1,0,0,1,2,0.15,2,0,0,0,0,0,Matches
268,Sadio Mané\Sadio-Mane,sn SEN,FW,Liverpool,27,1992,23.2,75,3.24,61,0,3,3,8,12,0.52,8,0,0,1,3,0,Matches
269,Javier Manquillo\Javier-Manquillo,es ESP,DF,Newcastle Utd,25,1994,10.7,6,0.56,5,0,0,0,1,2,0.19,1,0,0,0,1,0,Matches
270,Solly March\Solly-March,eng ENG,DFFW,Brighton,25,1994,9.8,25,2.54,17,3,3,0,2,2,0.20,2,0,0,0,0,0,Matches
271,Pablo Marí\Pablo-Mari,es ESP,DF,Arsenal,25,1993,1.0,0,0.00,0,0,0,0,0,0,0.00,0,0,0,0,0,0,Matches
272,Adrian Mariappa\Adrian-Mariappa,jm JAM,DF,Watford,32,1986,13.6,8,0.59,8,0,0,0,0,0,0.00,0,0,0,0,0,0,Matches
273,Anthony Martial\Anthony-Martial,fr FRA,FW,Manchester Utd,23,1995,20.9,66,3.15,51,0,9,3,3,10,0.48,8,0,1,1,0,0,Matches
274,David Martin\David-Martin,eng ENG,GK,West Ham,33,1986,4.8,0,0.00,0,0,0,0,0,0,0.00,0,0,0,0,0,0,Matches
275,Martinelli\Martinelli,br BRA,FW,Arsenal,18,2001,7.3,8,1.10,5,0,2,0,1,0,0.00,0,0,0,0,0,0,Matches
276,Adam Masina\Adam-Masina,it ITA,DF,Watford,25,1994,13.6,16,1.18,14,2,0,0,0,1,0.07,0,1,0,0,0,0,Matches
277,Arthur Masuaku\Arthur-Masuaku,cd COD,DF,West Ham,25,1993,10.1,10,0.99,10,0,0,0,0,1,0.10,1,0,0,0,0,0,Matches
278,Juan Mata\Juan-Mata,es ESP,MFFW,Manchester Utd,31,1988,8.1,37,4.54,30,3,1,2,1,2,0.25,2,0,0,0,0,0,Matches
279,Nemanja Matić\Nemanja-Matic,rs SRB,MF,Manchester Utd,30,1988,10.7,28,2.62,25,0,2,0,1,1,0.09,1,0,0,0,0,0,Matches
280,Joël Matip\Joel-Matip,cm CMR,DF,Liverpool,27,1991,7.0,4,0.57,3,0,0,0,1,0,0.00,0,0,0,0,0,0,Matches
281,Neal Maupay\Neal-Maupay,fr FRA,FW,Brighton,22,1996,23.5,52,2.21,36,0,6,7,3,4,0.17,3,0,1,0,0,0,Matches
282,James McArthur\James-McArthur,sco SCO,MF,Crystal Palace,31,1987,27.0,47,1.74,39,0,3,2,3,9,0.33,5,0,0,1,3,0,Matches
283,Oliver McBurnie\Oliver-McBurnie,sco SCO,FW,Sheffield Utd,23,1996,15.9,22,1.38,19,0,0,2,1,1,0.06,0,0,0,1,0,0,Matches
284,Alex McCarthy\Alex-McCarthy,eng ENG,GK,Southampton,29,1989,19.0,2,0.11,1,1,0,0,0,0,0.00,0,0,0,0,0,0,Matches
285,James McCarthy\James-McCarthy,ie IRL,MF,Crystal Palace,28,1990,13.0,22,1.69,12,9,0,1,0,2,0.15,1,1,0,0,0,0,Matches
286,John McGinn\John-McGinn,sco SCO,MF,Aston Villa,24,1994,17.1,72,4.21,53,7,6,1,5,8,0.47,5,1,1,0,1,0,Matches
287,David McGoldrick\David-McGoldrick,ie IRL,FW,Sheffield Utd,31,1987,15.1,28,1.85,21,0,5,1,1,4,0.26,3,0,1,0,0,0,Matches
288,Michael McGovern\Michael-McGovern,nir NIR,GK,Norwich City,35,1984,1.8,0,0.00,0,0,0,0,0,0,0.00,0,0,0,0,0,0,Matches
289,Kenny McLean\Kenny-McLean,sco SCO,MF,Norwich City,27,1992,25.4,47,1.85,38,5,2,1,1,2,0.08,2,0,0,0,0,0,Matches
290,Dwight McNeil\Dwight-McNeil,eng ENG,MF,Burnley,19,1999,28.2,76,2.70,45,19,5,5,2,10,0.36,7,1,1,1,0,0,Matches
291,Scott McTominay\Scott-McTominay,sco SCO,MF,Manchester Utd,22,1996,17.2,31,1.80,22,0,0,3,5,3,0.17,2,0,0,0,0,1,Matches
292,Ben Mee\Ben-Mee,eng ENG,DF,Burnley,29,1989,29.0,20,0.69,12,1,1,6,0,2,0.07,1,0,0,1,0,0,Matches
293,Benjamin Mendy\Benjamin-Mendy,fr FRA,DF,Manchester City,25,1994,12.4,28,2.26,27,0,1,0,0,5,0.40,5,0,0,0,0,0,Matches
294,Nampalys Mendy\Nampalys-Mendy,fr FRA,MF,Leicester City,27,1992,2.2,5,2.23,5,0,0,0,0,0,0.00,0,0,0,0,0,0,Matches
295,Chris Mepham\Chris-Mepham,wal WAL,DF,Bournemouth,21,1997,10.0,2,0.20,2,0,0,0,0,0,0.00,0,0,0,0,0,0,Matches
296,Max Meyer\Max-Meyer,de GER,MFFW,Crystal Palace,23,1995,6.1,7,1.16,6,0,0,0,1,1,0.17,1,0,0,0,0,0,Matches
297,Luka Milivojević\Luka-Milivojevic,rs SRB,MF,Crystal Palace,28,1991,22.1,35,1.59,13,21,1,0,0,3,0.14,2,1,0,0,0,0,Matches
298,James Milner\James-Milner,eng ENG,MFDF,Liverpool,33,1986,8.4,20,2.37,17,0,0,1,2,4,0.47,4,0,0,0,0,0,Matches
299,Yerry Mina\Yerry-Mina,co COL,DF,Everton,24,1994,23.2,12,0.52,7,0,0,5,0,2,0.09,1,0,0,1,0,0,Matches
300,Takumi Minamino\Takumi-Minamino,jp JPN,FWMF,Liverpool,24,1995,0.9,1,1.17,0,0,0,1,0,0,0.00,0,0,0,0,0,0,Matches
301,Tyrone Mings\Tyrone-Mings,eng ENG,DF,Aston Villa,26,1993,22.3,9,0.40,9,0,0,0,0,1,0.04,1,0,0,0,0,0,Matches
302,Henrikh Mkhitaryan\Henrikh-Mkhitaryan,am ARM,FW,Arsenal,30,1989,1.2,6,4.86,5,0,0,1,0,0,0.00,0,0,0,0,0,0,Matches
303,Nacho Monreal\Nacho-Monreal,es ESP,DF,Arsenal,33,1986,3.0,4,1.33,3,0,0,0,1,0,0.00,0,0,0,0,0,0,Matches
304,Martín Montoya\Martin-Montoya,es ESP,DF,Brighton,28,1991,19.0,36,1.89,31,0,1,1,3,3,0.16,2,0,0,0,1,0,Matches
305,Simon Moore\Simon-Moore,eng ENG,GK,Sheffield Utd,29,1990,1.0,0,0.00,0,0,0,0,0,0,0.00,0,0,0,0,0,0,Matches
306,Aaron Mooy\Aaron-Mooy,au AUS,MFFW,Brighton,28,1990,18.4,60,3.26,44,10,3,2,1,6,0.33,3,1,2,0,0,0,Matches
307,Wesley Moraes\Wesley-Moraes,br BRA,FW,Aston Villa,22,1996,19.9,26,1.31,22,0,0,3,1,3,0.15,3,0,0,0,0,0,Matches
308,Wes Morgan\Wes-Morgan,jm JAM,DF,Leicester City,35,1984,1.8,1,0.57,0,0,1,0,0,0,0.00,0,0,0,0,0,0,Matches
309,Ravel Morrison\Ravel-Morrison,eng ENG,MF,Sheffield Utd,26,1993,0.1,1,7.50,1,0,0,0,0,0,0.00,0,0,0,0,0,0,Matches
310,Mason Mount\Mason-Mount,eng ENG,MFFW,Chelsea,20,1999,25.6,95,3.71,52,26,3,5,9,11,0.43,4,4,1,0,2,0,Matches
311,Lucas Moura\Lucas-Moura,br BRA,FWMF,Tottenham,26,1992,18.7,68,3.64,48,0,10,3,7,6,0.32,3,0,3,0,0,0,Matches
312,Lys Mousset\Lys-Mousset,fr FRA,FW,Sheffield Utd,23,1996,11.3,23,2.03,15,0,7,1,0,5,0.44,5,0,0,0,0,0,Matches
313,João Moutinho\Joao-Moutinho,pt POR,MF,Wolves,32,1986,27.1,94,3.47,51,42,1,0,0,10,0.37,5,5,0,0,0,0,Matches
314,Glenn Murray\Glenn-Murray,eng ENG,FW,Brighton,35,1983,7.8,9,1.15,5,0,1,2,1,0,0.00,0,0,0,0,0,0,Matches
315,Shkodran Mustafi\Shkodran-Mustafi,de GER,DF,Arsenal,27,1992,6.9,1,0.15,0,0,0,1,0,1,0.15,0,0,0,1,0,0,Matches
316,Yoshinori Mutō\Yoshinori-Muto,jp JPN,FWMF,Newcastle Utd,27,1992,2.2,3,1.34,3,0,0,0,0,0,0.00,0,0,0,0,0,0,Matches
317,Georges-Kévin N'Koudou\Georges-Kevin-NKoudou,fr FRA,FW,Tottenham,24,1995,0.0,0,0.00,0,0,0,0,0,0,0.00,0,0,0,0,0,0,Matches
318,Marvelous Nakamba\Marvelous-Nakamba,zw ZIM,MF,Aston Villa,25,1994,18.2,18,0.99,18,0,0,0,0,1,0.06,1,0,0,0,0,0,Matches
319,Wilfred Ndidi\Wilfred-Ndidi,ng NGA,MF,Leicester City,22,1996,21.0,27,1.28,25,0,1,0,1,4,0.19,4,0,0,0,0,0,Matches
320,Tanguy Ndombele\Tanguy-Ndombele,fr FRA,MF,Tottenham,22,1996,10.5,28,2.67,25,1,0,2,0,2,0.19,2,0,0,0,0,0,Matches
321,Reiss Nelson\Reiss-Nelson,eng ENG,FW,Arsenal,19,1999,5.1,15,2.93,9,3,1,2,0,1,0.20,0,0,0,1,0,0,Matches
322,Pedro Neto\Pedro-Neto,pt POR,FWMF,Wolves,19,2000,8.1,25,3.09,16,2,4,0,3,5,0.62,4,0,1,0,0,0,Matches
323,Rúben Neves\Ruben-Neves,pt POR,MF,Wolves,22,1997,25.3,41,1.62,35,0,2,4,0,2,0.08,1,0,0,1,0,0,Matches
324,Jeremy Ngakia\Jeremy-Ngakia,eng ENG,DF,West Ham,18,2000,4.0,1,0.25,1,0,0,0,0,0,0.00,0,0,0,0,0,0,Matches
325,Oumar Niasse\Oumar-Niasse,sn SEN,FW,Everton,29,1990,0.2,0,0.00,0,0,0,0,0,0,0.00,0,0,0,0,0,0,Matches
326,Eddie Nketiah\Eddie-Nketiah,eng ENG,FW,Arsenal,20,1999,2.8,2,0.72,2,0,0,0,0,0,0.00,0,0,0,0,0,0,Matches
327,Mark Noble\Mark-Noble,eng ENG,MF,West Ham,32,1987,23.9,43,1.80,32,4,2,0,5,4,0.17,2,0,0,0,2,0,Matches
328,Oliver Norwood\Oliver-Norwood,nir NIR,MF,Sheffield Utd,28,1991,26.5,67,2.53,36,25,0,3,1,5,0.19,2,1,0,0,0,2,Matches
329,Ørjan Nyland\Orjan-Nyland,no NOR,GK,Aston Villa,28,1990,2.0,0,0.00,0,0,0,0,0,0,0.00,0,0,0,0,0,0,Matches
330,Jack O'Connell\Jack-OConnell,eng ENG,DF,Sheffield Utd,25,1994,28.0,21,0.75,19,0,0,2,0,2,0.07,2,0,0,0,0,0,Matches
331,Michael Obafemi\Michael-Obafemi,ie IRL,FW,Southampton,19,2000,5.4,11,2.05,8,0,2,1,0,0,0.00,0,0,0,0,0,0,Matches
332,Angelo Ogbonna\Angelo-Ogbonna,it ITA,DF,West Ham,31,1988,24.0,6,0.25,6,0,0,0,0,0,0.00,0,0,0,0,0,0,Matches
333,Divock Origi\Divock-Origi,be BEL,FW,Liverpool,24,1995,5.7,19,3.31,8,0,6,2,2,4,0.70,0,0,1,1,1,1,Matches
334,Ben Osborn\Ben-Osborn,eng ENG,DFMF,Sheffield Utd,24,1994,1.4,3,2.18,2,0,0,0,1,0,0.00,0,0,0,0,0,0,Matches
335,Nicolás Otamendi\Nicolas-Otamendi,ar ARG,DF,Manchester City,31,1988,15.7,8,0.51,6,0,0,2,0,1,0.06,0,0,0,1,0,0,Matches
336,Alex Oxlade-Chamberlain\Alex-Oxlade-Chamberlain,eng ENG,MFFW,Liverpool,25,1993,12.3,33,2.68,26,0,1,3,3,2,0.16,0,0,1,0,1,0,Matches
337,Mesut Özil\Mesut-Ozil,de GER,MF,Arsenal,30,1988,16.1,63,3.91,42,17,2,0,2,7,0.43,6,1,0,0,0,0,Matches
338,Emerson Palmieri\Emerson-Palmieri,it ITA,DF,Chelsea,24,1994,11.4,28,2.46,20,7,1,0,0,0,0.00,0,0,0,0,0,0,Matches
339,Sokratis Papastathopoulos\Sokratis-Papastathopoulos,gr GRE,DF,Arsenal,31,1988,18.9,4,0.21,3,0,0,1,0,0,0.00,0,0,0,0,0,0,Matches
340,Troy Parrott\Troy-Parrott,ie IRL,MF,Tottenham,17,2002,0.1,0,0.00,0,0,0,0,0,0,0.00,0,0,0,0,0,0,Matches
341,Rui Patrício\Rui-Patricio,pt POR,GK,Wolves,31,1988,29.0,3,0.10,3,0,0,0,0,0,0.00,0,0,0,0,0,0,Matches
342,Pedro\Pedro,es ESP,FW,Chelsea,32,1987,7.3,34,4.66,23,1,4,4,2,4,0.55,2,0,1,1,0,0,Matches
343,Nicolas Pépé\Nicolas-Pepe,ci CIV,FW,Arsenal,24,1995,17.7,53,2.99,31,11,7,3,1,8,0.45,7,1,0,0,0,0,Matches
344,Andreas Pereira\Andreas-Pereira,br BRA,MFFW,Manchester Utd,23,1996,16.1,55,3.41,43,5,3,2,2,7,0.43,6,1,0,0,0,0,Matches
345,Ricardo Pereira\Ricardo-Pereira,pt POR,DF,Leicester City,25,1993,28.0,60,2.14,50,2,5,0,3,9,0.32,8,0,0,0,1,0,Matches
346,Roberto Pereyra\Roberto-Pereyra,ar ARG,FWMF,Watford,28,1991,14.7,37,2.51,26,3,3,1,4,1,0.07,0,0,0,0,1,0,Matches
347,Ayoze Pérez\Ayoze-Perez,es ESP,MFFW,Leicester City,26,1993,17.7,51,2.88,39,1,5,2,4,9,0.51,6,1,1,0,1,0,Matches
348,Jordan Pickford\Jordan-Pickford,eng ENG,GK,Everton,25,1994,29.0,3,0.10,1,2,0,0,0,0,0.00,0,0,0,0,0,0,Matches
349,Brandon Pierrick\Brandon-Pierrick,eng ENG,DF,Crystal Palace,17,2001,0.1,2,25.71,1,0,1,0,0,0,0.00,0,0,0,0,0,0,Matches
350,Erik Pieters\Erik-Pieters,nl NED,DF,Burnley,30,1988,13.7,12,0.88,11,0,0,1,0,3,0.22,3,0,0,0,0,0,Matches
351,Daniel Podence\Daniel-Podence,pt POR,MFFW,Wolves,23,1995,0.5,4,8.57,3,0,0,1,0,0,0.00,0,0,0,0,0,0,Matches
352,Paul Pogba\Paul-Pogba,fr FRA,MF,Manchester Utd,26,1993,5.8,31,5.36,28,0,2,0,1,2,0.35,2,0,0,0,0,0,Matches
353,Nick Pope\Nick-Pope,eng ENG,GK,Burnley,27,1992,29.0,8,0.28,5,3,0,0,0,0,0.00,0,0,0,0,0,0,Matches
354,Dennis Praet\Dennis-Praet,be BEL,MF,Leicester City,25,1994,10.8,18,1.67,11,1,1,3,1,3,0.28,2,0,0,0,0,1,Matches
355,Sebastian Prödl\Sebastian-Prodl,at AUT,DF,Watford,32,1987,0.6,0,0.00,0,0,0,0,0,0,0.00,0,0,0,0,0,0,Matches
356,Davy Pröpper\Davy-Propper,nl NED,MF,Brighton,27,1991,26.0,58,2.23,53,0,1,2,2,4,0.15,4,0,0,0,0,0,Matches
357,Teemu Pukki\Teemu-Pukki,fi FIN,FW,Norwich City,29,1990,27.6,47,1.70,38,0,4,3,1,5,0.18,3,0,1,0,0,1,Matches
358,Christian Pulisic\Christian-Pulisic,us USA,FW,Chelsea,20,1998,12.0,48,4.01,32,0,10,2,4,5,0.42,4,0,0,1,0,0,Matches
359,Ignacio Pussetto\Ignacio-Pussetto,ar ARG,FWMF,Watford,23,1995,0.6,0,0.00,0,0,0,0,0,0,0.00,0,0,0,0,0,0,Matches
360,Domingos Quina\Domingos-Quina,pt POR,MF,Watford,19,1999,0.2,0,0.00,0,0,0,0,0,0,0.00,0,0,0,0,0,0,Matches
361,Aaron Ramsdale\Aaron-Ramsdale,eng ENG,GK,Bournemouth,21,1998,28.0,2,0.07,0,2,0,0,0,0,0.00,0,0,0,0,0,0,Matches
362,Darren Randolph\Darren-Randolph,ie IRL,GK,West Ham,32,1987,2.0,0,0.00,0,0,0,0,0,0,0.00,0,0,0,0,0,0,Matches
363,Marcus Rashford\Marcus-Rashford,eng ENG,FW,Manchester Utd,21,1997,20.9,65,3.11,41,2,10,2,9,14,0.67,6,0,3,0,4,1,Matches
364,Nathan Redmond\Nathan-Redmond,eng ENG,MFFW,Southampton,25,1994,21.8,70,3.21,46,0,11,4,9,3,0.14,2,0,0,0,1,0,Matches
365,Pepe Reina\Pepe-Reina,es ESP,GK,Aston Villa,36,1982,6.0,2,0.33,2,0,0,0,0,1,0.17,1,0,0,0,0,0,Matches
366,Declan Rice\Declan-Rice,eng ENG,MF,West Ham,20,1999,29.0,25,0.86,25,0,0,0,0,4,0.14,4,0,0,0,0,0,Matches
367,Richarlison\Richarlison,br BRA,FW,Everton,22,1997,26.2,64,2.44,42,0,7,5,9,8,0.31,5,0,1,1,0,1,Matches
368,Diego Rico\Diego-Rico,es ESP,DF,Bournemouth,26,1993,19.9,38,1.91,16,21,0,0,0,4,0.20,2,1,0,0,0,1,Matches
369,Jaïro Riedewald\Jairo-Riedewald,nl NED,DF,Crystal Palace,22,1996,6.8,4,0.59,4,0,0,0,0,0,0.00,0,0,0,0,0,0,Matches
370,Matt Ritchie\Matt-Ritchie,sco SCO,DFMF,Newcastle Utd,29,1989,7.9,26,3.28,7,18,0,1,0,1,0.13,1,0,0,0,0,0,Matches
371,Roberto\Roberto,es ESP,GK,West Ham,33,1986,7.6,0,0.00,0,0,0,0,0,0,0.00,0,0,0,0,0,0,Matches
372,Patrick Roberts\Patrick-Roberts,eng ENG,MFFW,Norwich City,22,1997,0.3,1,3.91,0,0,0,0,1,0,0.00,0,0,0,0,0,0,Matches
373,Andrew Robertson\Andrew-Robertson,sco SCO,DF,Liverpool,25,1994,27.2,78,2.87,68,6,3,1,0,13,0.48,11,0,2,0,0,0,Matches
374,Callum Robinson\Callum-Robinson,ie IRL,FW,Sheffield Utd,24,1995,7.5,11,1.46,9,0,0,1,0,2,0.27,1,0,0,0,0,1,Matches
375,Rodri\Rodri,es ESP,MFDF,Manchester City,23,1996,21.7,49,2.25,43,0,2,1,3,2,0.09,2,0,0,0,0,0,Matches
376,Jay Rodriguez\Jay-Rodriguez,eng ENG,FW,Burnley,30,1989,15.3,19,1.24,12,0,2,2,3,4,0.26,3,0,0,1,0,0,Matches
377,Marcos Rojo\Marcos-Rojo,ar ARG,DF,Manchester Utd,29,1990,1.3,0,0.00,0,0,0,0,0,0,0.00,0,0,0,0,0,0,Matches
378,Oriol Romeu\Oriol-Romeu,es ESP,MF,Southampton,27,1991,14.5,18,1.24,16,1,1,0,0,0,0.00,0,0,0,0,0,0,Matches
379,Danny Rose\Danny-Rose,eng ENG,DF,Newcastle Utd,29,1990,3.9,4,1.02,4,0,0,0,0,0,0.00,0,0,0,0,0,0,Matches
380,Danny Rose\Danny-Rose,eng ENG,DF,Tottenham,29,1990,9.9,15,1.51,11,2,0,0,2,0,0.00,0,0,0,0,0,0,Matches
381,Antonio Rüdiger\Antonio-Rudiger,de GER,DF,Chelsea,26,1993,12.5,5,0.40,5,0,0,0,0,0,0.00,0,0,0,0,0,0,Matches
382,Lukas Rupp\Lukas-Rupp,de GER,FW,Norwich City,28,1991,3.8,7,1.86,7,0,0,0,0,0,0.00,0,0,0,0,0,0,Matches
383,Mathew Ryan\Mathew-Ryan,au AUS,GK,Brighton,27,1992,29.0,4,0.14,3,1,0,0,0,3,0.10,2,1,0,0,0,0,Matches
384,Allan Saint-Maximin\Allan-Saint-Maximin,fr FRA,MFFW,Newcastle Utd,22,1997,14.2,56,3.96,33,0,14,5,4,3,0.21,2,0,0,1,0,0,Matches
385,Romain Saïss\Romain-Saiss,ma MAR,DF,Wolves,29,1990,22.1,21,0.95,16,0,1,3,0,2,0.09,0,0,0,1,0,1,Matches
386,Bukayo Saka\Bukayo-Saka,eng ENG,DFFW,Arsenal,17,2001,13.0,32,2.45,24,1,4,1,2,5,0.38,4,0,1,0,0,0,Matches
387,Mamadou Sakho\Mamadou-Sakho,fr FRA,DFMF,Crystal Palace,29,1990,5.2,1,0.19,1,0,0,0,0,0,0.00,0,0,0,0,0,0,Matches
388,Mohamed Salah\Mohamed-Salah,eg EGY,FW,Liverpool,27,1992,25.0,90,3.60,55,4,19,8,4,12,0.48,4,2,4,1,1,0,Matches
389,Mbwana Samatta\Mbwana-Samatta,tz TAN,FW,Aston Villa,26,1992,3.9,8,2.04,5,0,1,0,1,1,0.25,0,0,0,0,0,1,Matches
390,Carlos Sánchez\Carlos-Sanchez,co COL,MFDF,West Ham,33,1986,1.3,1,0.80,1,0,0,0,0,0,0.00,0,0,0,0,0,0,Matches
391,Davinson Sánchez\Davinson-Sanchez,co COL,DF,Tottenham,23,1996,21.0,4,0.19,3,0,0,1,0,0,0.00,0,0,0,0,0,0,Matches
392,Ismaila Sarr\Ismaila-Sarr,sn SEN,FWMF,Watford,21,1998,13.6,50,3.67,37,1,3,3,6,5,0.37,4,0,0,0,1,0,Matches
393,Fabian Schär\Fabian-Schar,ch SUI,DF,Newcastle Utd,27,1991,15.5,13,0.84,10,0,1,2,0,3,0.19,2,0,0,1,0,0,Matches
394,Ezequiel Schelotto\Ezequiel-Schelotto,it ITA,DF,Brighton,30,1989,3.2,3,0.93,1,0,0,1,1,1,0.31,0,0,0,0,1,0,Matches
395,Jeffrey Schlupp\Jeffrey-Schlupp,gh GHA,MFDF,Crystal Palace,26,1992,9.5,13,1.36,9,0,1,1,2,2,0.21,2,0,0,0,0,0,Matches
396,Kasper Schmeichel\Kasper-Schmeichel,dk DEN,GK,Leicester City,32,1986,29.0,2,0.07,1,1,0,0,0,0,0.00,0,0,0,0,0,0,Matches
397,Morgan Schneiderlin\Morgan-Schneiderlin,fr FRA,MF,Everton,29,1989,11.1,17,1.53,15,0,1,1,0,1,0.09,1,0,0,0,0,0,Matches
398,Ryan Sessegnon\Ryan-Sessegnon,eng ENG,DF,Tottenham,19,2000,3.8,4,1.06,4,0,0,0,0,1,0.26,1,0,0,0,0,0,Matches
399,Xherdan Shaqiri\Xherdan-Shaqiri,ch SUI,FW,Liverpool,27,1991,1.9,3,1.55,2,1,0,0,0,0,0.00,0,0,0,0,0,0,Matches
400,Billy Sharp\Billy-Sharp,eng ENG,FW,Sheffield Utd,33,1986,7.4,20,2.71,12,0,2,2,4,1,0.14,0,0,0,1,0,0,Matches
401,Luke Shaw\Luke-Shaw,eng ENG,DF,Manchester Utd,24,1995,13.7,29,2.11,24,3,0,1,1,1,0.07,1,0,0,0,0,0,Matches
402,Jonjo Shelvey\Jonjo-Shelvey,eng ENG,MF,Newcastle Utd,27,1992,14.9,38,2.55,27,8,2,1,0,2,0.13,0,1,1,0,0,0,Matches
403,Djibril Sidibé\Djibril-Sidibe,fr FRA,DF,Everton,27,1992,18.2,33,1.81,28,3,0,0,2,4,0.22,4,0,0,0,0,0,Matches
404,Gylfi Sigurðsson\Gylfi-Sigurdsson,is ISL,MF,Everton,29,1989,22.2,69,3.11,25,28,4,10,2,7,0.32,4,1,1,1,0,0,Matches
405,Bernardo Silva\Bernardo-Silva,pt POR,FWMF,Manchester City,24,1994,16.6,68,4.09,57,2,6,2,1,9,0.54,7,0,2,0,0,0,Matches
406,David Silva\David-Silva,es ESP,MF,Manchester City,33,1986,14.0,70,5.00,60,1,4,3,2,10,0.71,7,1,1,1,0,0,Matches
407,Jack Simpson\Jack-Simpson,eng ENG,DF,Bournemouth,22,1997,2.6,0,0.00,0,0,0,0,0,0,0.00,0,0,0,0,0,0,Matches
408,Moussa Sissoko\Moussa-Sissoko,fr FRA,MF,Tottenham,29,1989,18.8,19,1.01,18,0,1,0,0,2,0.11,2,0,0,0,0,0,Matches
409,Oliver Skipp\Oliver-Skipp,eng ENG,MFDF,Tottenham,18,2000,0.6,0,0.00,0,0,0,0,0,0,0.00,0,0,0,0,0,0,Matches
410,William Smallbone\William-Smallbone,ie IRL,MF,Southampton,19,2000,1.8,0,0.00,0,0,0,0,0,0,0.00,0,0,0,0,0,0,Matches
411,Adam Smith\Adam-Smith,eng ENG,DF,Bournemouth,28,1991,17.3,16,0.92,14,0,1,0,1,1,0.06,1,0,0,0,0,0,Matches
412,Emile Smith-Rowe\Emile-Smith-Rowe,eng ENG,MF,Arsenal,19,2000,1.1,0,0.00,0,0,0,0,0,0,0.00,0,0,0,0,0,0,Matches
413,Robert Snodgrass\Robert-Snodgrass,sco SCO,MFFW,West Ham,31,1987,16.8,51,3.04,19,24,3,1,4,7,0.42,3,4,0,0,0,0,Matches
414,Cédric Soares\Cedric-Soares,pt POR,DF,Southampton,27,1991,14.5,23,1.58,21,2,0,0,0,2,0.14,1,1,0,0,0,0,Matches
415,Dominic Solanke\Dominic-Solanke,eng ENG,FWMF,Bournemouth,21,1997,13.1,32,2.44,25,0,1,3,3,3,0.23,2,0,0,1,0,0,Matches
416,Tomáš Souček\Tomas-Soucek,cz CZE,MF,West Ham,24,1995,2.6,1,0.39,0,0,0,0,1,0,0.00,0,0,0,0,0,0,Matches
417,Çağlar Söyüncü\Caglar-Soyuncu,tr TUR,DF,Leicester City,23,1996,28.0,11,0.39,9,0,0,2,0,0,0.00,0,0,0,0,0,0,Matches
418,Dennis Srbeny\Dennis-Srbeny,de GER,MFFW,Norwich City,25,1994,0.4,0,0.00,0,0,0,0,0,0,0.00,0,0,0,0,0,0,Matches
419,Jack Stacey\Jack-Stacey,eng ENG,DF,Bournemouth,23,1996,11.9,12,1.01,11,0,1,0,0,2,0.17,2,0,0,0,0,0,Matches
420,Junior Stanislas\Junior-Stanislas,eng ENG,MFFW,Bournemouth,29,1989,2.5,5,2.02,3,1,1,0,0,0,0.00,0,0,0,0,0,0,Matches
421,Jed Steer\Jed-Steer,eng ENG,GK,Aston Villa,26,1992,0.1,0,0.00,0,0,0,0,0,0,0.00,0,0,0,0,0,0,Matches
422,Dale Stephens\Dale-Stephens,eng ENG,MF,Brighton,30,1989,21.6,33,1.53,31,0,0,2,0,3,0.14,3,0,0,0,0,0,Matches
423,Jack Stephens\Jack-Stephens,eng ENG,DF,Southampton,25,1994,20.3,10,0.49,8,1,1,0,0,3,0.15,3,0,0,0,0,0,Matches
424,Raheem Sterling\Raheem-Sterling,eng ENG,FW,Manchester City,24,1994,22.5,89,3.96,65,0,8,9,7,7,0.31,5,0,0,1,1,0,Matches
425,Enda Stevens\Enda-Stevens,ie IRL,DF,Sheffield Utd,29,1990,27.2,57,2.10,44,6,4,3,0,6,0.22,5,0,1,0,0,0,Matches
426,Marco Stiepermann\Marco-Stiepermann,de GER,MF,Norwich City,28,1991,10.4,28,2.69,22,0,5,1,0,2,0.19,2,0,0,0,0,0,Matches
427,John Stones\John-Stones,eng ENG,DF,Manchester City,25,1994,10.1,10,0.99,10,0,0,0,0,0,0.00,0,0,0,0,0,0,Matches
428,Isaac Success\Isaac-Success,ng NGA,FWMF,Watford,23,1996,0.7,4,5.54,2,0,0,1,1,0,0.00,0,0,0,0,0,0,Matches
429,Ki Sung-yueng\Ki-Sung-yueng,kr KOR,MF,Newcastle Utd,30,1989,1.5,2,1.32,1,1,0,0,0,0,0.00,0,0,0,0,0,0,Matches
430,Andrew Surman\Andrew-Surman,eng ENG,MF,Bournemouth,32,1986,2.6,1,0.38,1,0,0,0,0,0,0.00,0,0,0,0,0,0,Matches
431,Sam Surridge\Sam-Surridge,eng ENG,FW,Bournemouth,21,1998,0.2,0,0.00,0,0,0,0,0,0,0.00,0,0,0,0,0,0,Matches
432,Japhet Tanganga\Japhet-Tanganga,eng ENG,DF,Tottenham,20,1999,5.8,2,0.34,2,0,0,0,0,0,0.00,0,0,0,0,0,0,Matches
433,Matt Targett\Matt-Targett,eng ENG,DF,Aston Villa,23,1995,18.8,44,2.34,36,6,0,1,1,4,0.21,3,0,0,1,0,0,Matches
434,James Tarkowski\James-Tarkowski,eng ENG,DF,Burnley,26,1992,29.0,18,0.62,15,0,0,3,0,4,0.14,2,0,0,2,0,0,Matches
435,Charlie Taylor\Charlie-Taylor,eng ENG,DF,Burnley,25,1993,15.3,17,1.11,16,0,0,0,1,0,0.00,0,0,0,0,0,0,Matches
436,Neil Taylor\Neil-Taylor,wal WAL,DF,Aston Villa,30,1989,8.8,5,0.57,5,0,0,0,0,2,0.23,2,0,0,0,0,0,Matches
437,Alexander Tettey\Alexander-Tettey,no NOR,MFDF,Norwich City,33,1986,19.9,14,0.70,12,0,0,2,0,1,0.05,1,0,0,0,0,0,Matches
438,Youri Tielemans\Youri-Tielemans,be BEL,MF,Leicester City,22,1997,23.9,63,2.63,58,1,0,1,3,8,0.33,8,0,0,0,0,0,Matches
439,Kieran Tierney\Kieran-Tierney,sco SCO,DF,Arsenal,22,1997,3.3,7,2.11,5,0,2,0,0,0,0.00,0,0,0,0,0,0,Matches
440,James Tomkins\James-Tomkins,eng ENG,DF,Crystal Palace,30,1989,17.6,5,0.28,4,0,0,0,1,1,0.06,1,0,0,0,0,0,Matches
441,Fikayo Tomori\Fikayo-Tomori,eng ENG,DF,Chelsea,21,1997,14.4,14,0.97,14,0,0,0,0,0,0.00,0,0,0,0,0,0,Matches
442,Lucas Torreira\Lucas-Torreira,uy URU,MF,Arsenal,23,1996,15.2,28,1.84,19,3,2,2,2,2,0.13,2,0,0,0,0,0,Matches
443,Cenk Tosun\Cenk-Tosun,tr TUR,FW,Everton,28,1991,3.2,7,2.17,6,0,1,0,0,0,0.00,0,0,0,0,0,0,Matches
444,Cenk Tosun\Cenk-Tosun,tr TUR,FW,Crystal Palace,28,1991,2.0,2,1.02,0,0,1,1,0,0,0.00,0,0,0,0,0,0,Matches
445,Andros Townsend\Andros-Townsend,eng ENG,MF,Crystal Palace,28,1991,8.8,12,1.36,10,0,0,1,1,2,0.23,2,0,0,0,0,0,Matches
446,Adama Traoré\Adama-Traore,es ESP,FWDF,Wolves,23,1996,23.0,72,3.13,52,0,12,0,8,11,0.48,8,0,1,0,2,0,Matches
447,Mark Travers\Mark-Travers,ie IRL,GK,Bournemouth,20,1999,1.0,0,0.00,0,0,0,0,0,0,0.00,0,0,0,0,0,0,Matches
448,Trézéguet\Trezeguet,eg EGY,FWMF,Aston Villa,24,1994,14.7,35,2.38,20,2,5,4,4,2,0.14,1,0,0,0,1,0,Matches
449,Leandro Trossard\Leandro-Trossard,be BEL,FWMF,Brighton,24,1994,16.0,64,3.99,45,9,4,3,2,9,0.56,4,2,1,1,0,1,Matches
450,Tom Trybull\Tom-Trybull,de GER,MF,Norwich City,26,1993,11.4,8,0.70,6,0,1,1,0,1,0.09,1,0,0,0,0,0,Matches
451,Axel Tuanzebe\Axel-Tuanzebe,eng ENG,DF,Manchester Utd,21,1997,2.1,2,0.97,1,0,0,0,1,0,0.00,0,0,0,0,0,0,Matches
452,Yan Valery\Yan-Valery,fr FRA,DF,Southampton,20,1999,7.2,4,0.56,3,0,1,0,0,0,0.00,0,0,0,0,0,0,Matches
453,Jesús Vallejo\Jesus-Vallejo,es ESP,DF,Wolves,22,1997,1.8,0,0.00,0,0,0,0,0,0,0.00,0,0,0,0,0,0,Matches
454,Jamie Vardy\Jamie-Vardy,eng ENG,FW,Leicester City,32,1987,24.7,40,1.62,25,0,8,3,3,11,0.45,5,0,2,1,2,1,Matches
455,Indiana Vassilev\Indiana-Vassilev,us USA,FW,Aston Villa,18,2001,0.4,0,0.00,0,0,0,0,0,0,0.00,0,0,0,0,0,0,Matches
456,Jan Vertonghen\Jan-Vertonghen,be BEL,DF,Tottenham,32,1987,17.2,8,0.47,7,1,0,0,0,1,0.06,1,0,0,0,0,0,Matches
457,Jannik Vestergaard\Jannik-Vestergaard,dk DEN,DF,Southampton,26,1992,12.6,5,0.40,5,0,0,0,0,1,0.08,1,0,0,0,0,0,Matches
458,Rúben Vinagre\Ruben-Vinagre,pt POR,DF,Wolves,20,1999,5.9,8,1.36,6,1,1,0,0,0,0.00,0,0,0,0,0,0,Matches
459,Mario Vrančić\Mario-Vrancic,ba BIH,MF,Norwich City,30,1989,4.2,17,4.04,12,0,0,4,1,0,0.00,0,0,0,0,0,0,Matches
460,Matěj Vydra\Matej-Vydra,cz CZE,FW,Burnley,27,1992,3.7,9,2.45,5,0,2,0,2,3,0.82,1,0,2,0,0,0,Matches
461,Theo Walcott\Theo-Walcott,eng ENG,MFFW,Everton,30,1989,11.9,24,2.02,17,0,2,3,2,3,0.25,2,0,0,1,0,0,Matches
462,Kyle Walker\Kyle-Walker,eng ENG,DF,Manchester City,29,1990,20.1,30,1.49,29,0,0,0,1,4,0.20,4,0,0,0,0,0,Matches
463,Kyle Walker-Peters\Kyle-Walker-Peters,eng ENG,DF,Tottenham,22,1997,2.7,6,2.23,4,0,0,1,1,0,0.00,0,0,0,0,0,0,Matches
464,Kyle Walker-Peters\Kyle-Walker-Peters,eng ENG,DF,Southampton,22,1997,0.8,0,0.00,0,0,0,0,0,0,0.00,0,0,0,0,0,0,Matches
465,Aaron Wan-Bissaka\Aaron-Wan-Bissaka,eng ENG,DF,Manchester Utd,21,1997,25.9,38,1.47,31,2,5,0,0,4,0.15,3,0,1,0,0,0,Matches
466,Victor Wanyama\Victor-Wanyama,ke KEN,MF,Tottenham,28,1991,0.3,1,3.91,1,0,0,0,0,0,0.00,0,0,0,0,0,0,Matches
467,Joel Ward\Joel-Ward,eng ENG,DF,Crystal Palace,29,1989,17.5,6,0.34,5,0,0,0,0,1,0.06,0,0,0,0,0,1,Matches
468,James Ward-Prowse\James-Ward-Prowse,eng ENG,MFDF,Southampton,24,1994,29.0,76,2.62,36,34,0,4,2,5,0.17,1,2,0,1,1,0,Matches
469,Adam Webster\Adam-Webster,eng ENG,DF,Brighton,24,1995,22.4,19,0.85,18,1,0,0,0,1,0.04,1,0,0,0,0,0,Matches
470,Danny Welbeck\Danny-Welbeck,eng ENG,FWMF,Watford,28,1990,3.1,4,1.30,2,0,2,0,0,0,0.00,0,0,0,0,0,0,Matches
471,Ashley Westwood\Ashley-Westwood,eng ENG,MF,Burnley,29,1990,26.0,66,2.54,40,22,0,2,1,8,0.31,3,4,0,0,0,1,Matches
472,Connor Wickham\Connor-Wickham,eng ENG,FWMF,Crystal Palace,26,1993,1.0,2,2.00,2,0,0,0,0,0,0.00,0,0,0,0,0,0,Matches
473,Georginio Wijnaldum\Georginio-Wijnaldum,nl NED,MF,Liverpool,28,1990,25.9,34,1.31,28,0,5,0,1,2,0.08,2,0,0,0,0,0,Matches
474,Jetro Willems\Jetro-Willems,nl NED,DF,Newcastle Utd,25,1994,16.6,34,2.04,27,3,4,0,0,6,0.36,4,1,1,0,0,0,Matches
475,Brandon Williams\Brandon-Williams,eng ENG,DF,Manchester Utd,18,2000,8.4,22,2.61,19,1,1,0,1,1,0.12,0,0,0,0,1,0,Matches
476,Willian\Willian,br BRA,FW,Chelsea,30,1988,21.4,99,4.62,70,17,6,0,6,9,0.42,7,1,0,0,1,0,Matches
477,Joe Willock\Joe-Willock,eng ENG,MF,Arsenal,19,1999,6.4,27,4.23,23,0,2,1,1,2,0.31,2,0,0,0,0,0,Matches
478,Jack Wilshere\Jack-Wilshere,eng ENG,MF,West Ham,27,1992,1.9,1,0.51,1,0,0,0,0,1,0.51,1,0,0,0,0,0,Matches
479,Callum Wilson\Callum-Wilson,eng ENG,FW,Bournemouth,27,1992,26.1,52,1.99,39,0,3,5,5,5,0.19,1,0,1,1,2,0,Matches
480,Harry Wilson\Harry-Wilson,wal WAL,MFFW,Bournemouth,22,1997,16.1,41,2.55,29,3,1,1,7,3,0.19,1,0,0,1,1,0,Matches
481,Harry Winks\Harry-Winks,eng ENG,MF,Tottenham,23,1996,17.7,29,1.64,26,3,0,0,0,4,0.23,4,0,0,0,0,0,Matches
482,Chris Wood\Chris-Wood,nz NZL,FW,Burnley,27,1991,23.0,45,1.96,29,0,5,3,8,3,0.13,3,0,0,0,0,0,Matches
483,Granit Xhaka\Granit-Xhaka,ch SUI,MF,Arsenal,26,1992,21.2,31,1.46,25,1,2,1,2,3,0.14,2,0,0,0,1,0,Matches
484,Andriy Yarmolenko\Andriy-Yarmolenko,ua UKR,MF,West Ham,29,1989,9.2,27,2.93,22,0,3,1,1,6,0.65,4,0,2,0,0,0,Matches
485,DeAndre Yedlin\DeAndre-Yedlin,us USA,DF,Newcastle Utd,26,1993,8.6,12,1.40,10,0,1,0,1,0,0.00,0,0,0,0,0,0,Matches
486,Maya Yoshida\Maya-Yoshida,jp JPN,DF,Southampton,30,1988,6.2,1,0.16,1,0,0,0,0,0,0.00,0,0,0,0,0,0,Matches
487,Ashley Young\Ashley-Young,eng ENG,DF,Manchester Utd,34,1985,10.6,25,2.36,11,13,0,0,1,0,0.00,0,0,0,0,0,0,Matches
488,Pablo Zabaleta\Pablo-Zabaleta,ar ARG,DF,West Ham,34,1985,6.5,5,0.76,5,0,0,0,0,0,0.00,0,0,0,0,0,0,Matches
489,Wilfried Zaha\Wilfried-Zaha,ci CIV,MFFW,Crystal Palace,26,1992,28.3,81,2.86,46,0,19,5,10,6,0.21,3,0,0,1,1,1,Matches
490,Christoph Zimmermann\Christoph-Zimmermann,de GER,DF,Norwich City,26,1993,14.4,0,0.00,0,0,0,0,0,0,0.00,0,0,0,0,0,0,Matches
491,Oleksandr Zinchenko\Oleksandr-Zinchenko,ua UKR,DF,Manchester City,22,1996,10.1,21,2.09,21,0,0,0,0,3,0.30,3,0,0,0,0,0,Matches
492,Kurt Zouma\Kurt-Zouma,fr FRA,DF,Chelsea,24,1994,20.0,9,0.45,7,0,0,1,1,0,0.00,0,0,0,0,0,0,Matches