Rk,Player,Nation,Pos,Squad,Age,Born,90s,Touches,Def Pen,Def 3rd,Mid 3rd,Att 3rd,Att Pen,Live,Succ,Att,Succ%,#Pl,Megs,Carries,TotDist,PrgDist,Targ,Rec,Rec%,Miscon,Dispos,Matches
1,Patrick van Aanholt\Patrick-van-Aanholt,nl NED,DF,Crystal Palace,28,1990,21.0,1398,65,417,670,390,41,1113,11,23,47.8,11,2,751,4175,2235,826,765,92.6,14,13,Matches
2,Max Aarons\Max-Aarons,eng ENG,DF,Norwich City,19,2000,27.0,1628,125,561,712,490,43,1382,36,75,48.0,41,1,1008,7329,4355,1072,952,88.8,30,42,Matches
3,Tammy Abraham\Tammy-Abraham,eng ENG,FW,Chelsea,21,1997,21.6,641,29,52,311,301,140,599,19,33,57.6,20,0,381,2038,1029,943,432,45.8,64,42,Matches
4,Che Adams\Che-Adams,eng ENG,FW,Southampton,23,1996,8.1,284,8,25,135,143,35,279,10,18,55.6,10,1,200,1179,530,457,199,43.5,34,19,Matches
5,Adrián\Adrian,es ESP,GK,Liverpool,32,1987,9.7,338,300,338,0,0,0,244,0,0,,0,0,163,639,356,155,154,99.4,0,0,Matches
6,Sergio Agüero\Sergio-Aguero,ar ARG,FW,Manchester City,31,1988,15.6,548,2,18,198,371,148,527,27,45,60.0,28,2,409,2453,1356,753,428,56.8,24,39,Matches
7,Albian Ajeti\Albian-Ajeti,ch SUI,MFFW,West Ham,22,1997,1.4,32,0,1,9,23,8,31,0,0,,0,0,16,75,16,62,23,37.1,5,3,Matches
8,Nathan Aké\Nathan-Ake,nl NED,DF,Bournemouth,24,1995,22.4,1239,234,769,466,78,30,1193,4,4,100.0,4,0,681,4022,2153,761,727,95.5,6,4,Matches
9,Marc Albrighton\Marc-Albrighton,eng ENG,MF,Leicester City,29,1989,5.3,370,6,57,155,184,13,359,7,19,36.8,9,1,268,1682,799,306,256,83.7,6,10,Matches
10,Toby Alderweireld\Toby-Alderweireld,be BEL,DF,Tottenham,30,1989,26.9,1953,307,1048,898,108,17,1880,0,2,0.0,0,0,1190,5773,2723,1317,1288,97.8,3,2,Matches
11,Trent Alexander-Arnold\Trent-Alexander-Arnold,eng ENG,DF,Liverpool,20,1998,28.3,2856,96,695,1342,998,55,2335,22,46,47.8,25,4,1709,7872,4873,1904,1802,94.6,28,20,Matches
12,Alisson\Alisson,br BRA,GK,Liverpool,26,1992,19.3,689,581,685,5,0,0,524,0,0,,0,0,381,1530,803,343,340,99.1,1,0,Matches
13,Dele Alli\Dele-Alli,eng ENG,MFFW,Tottenham,23,1996,19.6,1064,35,165,547,432,91,1009,32,63,50.8,36,7,703,4298,2317,1036,720,69.5,43,54,Matches
14,Miguel Almirón\Miguel-Almiron,py PAR,FWMF,Newcastle Utd,25,1994,26.4,1000,37,256,405,464,71,990,42,85,49.4,50,4,767,7297,4186,1007,668,66.3,49,44,Matches
15,Marcos Alonso\Marcos-Alonso,es ESP,DF,Chelsea,28,1990,9.5,824,19,217,361,296,43,715,5,9,55.6,5,0,524,2823,1578,573,507,88.5,11,15,Matches
16,Steven Alzate\Steven-Alzate,co COL,MFDF,Brighton,20,1998,13.1,838,31,215,406,272,44,787,33,50,66.0,35,4,618,3821,2140,638,557,87.3,20,28,Matches
17,Ibrahim Amadou\Ibrahim-Amadou,fr FRA,DFMF,Norwich City,26,1993,8.4,470,107,329,143,14,4,464,2,3,66.7,2,0,253,1003,474,297,289,97.3,1,1,Matches
18,Felipe Anderson\Felipe-Anderson,br BRA,MFFW,West Ham,26,1993,15.7,1113,24,155,591,497,67,1089,65,96,67.7,69,5,892,7147,4447,998,852,85.4,32,32,Matches
19,Florin Andone\Florin-Andone,ro ROU,MFFW,Brighton,26,1993,0.8,29,3,4,12,16,7,28,2,4,50.0,2,0,17,218,150,33,16,48.5,5,2,Matches
20,Angeliño\Angelino,es ESP,DF,Manchester City,22,1997,4.7,477,16,98,199,214,10,429,5,8,62.5,5,2,321,1545,942,361,343,95.0,3,4,Matches
21,Faustino Anjorin\Faustino-Anjorin,eng ENG,FW,Chelsea,17,2001,0.2,12,0,1,5,6,2,12,1,1,100.0,1,0,10,67,40,11,8,72.7,0,1,Matches
22,Michail Antonio\Michail-Antonio,eng ENG,FWMF,West Ham,29,1990,11.4,496,8,32,180,324,74,480,49,72,68.1,49,0,369,2932,1750,674,361,53.6,49,29,Matches
23,Stuart Armstrong\Stuart-Armstrong,sco SCO,MF,Southampton,27,1992,12.7,593,27,109,274,247,30,576,19,36,52.8,20,1,389,2822,1512,500,376,75.2,26,23,Matches
24,Kepa Arrizabalaga\Kepa-Arrizabalaga,es ESP,GK,Chelsea,24,1994,25.0,856,757,852,4,0,0,661,0,0,,0,0,517,1865,1077,483,483,100.0,0,0,Matches
25,Christian Atsu\Christian-Atsu,gh GHA,FWMF,Newcastle Utd,27,1992,8.1,327,12,80,129,157,20,319,19,40,47.5,21,1,252,1947,1154,316,212,67.1,21,19,Matches
26,Pierre-Emerick Aubameyang\Pierre-Emerick-Aubameyang,ga GAB,FW,Arsenal,30,1989,25.6,935,20,112,380,510,133,903,19,37,51.4,23,0,665,4885,3071,1165,703,60.3,41,33,Matches
27,Serge Aurier\Serge-Aurier,ci CIV,DF,Tottenham,26,1992,21.3,1481,80,422,625,501,39,1285,43,64,67.2,43,7,872,4094,2294,912,803,88.0,28,19,Matches
28,Jordan Ayew\Jordan-Ayew,gh GHA,FWMF,Crystal Palace,27,1991,26.6,1021,23,135,504,474,105,996,59,95,62.1,61,2,744,5763,2894,1280,718,56.1,79,74,Matches
29,César Azpilicueta\Cesar-Azpilicueta,es ESP,DF,Chelsea,29,1989,26.9,2389,88,715,1136,632,79,2071,13,19,68.4,15,0,1417,4881,2736,1577,1475,93.5,19,10,Matches
30,Eric Bailly\Eric-Bailly,ci CIV,DF,Manchester Utd,25,1994,1.1,47,10,24,25,0,0,47,1,1,100.0,1,0,24,104,62,21,21,100.0,0,1,Matches
31,Leighton Baines\Leighton-Baines,eng ENG,DF,Everton,34,1984,3.7,218,22,54,75,95,1,172,1,2,50.0,2,0,112,439,257,121,111,91.7,3,3,Matches
32,Fabián Balbuena\Fabian-Balbuena,py PAR,DF,West Ham,27,1991,12.0,602,85,320,287,27,16,586,0,0,,0,0,294,1667,924,326,311,95.4,2,0,Matches
33,George Baldock\George-Baldock,eng ENG,DF,Sheffield Utd,26,1993,28.0,1444,77,314,514,683,47,1218,30,52,57.7,32,0,857,5516,2795,922,769,83.4,24,27,Matches
34,Phil Bardsley\Phil-Bardsley,sco SCO,DF,Burnley,34,1985,14.0,712,66,200,388,155,6,554,4,6,66.7,4,0,283,1608,827,307,284,92.5,5,5,Matches
35,Ross Barkley\Ross-Barkley,eng ENG,MF,Chelsea,25,1993,7.5,521,10,55,265,241,35,514,21,30,70.0,22,0,433,2494,1194,457,411,89.9,15,29,Matches
36,Ashley Barnes\Ashley-Barnes,at AUT,FW,Burnley,29,1989,15.1,435,15,45,195,213,55,426,11,17,64.7,13,0,257,1055,452,706,298,42.2,41,20,Matches
37,Harvey Barnes\Harvey-Barnes,eng ENG,MF,Leicester City,21,1997,19.1,825,12,84,330,481,119,823,32,68,47.1,37,3,645,5205,3593,903,665,73.6,39,31,Matches
38,Chris Basham\Chris-Basham,eng ENG,DF,Sheffield Utd,31,1988,27.1,1470,188,595,679,269,34,1337,21,24,87.5,21,0,709,3931,2063,729,658,90.3,11,11,Matches
39,Borja Bastón\Borja-Baston,es ESP,MFFW,Aston Villa,26,1992,0.2,7,1,1,5,3,1,7,0,0,,0,0,5,30,19,7,4,57.1,1,0,Matches
40,Michy Batshuayi\Michy-Batshuayi,be BEL,FW,Chelsea,25,1993,2.5,120,2,13,54,61,32,114,4,8,50.0,6,0,84,522,300,181,87,48.1,10,4,Matches
41,Jan Bednarek\Jan-Bednarek,pl POL,DF,Southampton,23,1996,27.0,1490,213,750,749,36,13,1439,2,2,100.0,2,0,655,2775,1322,709,698,98.4,4,0,Matches
42,Héctor Bellerín\Hector-Bellerin,es ESP,DF,Arsenal,24,1995,6.9,499,19,154,262,120,14,425,6,15,40.0,9,2,311,1807,1114,341,314,92.1,6,7,Matches
43,Ryan Bennett\Ryan-Bennett,eng ENG,DF,Wolves,29,1990,6.7,315,50,166,134,27,7,300,0,0,,0,0,144,477,235,162,157,96.9,0,3,Matches
44,Nabil Bentaleb\Nabil-Bentaleb,dz ALG,MF,Newcastle Utd,24,1994,3.0,164,8,41,109,18,2,158,1,2,50.0,1,0,102,404,168,107,101,94.4,0,2,Matches
45,Christian Benteke\Christian-Benteke,be BEL,FW,Crystal Palace,28,1990,10.2,398,28,41,174,202,72,388,13,22,59.1,15,0,201,1480,854,546,289,52.9,30,23,Matches
46,Jóhann Berg Guðmundsson\Johann-Berg-Gudmundsson,is ISL,MF,Burnley,28,1990,4.5,157,7,25,45,98,20,149,4,6,66.7,4,1,111,786,367,139,98,70.5,3,4,Matches
47,Sander Berge\Sander-Berge,no NOR,MF,Sheffield Utd,21,1998,2.3,108,3,17,50,49,6,106,3,5,60.0,3,0,67,486,198,83,66,79.5,3,3,Matches
48,Steven Bergwijn\Steven-Bergwijn,nl NED,FWMF,Tottenham,21,1997,4.6,179,2,16,92,84,19,172,4,13,30.8,5,0,120,890,585,190,115,60.5,5,11,Matches
49,Bernard\Bernard,br BRA,MFFW,Everton,26,1992,11.4,606,8,64,305,292,47,594,31,52,59.6,35,1,486,3082,1749,554,442,79.8,28,23,Matches
50,Bernardo\Bernardo,br BRA,DF,Brighton,24,1995,6.0,395,20,133,174,115,13,348,9,11,81.8,10,0,237,1500,866,260,227,87.3,11,9,Matches
51,Ryan Bertrand\Ryan-Bertrand,eng ENG,DF,Southampton,29,1989,22.5,1420,44,287,665,550,41,1121,6,20,30.0,7,1,703,4235,2321,854,738,86.4,24,29,Matches
52,Muhamed Bešić\Muhamed-Besic,ba BIH,MF,Sheffield Utd,26,1992,2.7,137,9,36,59,49,3,136,9,10,90.0,9,0,96,489,174,96,84,87.5,2,2,Matches
53,Philip Billing\Philip-Billing,dk DEN,MF,Bournemouth,23,1996,24.1,1429,123,433,708,358,45,1380,19,34,55.9,21,0,750,4034,1894,910,771,84.7,30,26,Matches
54,Yves Bissouma\Yves-Bissouma,ml MLI,MF,Brighton,22,1996,7.4,482,12,94,283,140,8,476,15,29,51.7,18,1,353,2577,1260,368,334,90.8,17,14,Matches
55,Willy Boly\Willy-Boly,fr FRA,DF,Wolves,28,1991,13.0,674,98,382,305,28,10,662,7,8,87.5,7,0,377,1904,842,397,375,94.5,3,2,Matches
56,Gaëtan Bong\Gaetan-Bong,cm CMR,MFDF,Brighton,31,1988,0.6,44,0,4,18,23,4,41,0,1,0.0,0,0,34,149,83,44,35,79.5,2,2,Matches
57,Sofiane Boufal\Sofiane-Boufal,ma MAR,MFFW,Southampton,25,1993,8.4,513,6,53,199,321,53,505,54,96,56.3,61,3,446,3822,2475,467,381,81.6,21,41,Matches
58,Jarrod Bowen\Jarrod-Bowen,eng ENG,FWMF,West Ham,22,1996,2.0,80,5,20,31,39,9,80,5,9,55.6,5,1,66,716,474,57,44,77.2,4,1,Matches
59,Robbie Brady\Robbie-Brady,ie IRL,MF,Burnley,27,1992,4.4,189,12,43,72,86,9,180,4,10,40.0,5,0,112,641,291,141,107,75.9,8,9,Matches
60,Claudio Bravo\Claudio-Bravo,cl CHI,GK,Manchester City,36,1983,3.8,137,116,136,1,0,0,101,1,1,100.0,1,0,76,283,146,77,76,98.7,0,0,Matches
61,Armando Broja\Armando-Broja,al ALB,FW,Chelsea,17,2001,0.0,5,0,0,1,4,0,5,0,0,,0,0,5,15,1,7,5,71.4,1,1,Matches
62,Josh Brownhill\Josh-Brownhill,eng ENG,MF,Burnley,23,1995,0.0,2,0,1,1,0,0,2,0,0,,0,0,0,0,0,0,0,,0,0,Matches
63,Emi Buendía\Emi-Buendia,ar ARG,FWMF,Norwich City,22,1996,22.4,1667,48,320,796,679,52,1516,93,123,75.6,97,2,1246,7086,4325,1321,1128,85.4,58,76,Matches
64,Dan Burn\Dan-Burn,eng ENG,DF,Brighton,27,1992,23.9,1780,116,596,916,380,24,1565,22,38,57.9,23,1,1026,5631,2996,1150,1073,93.3,19,29,Matches
65,Sam Byram\Sam-Byram,eng ENG,DF,Norwich City,25,1993,14.4,1013,91,384,405,264,41,875,5,14,35.7,7,2,466,2240,1128,585,518,88.5,19,7,Matches
66,Willy Caballero\Willy-Caballero,ar ARG,GK,Chelsea,37,1981,4.0,136,126,136,0,0,0,112,0,0,,0,0,87,303,161,82,82,100.0,0,0,Matches
67,Gary Cahill\Gary-Cahill,eng ENG,DF,Crystal Palace,33,1985,20.0,1004,167,613,398,46,33,975,8,10,80.0,8,0,544,3114,1333,622,601,96.6,7,4,Matches
68,Dominic Calvert-Lewin\Dominic-Calvert-Lewin,eng ENG,FW,Everton,22,1997,21.2,741,27,59,328,393,111,722,10,23,43.5,13,1,378,2523,992,1069,560,52.4,80,32,Matches
69,Víctor Camarasa\Victor-Camarasa,es ESP,MF,Crystal Palace,25,1994,0.1,3,0,0,3,0,0,3,0,0,,0,0,3,28,9,3,3,100.0,0,0,Matches
70,João Cancelo\Joao-Cancelo,pt POR,DF,Manchester City,25,1994,8.7,824,17,167,467,247,15,751,25,37,67.6,26,2,585,3193,1812,610,585,95.9,9,9,Matches
71,Todd Cantwell\Todd-Cantwell,eng ENG,FW,Norwich City,21,1998,23.1,1288,35,232,631,534,86,1263,49,82,59.8,52,1,948,5980,3240,1206,953,79.0,52,45,Matches
72,Étienne Capoue\Etienne-Capoue,fr FRA,MF,Watford,31,1988,23.8,1487,85,394,969,180,12,1445,27,38,71.1,28,1,908,3762,1701,923,872,94.5,7,25,Matches
73,Andy Carroll\Andy-Carroll,eng ENG,FW,Newcastle Utd,30,1989,5.6,253,24,37,110,113,26,249,5,7,71.4,5,1,122,499,141,335,181,54.0,21,16,Matches
74,Jonny Castro\Jonny-Castro,es ESP,DF,Wolves,25,1994,24.4,1403,64,358,617,505,62,1178,22,59,37.3,31,2,812,5142,3317,891,766,86.0,30,36,Matches
75,Craig Cathcart\Craig-Cathcart,nir NIR,DF,Watford,30,1989,26.2,1077,153,583,509,22,10,1056,4,6,66.7,4,0,572,2483,1007,566,551,97.3,3,4,Matches
76,Dani Ceballos\Dani-Ceballos,es ESP,MF,Arsenal,22,1996,10.1,843,21,173,484,265,14,796,16,23,69.6,17,2,645,4361,2338,663,623,94.0,6,16,Matches
77,Nathaniel Chalobah\Nathaniel-Chalobah,eng ENG,MF,Watford,24,1994,8.6,399,25,91,233,91,7,380,6,12,50.0,6,2,208,825,401,230,193,83.9,3,9,Matches
78,Calum Chambers\Calum-Chambers,eng ENG,DF,Arsenal,24,1995,12.3,1028,130,457,429,188,27,936,13,18,72.2,13,1,681,2959,1638,715,678,94.8,7,11,Matches
79,Ben Chilwell\Ben-Chilwell,eng ENG,DF,Leicester City,22,1996,22.9,1983,65,551,989,611,46,1728,19,38,50.0,21,0,1275,8473,5049,1397,1308,93.6,31,32,Matches
80,Tahith Chong\Tahith-Chong,nl NED,FWMF,Manchester Utd,19,1999,0.4,20,1,1,9,11,2,20,1,3,33.3,1,0,20,112,58,23,17,73.9,2,0,Matches
81,Hamza Choudhury\Hamza-Choudhury,eng ENG,MF,Leicester City,21,1997,8.7,553,30,150,332,97,11,546,7,12,58.3,7,0,364,1390,594,376,357,94.9,3,9,Matches
82,Andreas Christensen\Andreas-Christensen,dk DEN,DF,Chelsea,23,1996,14.0,961,110,505,478,37,11,935,0,0,,0,0,649,3501,1827,673,663,98.5,3,1,Matches
83,Ciaran Clark\Ciaran-Clark,ie IRL,DF,Newcastle Utd,29,1989,13.2,495,107,296,185,33,9,471,5,7,71.4,5,1,215,1071,392,223,207,92.8,4,2,Matches
84,Leon Clarke\Leon-Clarke,eng ENG,MF,Sheffield Utd,34,1985,0.1,5,0,2,1,2,1,5,0,0,,0,0,1,5,4,6,4,66.7,0,0,Matches
85,Tom Cleverley\Tom-Cleverley,eng ENG,MF,Watford,29,1989,7.3,397,12,59,195,159,21,386,2,3,66.7,2,0,261,960,402,322,266,82.6,6,4,Matches
86,Conor Coady\Conor-Coady,eng ENG,DF,Wolves,26,1993,29.0,1522,278,1021,576,1,0,1494,5,5,100.0,5,0,997,5266,2480,990,987,99.7,2,2,Matches
87,Séamus Coleman\Seamus-Coleman,ie IRL,DF,Everton,30,1988,13.2,931,53,291,442,266,21,764,35,54,64.8,39,5,563,3765,2142,558,486,87.1,15,15,Matches
88,Aaron Connolly\Aaron-Connolly,ie IRL,FW,Brighton,19,2000,9.3,245,1,11,102,147,46,234,3,11,27.3,3,0,159,1279,680,377,170,45.1,28,24,Matches
89,Lewis Cook\Lewis-Cook,eng ENG,MF,Bournemouth,22,1997,11.2,662,39,182,349,170,10,653,26,32,81.3,27,5,499,2720,1197,501,451,90.0,16,24,Matches
90,Steve Cook\Steve-Cook,eng ENG,DF,Bournemouth,28,1991,20.5,1264,234,803,465,57,20,1212,4,4,100.0,4,0,670,3699,1713,751,725,96.5,5,3,Matches
91,Jack Cork\Jack-Cork,eng ENG,MF,Burnley,30,1989,26.3,1123,64,200,719,269,31,1116,22,30,73.3,22,1,679,3563,1506,713,604,84.7,22,41,Matches
92,Aaron Cresswell\Aaron-Cresswell,eng ENG,DF,West Ham,29,1989,22.5,1516,85,420,726,428,23,1211,14,34,41.2,17,2,823,3573,1760,876,798,91.1,7,11,Matches
93,Patrick Cutrone\Patrick-Cutrone,it ITA,FW,Wolves,21,1998,3.2,105,1,10,51,49,17,98,5,9,55.6,6,0,70,478,231,173,60,34.7,10,9,Matches
94,Diogo Dalot\Diogo-Dalot,pt POR,DF,Manchester Utd,20,1999,0.7,78,4,12,31,35,4,64,0,0,,0,0,46,230,124,49,46,93.9,0,5,Matches
95,Charlie Daniels\Charlie-Daniels,eng ENG,DF,Bournemouth,32,1986,1.4,62,8,22,26,14,1,52,0,0,,0,0,37,169,67,30,29,96.7,1,0,Matches
96,Scott Dann\Scott-Dann,eng ENG,DF,Crystal Palace,32,1987,7.1,345,72,227,127,11,9,335,2,3,66.7,2,0,179,889,556,184,180,97.8,0,0,Matches
97,Kevin Danso\Kevin-Danso,at AUT,DF,Southampton,20,1998,3.1,206,12,65,104,49,2,173,3,6,50.0,3,0,115,683,322,123,109,88.6,8,1,Matches
98,Ben Davies\Ben-Davies,wal WAL,DF,Tottenham,26,1993,7.0,497,26,166,258,92,11,418,4,8,50.0,4,0,254,1015,528,288,275,95.5,1,6,Matches
99,Tom Davies\Tom-Davies,eng ENG,MF,Everton,21,1998,15.2,755,26,172,466,158,22,739,15,24,62.5,16,0,451,2520,1250,503,445,88.5,17,21,Matches
100,Keinan Davis\Keinan-Davis,eng ENG,FW,Aston Villa,21,1998,1.4,63,2,4,24,43,11,61,6,10,60.0,6,1,55,495,299,75,46,61.3,5,6,Matches
101,Craig Dawson\Craig-Dawson,eng ENG,DF,Watford,29,1990,17.2,823,104,414,406,37,15,797,1,1,100.0,1,0,440,1961,912,469,447,95.3,5,2,Matches
102,Kevin De Bruyne\Kevin-De-Bruyne,be BEL,MF,Manchester City,28,1991,24.0,2002,27,178,894,1071,124,1789,49,76,64.5,50,0,1410,7878,5238,1671,1492,89.3,34,34,Matches
103,Troy Deeney\Troy-Deeney,eng ENG,FW,Watford,31,1988,16.7,647,20,55,297,315,75,632,4,12,33.3,4,0,286,1073,463,959,474,49.4,46,17,Matches
104,Fabian Delph\Fabian-Delph,eng ENG,MF,Everton,29,1989,13.2,895,32,230,582,150,1,882,20,24,83.3,20,0,620,3263,1515,635,613,96.5,10,9,Matches
105,Leander Dendoncker\Leander-Dendoncker,be BEL,DFMF,Wolves,24,1995,25.3,1338,103,510,744,153,28,1327,17,21,81.0,17,1,832,3834,1960,972,838,86.2,19,15,Matches
106,Gerard Deulofeu\Gerard-Deulofeu,es ESP,FW,Watford,25,1994,23.4,1126,13,145,428,669,157,1036,63,108,58.3,69,2,895,8042,5493,1107,769,69.5,53,50,Matches
107,Eric Dier\Eric-Dier,eng ENG,MFDF,Tottenham,25,1994,9.9,656,67,257,373,51,8,642,2,3,66.7,2,0,373,1605,784,451,430,95.3,6,4,Matches
108,Lucas Digne\Lucas-Digne,fr FRA,DF,Everton,26,1993,24.9,1750,66,409,717,704,49,1335,16,28,57.1,17,2,779,4055,2284,955,822,86.1,12,25,Matches
109,Virgil van Dijk\Virgil-van-Dijk,nl NED,DF,Liverpool,28,1991,29.0,2642,283,1118,1570,79,38,2579,2,4,50.0,3,0,1763,7147,3796,1950,1906,97.7,2,2,Matches
110,Issa Diop\Issa-Diop,fr FRA,DF,West Ham,22,1997,21.7,927,183,497,450,23,15,894,4,4,100.0,4,0,424,2853,1453,434,417,96.1,3,4,Matches
111,Moussa Djenepo\Moussa-Djenepo,ml MLI,MFDF,Southampton,21,1998,10.3,468,15,85,196,228,48,458,48,70,68.6,49,1,359,3031,2046,440,318,72.3,34,24,Matches
112,Matt Doherty\Matt-Doherty,ie IRL,DF,Wolves,27,1992,23.9,1577,65,387,790,483,80,1329,20,40,50.0,21,4,873,4755,3157,1117,938,84.0,37,16,Matches
113,Abdoulaye Doucouré\Abdoulaye-Doucoure,fr FRA,MF,Watford,26,1993,27.2,1663,58,333,912,535,82,1653,39,61,63.9,41,2,1162,6058,3300,1290,1105,85.7,34,36,Matches
114,Danny Drinkwater\Danny-Drinkwater,eng ENG,MF,Aston Villa,29,1990,2.9,199,6,62,110,33,2,195,2,3,66.7,2,0,117,489,173,136,126,92.6,2,6,Matches
115,Danny Drinkwater\Danny-Drinkwater,eng ENG,MF,Burnley,29,1990,0.7,26,2,6,19,1,0,25,0,1,0.0,0,0,11,43,5,16,11,68.8,0,1,Matches
116,Josip Drmić\Josip-Drmic,ch SUI,FWMF,Norwich City,26,1992,2.4,92,3,7,36,52,14,89,2,5,40.0,2,1,64,266,108,116,60,51.7,3,7,Matches
117,Martin Dúbravka\Martin-Dubravka,sk SVK,GK,Newcastle Utd,30,1989,29.0,927,805,922,6,0,0,549,0,0,,0,0,321,2067,1093,243,243,100.0,3,0,Matches
118,Ondrej Duda\Ondrej-Duda,sk SVK,MF,Norwich City,24,1994,6.5,371,16,66,189,130,8,341,4,11,36.4,4,2,212,921,391,316,235,74.4,11,2,Matches
119,Shane Duffy\Shane-Duffy,ie IRL,DF,Brighton,27,1992,11.9,712,106,438,281,34,15,681,2,5,40.0,3,0,386,1874,980,415,405,97.6,6,2,Matches
120,Paul Dummett\Paul-Dummett,wal WAL,DF,Newcastle Utd,27,1991,13.7,663,92,337,264,86,6,613,1,3,33.3,1,0,327,1291,647,358,335,93.6,3,1,Matches
121,Lewis Dunk\Lewis-Dunk,eng ENG,DF,Brighton,27,1991,27.0,2100,323,1262,866,96,37,2017,3,7,42.9,3,0,1357,7367,3942,1451,1432,98.7,7,10,Matches
122,Ederson\Ederson,br BRA,GK,Manchester City,25,1993,24.1,722,621,713,15,0,0,599,0,0,,0,0,426,1942,1301,401,399,99.5,2,0,Matches
123,John Egan\John-Egan,ie IRL,DF,Sheffield Utd,26,1992,26.9,1273,183,687,607,48,33,1251,3,3,100.0,3,1,630,3705,1999,658,636,96.7,4,1,Matches
124,Harvey Elliot\Harvey-Elliot,eng ENG,FW,Liverpool,,,0.0,0,0,0,0,0,0,0,0,0,,0,0,0,0,0,0,0,,0,0,Matches
125,Ahmed Elmohamady\Ahmed-Elmohamady,eg EGY,DF,Aston Villa,31,1987,8.5,532,42,169,234,169,13,463,4,5,80.0,5,0,325,1698,981,338,312,92.3,3,4,Matches
126,Björn Engels\Bjorn-Engels,be BEL,DF,Aston Villa,24,1994,16.1,776,154,489,310,34,13,757,2,2,100.0,2,0,435,2540,1449,469,461,98.3,0,2,Matches
127,Christian Eriksen\Christian-Eriksen,dk DEN,MFFW,Tottenham,27,1992,12.1,868,17,136,430,350,21,779,3,12,25.0,3,0,554,2673,1495,679,573,84.4,17,14,Matches
128,Jonny Evans\Jonny-Evans,nir NIR,DF,Leicester City,31,1988,28.6,2062,321,1128,966,70,34,2012,6,7,85.7,6,0,1313,7050,3925,1407,1381,98.2,5,5,Matches
129,Łukasz Fabiański\Lukasz-Fabianski,pl POL,GK,West Ham,34,1985,14.5,451,412,451,0,0,0,293,1,1,100.0,1,0,196,1206,607,142,139,97.9,1,0,Matches
130,Fabinho\Fabinho,br BRA,MF,Liverpool,25,1993,16.0,1210,31,246,780,249,9,1196,5,7,71.4,6,1,790,3642,1678,865,827,95.6,9,6,Matches
131,Ralf Fährmann\Ralf-Fahrmann,de GER,GK,Norwich City,30,1988,0.2,12,11,11,1,0,0,9,0,0,,0,0,4,18,13,4,4,100.0,0,0,Matches
132,Kiko Femenía\Kiko-Femenia,es ESP,DF,Watford,28,1991,17.0,1023,46,288,498,293,14,853,13,20,65.0,13,0,579,2982,1546,569,529,93.0,14,8,Matches
133,Bruno Fernandes\Bruno-Fernandes,pt POR,MF,Manchester Utd,24,1994,5.0,357,12,41,191,145,12,316,7,9,77.8,7,1,234,1370,814,300,253,84.3,9,9,Matches
134,Gedson Fernandes\Gedson-Fernandes,pt POR,MFDF,Tottenham,20,1999,0.4,37,1,5,18,19,2,33,2,4,50.0,3,0,28,219,139,30,24,80.0,0,1,Matches
135,Federico Fernández\Federico-Fernandez,ar ARG,DF,Newcastle Utd,30,1989,20.1,1086,184,637,343,150,17,968,11,14,78.6,11,0,545,2637,1387,558,532,95.3,4,10,Matches
136,Fernandinho\Fernandinho,br BRA,DF,Manchester City,34,1985,22.2,1984,210,837,1220,63,17,1938,8,9,88.9,8,0,1423,9298,6151,1525,1501,98.4,4,5,Matches
137,Roberto Firmino\Roberto-Firmino,br BRA,FWMF,Liverpool,27,1991,26.9,1286,20,100,621,642,178,1266,55,83,66.3,59,2,959,5364,2970,1516,1003,66.2,49,50,Matches
138,John Fleck\John-Fleck,sco SCO,MF,Sheffield Utd,27,1991,24.3,1245,34,189,544,586,51,1130,39,54,72.2,44,2,787,4382,2545,889,762,85.7,26,22,Matches
139,Phil Foden\Phil-Foden,eng ENG,MFFW,Manchester City,19,2000,3.9,263,0,25,139,119,21,258,11,14,78.6,11,0,199,1134,640,238,213,89.5,5,10,Matches
140,Pablo Fornals\Pablo-Fornals,es ESP,MF,West Ham,23,1996,16.3,799,10,120,373,354,41,772,13,28,46.4,15,3,552,2993,1586,767,554,72.2,16,29,Matches
141,Ben Foster\Ben-Foster,eng ENG,GK,Watford,36,1983,29.0,1016,823,993,26,1,1,653,3,3,100.0,3,0,419,2614,1643,312,311,99.7,0,0,Matches
142,Dimitri Foulquier\Dimitri-Foulquier,fr FRA,MFDF,Watford,26,1993,0.6,20,3,7,9,6,0,19,2,2,100.0,2,0,12,109,71,13,9,69.2,1,1,Matches
143,Juan Foyth\Juan-Foyth,ar ARG,DF,Tottenham,21,1998,0.7,77,7,31,42,10,0,69,1,3,33.3,1,0,44,214,122,46,42,91.3,1,2,Matches
144,Simon Francis\Simon-Francis,eng ENG,DF,Bournemouth,34,1985,10.7,695,113,401,245,73,10,655,4,7,57.1,4,0,366,1860,746,410,383,93.4,1,2,Matches
145,Ryan Fraser\Ryan-Fraser,sco SCO,MFFW,Bournemouth,25,1994,22.9,1135,29,200,431,613,69,1014,10,23,43.5,12,0,799,5672,3496,1001,786,78.5,32,21,Matches
146,Fred\Fred,br BRA,MF,Manchester Utd,26,1993,22.5,1878,66,438,1112,463,22,1790,38,49,77.6,41,4,1365,7289,3714,1356,1277,94.2,25,40,Matches
147,Ryan Fredericks\Ryan-Fredericks,eng ENG,DF,West Ham,26,1992,18.8,1015,58,325,437,315,26,867,10,20,50.0,10,0,535,3070,1877,589,527,89.5,16,9,Matches
148,Luke Freeman\Luke-Freeman,eng ENG,MF,Sheffield Utd,27,1992,3.6,184,7,27,66,107,9,177,6,7,85.7,6,0,133,910,512,141,111,78.7,4,12,Matches
149,Christian Fuchs\Christian-Fuchs,at AUT,DF,Leicester City,33,1986,7.0,604,26,237,312,80,1,529,3,6,50.0,3,1,355,1477,730,379,367,96.8,3,1,Matches
150,Eric García\Eric-Garcia,es ESP,DF,Manchester City,18,2001,3.0,286,28,110,184,0,0,285,2,2,100.0,2,0,211,785,383,232,230,99.1,0,0,Matches
151,James Garner\James-Garner,eng ENG,MF,Manchester Utd,18,2001,0.1,17,1,1,12,4,0,17,0,0,,0,0,11,21,5,14,14,100.0,0,0,Matches
152,Dwight Gayle\Dwight-Gayle,eng ENG,FW,Newcastle Utd,28,1990,4.2,103,2,5,50,52,17,96,1,2,50.0,1,0,47,335,170,153,75,49.0,6,4,Matches
153,Paulo Gazzaniga\Paulo-Gazzaniga,ar ARG,GK,Tottenham,27,1992,17.9,553,505,553,0,0,0,391,0,0,,0,0,239,909,496,231,229,99.1,1,0,Matches
154,Jean-Philippe Gbamin\Jean-Philippe-Gbamin,ci CIV,MF,Everton,23,1995,1.5,85,8,20,57,14,0,83,1,1,100.0,1,0,57,337,142,56,54,96.4,0,5,Matches
155,David de Gea\David-de-Gea,es ESP,GK,Manchester Utd,28,1990,29.0,763,707,763,0,0,0,510,0,0,,0,0,333,1501,722,285,284,99.6,0,0,Matches
156,Anwar El Ghazi\Anwar-El-Ghazi,nl NED,FWMF,Aston Villa,24,1995,18.7,700,25,96,263,405,64,661,28,41,68.3,30,2,491,3666,2243,755,505,66.9,33,34,Matches
157,Morgan Gibbs-White\Morgan-Gibbs-White,eng ENG,MFFW,Wolves,19,2000,1.4,92,1,14,43,41,5,90,1,3,33.3,1,0,68,392,215,91,74,81.3,7,1,Matches
158,Billy Gilmour\Billy-Gilmour,sco SCO,MF,Chelsea,18,2001,1.1,104,1,20,66,27,1,103,2,5,40.0,2,0,87,383,193,89,85,95.5,2,3,Matches
159,Olivier Giroud\Olivier-Giroud,fr FRA,FW,Chelsea,32,1986,4.9,188,7,13,116,64,21,177,1,2,50.0,1,0,96,240,124,260,144,55.4,10,4,Matches
160,Ben Godfrey\Ben-Godfrey,eng ENG,DF,Norwich City,21,1998,20.4,1337,283,903,468,55,8,1306,3,9,33.3,3,0,888,5547,2830,942,927,98.4,2,6,Matches
161,André Gomes\Andre-Gomes,pt POR,MF,Everton,26,1993,8.8,538,11,93,376,95,8,525,16,22,72.7,16,0,413,2224,934,413,380,92.0,13,12,Matches
162,Angel Gomes\Angel-Gomes,eng ENG,MF,Manchester Utd,18,2000,0.2,15,0,0,11,8,1,15,0,0,,0,0,13,78,50,18,14,77.8,0,1,Matches
163,Joe Gomez\Joe-Gomez,eng ENG,DF,Liverpool,22,1997,14.2,1377,114,567,845,42,0,1353,6,8,75.0,7,0,1012,4933,2498,1033,1024,99.1,4,1,Matches
164,Anthony Gordon\Anthony-Gordon,eng ENG,MFFW,Everton,18,2001,0.7,23,0,4,12,10,1,22,1,2,50.0,1,0,17,122,78,18,16,88.9,1,1,Matches
165,Dan Gosling\Dan-Gosling,eng ENG,MF,Bournemouth,29,1990,9.8,511,32,142,265,127,27,505,4,10,40.0,4,0,301,1337,544,414,336,81.2,22,25,Matches
166,Andre Gray\Andre-Gray,eng ENG,FW,Watford,28,1991,8.0,223,4,9,82,142,40,215,6,13,46.2,7,1,152,687,291,367,166,45.2,26,19,Matches
167,Demarai Gray\Demarai-Gray,eng ENG,MFFW,Leicester City,23,1996,4.6,265,4,37,112,145,27,261,7,18,38.9,7,0,217,1696,964,265,206,77.7,16,11,Matches
168,Jack Grealish\Jack-Grealish,eng ENG,FWMF,Aston Villa,23,1995,25.9,1537,33,263,677,792,114,1405,59,96,61.5,61,4,1209,11751,6972,1343,1105,82.3,49,61,Matches
169,Mason Greenwood\Mason-Greenwood,eng ENG,FWMF,Manchester Utd,17,2001,7.2,309,2,30,128,167,33,307,10,14,71.4,10,1,232,1252,676,342,241,70.5,14,13,Matches
170,Arnaut Groeneveld\Arnaut-Groeneveld,nl NED,MF,Bournemouth,22,1997,4.5,213,4,45,103,93,22,212,16,25,64.0,18,0,168,1464,886,213,170,79.8,8,9,Matches
171,Pascal Groß\Pascal-Gross,de GER,MFFW,Brighton,28,1991,16.6,1053,7,101,490,530,51,948,10,15,66.7,10,1,722,3398,1432,984,764,77.6,27,20,Matches
172,Vicente Guaita\Vicente-Guaita,es ESP,GK,Crystal Palace,32,1987,27.0,919,820,915,6,0,0,633,0,0,,0,0,390,1803,1214,329,329,100.0,0,0,Matches
173,Mattéo Guendouzi\Matteo-Guendouzi,fr FRA,MF,Arsenal,20,1999,17.7,1279,72,341,804,254,21,1257,28,41,68.3,28,2,983,6729,3640,995,939,94.4,8,25,Matches
174,Frederic Guilbert\Frederic-Guilbert,fr FRA,DF,Aston Villa,24,1994,21.1,1294,107,421,580,367,10,1099,22,38,57.9,26,2,602,3522,2021,692,615,88.9,14,29,Matches
175,İlkay Gündoğan\Ilkay-Gundogan,de GER,MF,Manchester City,28,1990,17.7,1663,36,213,1027,531,38,1610,12,16,75.0,13,0,1157,5249,2583,1388,1327,95.6,4,10,Matches
176,Angus Gunn\Angus-Gunn,eng ENG,GK,Southampton,23,1996,10.0,278,234,277,2,0,0,167,0,0,,0,0,100,671,370,83,81,97.6,0,0,Matches
177,Sébastien Haller\Sebastien-Haller,fr FRA,FW,West Ham,25,1994,23.9,1000,30,85,575,384,116,970,24,37,64.9,25,1,547,2228,1068,1435,759,52.9,66,36,Matches
178,Grant Hanley\Grant-Hanley,sco SCO,DF,Norwich City,27,1991,14.0,831,149,541,324,15,10,801,2,3,66.7,2,0,486,2303,1014,516,502,97.3,1,2,Matches
179,Kortney Hause\Kortney-Hause,eng ENG,DF,Aston Villa,24,1995,11.0,757,125,452,326,27,12,723,10,13,76.9,10,1,391,2567,1316,406,392,96.6,5,13,Matches
180,Isaac Hayden\Isaac-Hayden,eng ENG,MF,Newcastle Utd,24,1995,21.9,940,44,253,476,246,28,899,31,45,68.9,34,1,555,2463,1240,616,509,82.6,24,30,Matches
181,Tom Heaton\Tom-Heaton,eng ENG,GK,Aston Villa,33,1986,19.9,671,597,659,11,1,0,399,0,0,,0,0,239,1226,696,205,202,98.5,0,0,Matches
182,Dean Henderson\Dean-Henderson,eng ENG,GK,Sheffield Utd,22,1997,27.0,841,759,834,7,1,1,554,0,0,,0,0,359,2550,1476,279,279,100.0,1,0,Matches
183,Jordan Henderson\Jordan-Henderson,eng ENG,MF,Liverpool,29,1990,21.0,1770,33,262,1175,422,37,1732,16,31,51.6,20,3,1236,6250,3021,1412,1308,92.6,13,9,Matches
184,Jeff Hendrick\Jeff-Hendrick,ie IRL,MF,Burnley,27,1992,21.5,779,40,151,384,282,41,751,26,49,53.1,28,0,516,2773,1291,603,471,78.1,18,35,Matches
185,Wayne Hennessey\Wayne-Hennessey,wal WAL,GK,Crystal Palace,32,1987,2.0,76,65,74,2,0,0,42,0,0,,0,0,22,114,79,22,22,100.0,0,0,Matches
186,Javier Hernández\Javier-Hernandez,mx MEX,FW,West Ham,31,1988,1.2,29,0,1,19,10,4,24,0,1,0.0,1,1,14,35,8,39,18,46.2,0,2,Matches
187,Onel Hernández\Onel-Hernandez,cu CUB,FWMF,Norwich City,26,1993,8.4,338,13,59,113,203,55,332,26,46,56.5,28,2,283,2744,1963,324,214,66.0,23,33,Matches
188,Son Heung-min\Son-Heung-min,kr KOR,FW,Tottenham,27,1992,19.4,843,19,99,328,485,119,800,54,98,55.1,62,4,665,4952,3104,910,594,65.3,33,46,Matches
189,Rob Holding\Rob-Holding,eng ENG,DFFW,Arsenal,23,1995,1.0,56,5,30,25,4,2,56,1,3,33.3,1,0,38,153,58,39,38,97.4,0,0,Matches
190,José Holebas\Jose-Holebas,gr GRE,DF,Watford,35,1984,11.2,699,37,174,347,207,10,525,6,13,46.2,7,1,323,1571,894,383,344,89.8,4,5,Matches
191,Mason Holgate\Mason-Holgate,eng ENG,DF,Everton,22,1996,19.2,1061,145,592,508,43,13,1032,9,11,81.8,9,0,620,4300,2491,643,633,98.4,2,3,Matches
192,Nathan Holland\Nathan-Holland,eng ENG,MF,West Ham,21,1998,0.3,21,0,3,6,14,1,20,3,4,75.0,3,0,21,136,90,21,18,85.7,1,1,Matches
193,Conor Hourihane\Conor-Hourihane,ie IRL,MF,Aston Villa,28,1991,10.5,527,25,88,241,213,23,447,3,6,50.0,3,0,303,1168,497,392,319,81.4,9,7,Matches
194,Callum Hudson-Odoi\Callum-Hudson-Odoi,eng ENG,FW,Chelsea,18,2000,8.6,567,3,51,180,376,54,543,30,49,61.2,33,1,479,3430,2126,564,449,79.6,22,25,Matches
195,Will Hughes\Will-Hughes,eng ENG,MF,Watford,24,1995,16.8,830,28,145,412,321,35,801,17,22,77.3,18,2,485,2540,1586,573,455,79.4,23,20,Matches
196,Pierre Højbjerg\Pierre-Hojbjerg,dk DEN,MF,Southampton,23,1995,27.2,1907,90,393,1157,460,42,1869,37,47,78.7,41,0,1207,6550,2891,1249,1135,90.9,38,35,Matches
197,Jordon Ibe\Jordon-Ibe,eng ENG,DF,Bournemouth,23,1995,0.5,31,3,7,20,8,1,28,1,3,33.3,2,1,23,285,189,18,17,94.4,3,1,Matches
198,Adam Idah\Adam-Idah,ie IRL,FW,Norwich City,18,2001,0.8,17,1,3,10,5,1,17,0,2,0.0,0,0,11,42,23,29,9,31.0,1,4,Matches
199,Odion Ighalo\Odion-Ighalo,ng NGA,FW,Manchester Utd,30,1989,0.3,20,1,1,10,9,4,20,2,2,100.0,2,0,18,60,34,21,14,66.7,1,3,Matches
200,Kelechi Iheanacho\Kelechi-Iheanacho,ng NGA,FW,Leicester City,22,1996,6.5,233,3,17,88,137,54,228,9,16,56.3,10,1,184,1001,571,345,189,54.8,24,14,Matches
201,Danny Ings\Danny-Ings,eng ENG,FW,Southampton,27,1992,22.3,756,23,80,325,394,113,743,36,59,61.0,38,4,494,2876,1502,919,484,52.7,58,36,Matches
202,Alex Iwobi\Alex-Iwobi,ng NGA,MFFW,Everton,23,1996,13.0,581,7,79,280,276,37,576,17,29,58.6,17,2,463,3105,1834,542,414,76.4,23,23,Matches
203,Phil Jagielka\Phil-Jagielka,eng ENG,DF,Sheffield Utd,36,1982,1.4,64,15,40,23,3,1,63,0,0,,0,0,18,86,23,24,22,91.7,1,0,Matches
204,Alireza Jahanbakhsh\Alireza-Jahanbakhsh,ir IRN,FWMF,Brighton,25,1993,3.2,180,3,19,54,118,12,176,7,12,58.3,7,0,143,677,336,168,134,79.8,6,7,Matches
205,Daniel James\Daniel-James,wal WAL,FW,Manchester Utd,21,1997,24.2,1004,10,128,400,579,92,994,27,62,43.5,29,5,808,6739,4780,1012,757,74.8,32,44,Matches
206,Matty James\Matty-James,eng ENG,MF,Leicester City,28,1991,0.1,6,0,3,3,0,0,6,0,0,,0,0,5,21,5,6,6,100.0,0,0,Matches
207,Reece James\Reece-James,eng ENG,DF,Chelsea,19,1999,11.8,1023,26,237,478,363,20,879,24,31,77.4,25,0,709,3483,1745,706,662,93.8,10,18,Matches
208,Daryl Janmaat\Daryl-Janmaat,nl NED,DF,Watford,30,1989,6.8,409,31,111,179,146,8,355,9,12,75.0,9,0,267,1322,764,276,247,89.5,4,4,Matches
209,Gabriel Jesus\Gabriel-Jesus,br BRA,FW,Manchester City,22,1997,14.9,605,5,40,231,364,141,588,35,50,70.0,36,0,421,2135,1065,739,442,59.8,33,23,Matches
210,Raúl Jiménez\Raul-Jimenez,mx MEX,FW,Wolves,28,1991,27.4,1134,25,91,602,511,163,1101,59,84,70.2,60,4,826,5171,2879,1428,868,60.8,84,72,Matches
211,Joelinton\Joelinton,br BRA,FW,Newcastle Utd,22,1996,24.9,1007,35,108,566,385,82,973,40,63,63.5,43,2,620,3908,1855,1342,714,53.2,108,67,Matches
212,Curtis Jones\Curtis-Jones,eng ENG,MF,Liverpool,18,2001,0.2,28,0,2,15,12,1,28,0,0,,0,0,21,67,28,23,21,91.3,0,1,Matches
213,Phil Jones\Phil-Jones,eng ENG,DF,Manchester Utd,27,1992,1.5,116,12,60,56,9,2,113,0,0,,0,0,66,435,262,68,67,98.5,0,0,Matches
214,Jorginho\Jorginho,it ITA,MF,Chelsea,27,1991,22.4,2057,71,492,1323,365,13,2010,17,23,73.9,19,0,1494,6414,3185,1540,1482,96.2,7,18,Matches
215,Jota\Jota,es ESP,FWMF,Aston Villa,28,1991,3.5,124,7,19,62,59,7,120,7,15,46.7,10,1,103,921,528,117,86,73.5,4,10,Matches
216,Diogo Jota\Diogo-Jota,pt POR,FWMF,Wolves,22,1996,19.7,969,7,98,480,494,127,938,64,109,58.7,72,10,811,6447,4634,985,719,73.0,51,59,Matches
217,James Justin\James-Justin,eng ENG,DF,Leicester City,21,1998,2.2,203,7,56,107,54,5,166,6,7,85.7,6,0,128,660,406,131,119,90.8,2,7,Matches
218,Christian Kabasele\Christian-Kabasele,be BEL,DF,Watford,28,1991,17.5,703,146,404,307,18,13,696,6,7,85.7,7,0,346,1651,656,326,318,97.5,7,7,Matches
219,Harry Kane\Harry-Kane,eng ENG,FW,Tottenham,26,1993,19.8,657,24,51,346,305,100,632,21,45,46.7,25,2,443,2883,1493,968,487,50.3,34,36,Matches
220,N'Golo Kanté\NGolo-Kante,fr FRA,MF,Chelsea,28,1991,15.4,1093,41,227,595,342,36,1088,26,44,59.1,28,1,770,4339,2347,823,697,84.7,25,30,Matches
221,Moise Kean\Moise-Kean,it ITA,FWMF,Everton,19,2000,7.5,227,5,20,97,133,39,222,21,31,67.7,22,1,177,1401,794,340,162,47.6,18,22,Matches
222,Michael Keane\Michael-Keane,eng ENG,DF,Everton,26,1993,19.4,1087,172,621,478,37,23,1057,0,0,,0,0,553,3318,1588,633,616,97.3,3,1,Matches
223,Naby Keïta\Naby-Keita,gn GUI,MF,Liverpool,24,1995,4.1,370,4,36,225,136,17,364,10,15,66.7,11,1,275,1574,974,309,274,88.7,4,6,Matches
224,Martin Kelly\Martin-Kelly,eng ENG,DF,Crystal Palace,29,1990,17.2,866,100,405,401,94,6,739,3,5,60.0,3,1,429,2041,908,457,434,95.0,7,7,Matches
225,Max Kilman\Max-Kilman,eng ENG,DF,Wolves,22,1997,2.0,118,16,65,58,1,0,118,1,1,100.0,1,0,66,302,173,77,74,96.1,0,0,Matches
226,Joshua King\Joshua-King,no NOR,FWMF,Bournemouth,27,1992,16.3,618,11,80,276,327,67,611,45,89,50.6,49,2,512,4490,2654,746,460,61.7,58,55,Matches
227,Jonathan Kodjia\Jonathan-Kodjia,ci CIV,FWMF,Aston Villa,29,1989,1.2,49,3,5,23,24,7,43,2,2,100.0,2,0,27,208,100,62,29,46.8,4,2,Matches
228,Sead Kolašinac\Sead-Kolasinac,ba BIH,DF,Arsenal,26,1993,12.3,755,48,223,331,247,27,668,11,15,73.3,11,0,449,2284,1411,510,463,90.8,9,12,Matches
229,Ezri Konsa\Ezri-Konsa,eng ENG,DF,Aston Villa,21,1998,13.3,649,77,333,310,37,13,618,3,5,60.0,3,0,360,1695,849,386,371,96.1,3,5,Matches
230,Cheikhou Kouyaté\Cheikhou-Kouyate,sn SEN,MF,Crystal Palace,29,1989,22.1,941,58,292,493,208,48,931,16,32,50.0,18,1,543,2818,1378,679,530,78.1,32,19,Matches
231,Mateo Kovačić\Mateo-Kovacic,hr CRO,MF,Chelsea,25,1994,18.7,1755,33,351,1150,385,20,1724,51,69,73.9,52,1,1445,8406,4262,1465,1391,94.9,18,19,Matches
232,Emil Krafth\Emil-Krafth,se SWE,DF,Newcastle Utd,24,1994,6.3,289,27,118,116,73,8,237,1,1,100.0,1,0,146,676,402,158,141,89.2,5,1,Matches
233,Tim Krul\Tim-Krul,nl NED,GK,Norwich City,31,1988,27.0,1172,999,1156,18,0,0,866,0,0,,0,0,551,2624,1443,581,578,99.5,0,0,Matches
234,Alexandre Lacazette\Alexandre-Lacazette,fr FRA,FW,Arsenal,28,1991,14.6,572,12,63,257,280,93,543,19,34,55.9,21,1,413,2036,1006,661,410,62.0,53,33,Matches
235,Adam Lallana\Adam-Lallana,eng ENG,MFFW,Liverpool,31,1988,4.1,333,7,52,178,126,12,331,2,6,33.3,4,1,236,1119,523,273,236,86.4,5,7,Matches
236,Érik Lamela\Erik-Lamela,ar ARG,MFFW,Tottenham,27,1992,10.4,607,11,71,287,307,34,558,17,28,60.7,18,0,450,3068,1829,554,430,77.6,23,21,Matches
237,Tariq Lamptey\Tariq-Lamptey,eng ENG,DF,Chelsea,18,2000,0.3,18,0,3,8,9,1,13,0,0,,0,0,8,73,56,5,5,100.0,0,1,Matches
238,Henri Lansbury\Henri-Lansbury,eng ENG,MF,Aston Villa,28,1990,2.1,105,2,24,53,30,5,104,1,1,100.0,1,0,53,190,58,81,61,75.3,3,1,Matches
239,Manuel Lanzini\Manuel-Lanzini,ar ARG,MFFW,West Ham,26,1993,13.2,834,12,98,503,298,28,776,26,39,66.7,26,0,648,4193,2167,764,623,81.5,23,21,Matches
240,Aymeric Laporte\Aymeric-Laporte,fr FRA,DF,Manchester City,25,1994,5.6,536,46,221,353,9,1,523,2,2,100.0,2,0,396,2878,2100,423,415,98.1,1,0,Matches
241,Jamaal Lascelles\Jamaal-Lascelles,eng ENG,DF,Newcastle Utd,25,1993,18.1,768,167,528,239,34,14,757,8,12,66.7,8,0,373,2004,768,378,363,96.0,3,3,Matches
242,Valentino Lazaro\Valentino-Lazaro,at AUT,DF,Newcastle Utd,23,1996,2.4,129,11,41,54,41,3,106,5,9,55.6,6,0,85,383,184,96,80,83.3,2,4,Matches
243,Moritz Leitner\Moritz-Leitner,de GER,MF,Norwich City,26,1992,7.6,645,17,176,354,165,11,623,7,13,53.8,9,0,469,2738,1641,530,484,91.3,9,10,Matches
244,Florian Lejeune\Florian-Lejeune,fr FRA,DF,Newcastle Utd,28,1991,4.9,249,22,136,103,18,5,231,2,3,66.7,2,0,123,592,227,117,112,95.7,0,5,Matches
245,Aaron Lennon\Aaron-Lennon,eng ENG,MF,Burnley,32,1987,5.4,189,12,39,79,83,6,187,6,8,75.0,6,0,125,788,467,156,115,73.7,7,5,Matches
246,Bernd Leno\Bernd-Leno,de GER,GK,Arsenal,27,1992,28.0,1003,912,996,8,0,0,710,1,2,50.0,1,0,457,1854,975,403,401,99.5,0,0,Matches
247,Jefferson Lerma\Jefferson-Lerma,co COL,MF,Bournemouth,24,1994,21.6,1254,84,383,721,202,7,1232,19,26,73.1,21,1,765,3586,1567,778,721,92.7,16,14,Matches
248,Jamal Lewis\Jamal-Lewis,nir NIR,DF,Norwich City,21,1998,16.6,1124,89,453,490,271,21,952,26,45,57.8,27,0,681,5258,3091,715,646,90.3,16,20,Matches
249,Victor Lindelöf\Victor-Lindelof,se SWE,DF,Manchester Utd,25,1994,26.0,1658,233,884,816,50,9,1610,3,6,50.0,3,0,1038,5921,3098,1096,1084,98.9,6,4,Matches
250,Jesse Lingard\Jesse-Lingard,eng ENG,MFFW,Manchester Utd,26,1992,9.9,498,2,27,263,245,35,478,9,18,50.0,10,1,368,2170,1087,532,391,73.5,23,12,Matches
251,Hugo Lloris\Hugo-Lloris,fr FRA,GK,Tottenham,32,1986,11.1,370,353,370,0,0,0,271,0,1,0.0,0,0,154,738,426,145,144,99.3,0,0,Matches
252,Giovani Lo Celso\Giovani-Lo-Celso,ar ARG,MFFW,Tottenham,23,1996,9.7,699,20,103,396,253,18,658,24,47,51.1,26,1,520,3889,2046,559,488,87.3,9,16,Matches
253,Jürgen Locadia\Jurgen-Locadia,nl NED,MFFW,Brighton,25,1993,1.0,34,0,2,16,17,8,34,1,1,100.0,1,0,25,105,59,43,22,51.2,8,2,Matches
254,Kevin Long\Kevin-Long,ie IRL,MF,Burnley,28,1990,0.0,4,0,0,4,0,0,4,0,0,,0,0,0,0,0,3,1,33.3,0,0,Matches
255,Shane Long\Shane-Long,ie IRL,FW,Southampton,32,1987,12.7,513,14,38,210,279,62,508,8,17,47.1,9,0,247,1200,504,749,382,51.0,49,24,Matches
256,Matthew Longstaff\Matthew-Longstaff,eng ENG,MF,Newcastle Utd,19,2000,6.1,259,9,65,158,44,3,256,5,7,71.4,5,0,160,550,204,193,182,94.3,3,8,Matches
257,Sean Longstaff\Sean-Longstaff,eng ENG,MF,Newcastle Utd,21,1997,14.4,812,37,209,472,164,7,768,9,14,64.3,10,1,459,2162,861,529,474,89.6,17,18,Matches
258,Dejan Lovren\Dejan-Lovren,hr CRO,DF,Liverpool,30,1989,8.4,711,74,347,393,21,12,698,1,1,100.0,1,0,424,2391,1390,477,474,99.4,2,1,Matches
259,Matthew Lowton\Matthew-Lowton,eng ENG,DF,Burnley,30,1989,15.0,831,72,236,428,214,10,687,9,16,56.3,9,0,389,1862,1091,419,388,92.6,9,4,Matches
260,David Luiz\David-Luiz,br BRA,DF,Arsenal,32,1987,24.3,1628,308,916,799,47,17,1550,3,8,37.5,3,0,1061,7595,4552,1145,1125,98.3,5,4,Matches
261,Douglas Luiz\Douglas-Luiz,br BRA,MF,Aston Villa,21,1998,19.0,1041,65,296,605,227,30,1006,20,29,69.0,22,1,668,4431,2365,754,657,87.1,21,24,Matches
262,John Lundstram\John-Lundstram,eng ENG,MF,Sheffield Utd,25,1994,23.0,1248,48,210,585,527,59,1228,13,28,46.4,15,3,817,4413,1638,1074,879,81.8,33,15,Matches
263,Alexis Mac Allister\Alexis-Mac-Allister,ar ARG,FW,Brighton,20,1998,0.1,10,0,0,4,7,0,7,0,0,,0,0,6,29,20,10,7,70.0,0,0,Matches
264,James Maddison\James-Maddison,eng ENG,MF,Leicester City,22,1996,26.7,1812,19,193,944,780,79,1600,51,77,66.2,53,6,1309,7014,3314,1484,1286,86.7,41,44,Matches
265,Harry Maguire\Harry-Maguire,eng ENG,DF,Manchester Utd,26,1993,29.0,2080,326,1065,1066,130,46,2021,9,11,81.8,9,0,1310,10568,6187,1397,1355,97.0,5,9,Matches
266,Riyad Mahrez\Riyad-Mahrez,dz ALG,FWMF,Manchester City,28,1991,15.4,1086,22,101,440,644,105,1032,44,70,62.9,45,1,840,6124,3533,978,830,84.9,18,28,Matches
267,Ainsley Maitland-Niles\Ainsley-Maitland-Niles,eng ENG,DF,Arsenal,21,1997,13.4,1044,61,394,511,203,16,878,20,40,50.0,21,2,648,3492,2070,681,649,95.3,12,10,Matches
268,Sadio Mané\Sadio-Mane,sn SEN,FW,Liverpool,27,1992,23.2,1178,12,96,476,732,170,1162,57,88,64.8,65,5,911,6894,4011,1358,919,67.7,65,59,Matches
269,Javier Manquillo\Javier-Manquillo,es ESP,DF,Newcastle Utd,25,1994,10.7,473,48,181,183,138,10,398,8,12,66.7,9,0,237,1605,974,267,221,82.8,11,8,Matches
270,Solly March\Solly-March,eng ENG,DFFW,Brighton,25,1994,9.8,624,16,112,262,297,42,560,14,24,58.3,14,1,435,3137,1791,494,406,82.2,10,24,Matches
271,Pablo Marí\Pablo-Mari,es ESP,DF,Arsenal,25,1993,1.0,93,16,40,58,1,0,92,0,0,,0,0,58,445,301,68,67,98.5,0,0,Matches
272,Adrian Mariappa\Adrian-Mariappa,jm JAM,DF,Watford,32,1986,13.6,619,74,270,275,88,5,519,1,2,50.0,1,0,261,903,370,282,270,95.7,3,2,Matches
273,Anthony Martial\Anthony-Martial,fr FRA,FW,Manchester Utd,23,1995,20.9,777,15,40,294,498,123,755,47,75,62.7,49,2,646,4263,2391,1030,640,62.1,51,49,Matches
274,David Martin\David-Martin,eng ENG,GK,West Ham,33,1986,4.8,134,117,134,0,0,0,72,0,0,,0,0,44,254,162,31,31,100.0,0,0,Matches
275,Martinelli\Martinelli,br BRA,FW,Arsenal,18,2001,7.3,275,10,62,111,131,40,273,12,30,40.0,13,0,190,1839,1243,311,181,58.2,24,21,Matches
276,Adam Masina\Adam-Masina,it ITA,DF,Watford,25,1994,13.6,824,76,282,399,173,14,688,10,13,76.9,10,0,367,1939,998,399,368,92.2,6,9,Matches
277,Arthur Masuaku\Arthur-Masuaku,cd COD,DF,West Ham,25,1993,10.1,722,51,233,373,169,14,636,28,36,77.8,28,1,471,3114,1953,445,407,91.5,9,23,Matches
278,Juan Mata\Juan-Mata,es ESP,MFFW,Manchester Utd,31,1988,8.1,557,3,35,302,252,31,530,4,10,40.0,6,0,429,2061,1046,574,460,80.1,9,12,Matches
279,Nemanja Matić\Nemanja-Matic,rs SRB,MF,Manchester Utd,30,1988,10.7,758,30,205,464,142,8,745,19,22,86.4,19,0,527,3033,1725,556,523,94.1,7,15,Matches
280,Joël Matip\Joel-Matip,cm CMR,DF,Liverpool,27,1991,7.0,560,48,252,316,29,9,546,2,2,100.0,2,0,347,1987,1362,358,354,98.9,0,2,Matches
281,Neal Maupay\Neal-Maupay,fr FRA,FW,Brighton,22,1996,23.5,844,12,60,350,477,158,793,26,53,49.1,28,1,623,3840,1884,1155,602,52.1,48,59,Matches
282,James McArthur\James-McArthur,sco SCO,MF,Crystal Palace,31,1987,27.0,1477,91,374,796,383,72,1424,25,39,64.1,26,1,943,4972,2434,998,865,86.7,31,34,Matches
283,Oliver McBurnie\Oliver-McBurnie,sco SCO,FW,Sheffield Utd,23,1996,15.9,664,39,87,280,333,89,655,15,28,53.6,16,1,319,1789,928,858,437,50.9,40,36,Matches
284,Alex McCarthy\Alex-McCarthy,eng ENG,GK,Southampton,29,1989,19.0,562,475,561,3,0,0,369,1,1,100.0,1,0,229,1384,802,178,177,99.4,0,0,Matches
285,James McCarthy\James-McCarthy,ie IRL,MF,Crystal Palace,28,1990,13.0,677,29,167,394,142,14,632,5,10,50.0,8,2,332,1655,559,394,333,84.5,8,9,Matches
286,John McGinn\John-McGinn,sco SCO,MF,Aston Villa,24,1994,17.1,807,34,161,382,334,59,758,43,58,74.1,45,0,568,4195,2283,601,488,81.2,26,38,Matches
287,David McGoldrick\David-McGoldrick,ie IRL,FW,Sheffield Utd,31,1987,15.1,655,19,74,291,319,51,652,27,38,71.1,28,1,430,2329,1056,824,478,58.0,50,20,Matches
288,Michael McGovern\Michael-McGovern,nir NIR,GK,Norwich City,35,1984,1.8,57,51,57,0,0,0,38,0,0,,0,0,22,94,47,20,20,100.0,0,0,Matches
289,Kenny McLean\Kenny-McLean,sco SCO,MF,Norwich City,27,1992,25.4,1588,91,431,867,389,25,1531,29,39,74.4,31,4,1017,5370,2566,1284,1097,85.4,34,30,Matches
290,Dwight McNeil\Dwight-McNeil,eng ENG,MF,Burnley,19,1999,28.2,1235,34,210,610,557,37,1136,66,111,59.5,69,6,926,8266,4226,882,718,81.4,30,63,Matches
291,Scott McTominay\Scott-McTominay,sco SCO,MF,Manchester Utd,22,1996,17.2,1091,63,273,648,228,21,1072,29,44,65.9,33,5,771,4310,2030,756,699,92.5,22,29,Matches
292,Ben Mee\Ben-Mee,eng ENG,DF,Burnley,29,1989,29.0,1438,214,762,684,51,36,1391,6,7,85.7,6,1,681,2801,1134,706,680,96.3,6,2,Matches
293,Benjamin Mendy\Benjamin-Mendy,fr FRA,DF,Manchester City,25,1994,12.4,1107,25,181,539,450,9,1015,15,21,71.4,16,3,773,3375,2132,883,838,94.9,5,15,Matches
294,Nampalys Mendy\Nampalys-Mendy,fr FRA,MF,Leicester City,27,1992,2.2,156,3,40,103,18,1,155,1,2,50.0,1,0,112,462,195,112,110,98.2,1,4,Matches
295,Chris Mepham\Chris-Mepham,wal WAL,DF,Bournemouth,21,1997,10.0,609,126,376,249,23,10,601,2,4,50.0,3,0,355,2268,1171,369,361,97.8,3,4,Matches
296,Max Meyer\Max-Meyer,de GER,MFFW,Crystal Palace,23,1995,6.1,236,2,43,123,88,19,235,3,11,27.3,3,0,170,1002,468,219,166,75.8,8,10,Matches
297,Luka Milivojević\Luka-Milivojevic,rs SRB,MF,Crystal Palace,28,1991,22.1,1419,77,406,773,304,4,1201,11,14,78.6,12,0,734,3353,1503,789,747,94.7,15,10,Matches
298,James Milner\James-Milner,eng ENG,MFDF,Liverpool,33,1986,8.4,719,27,146,405,200,12,670,6,7,85.7,7,0,452,1938,910,558,522,93.5,3,6,Matches
299,Yerry Mina\Yerry-Mina,co COL,DF,Everton,24,1994,23.2,1429,242,848,605,70,50,1397,2,4,50.0,3,0,835,5504,2978,902,871,96.6,9,3,Matches
300,Takumi Minamino\Takumi-Minamino,jp JPN,FWMF,Liverpool,24,1995,0.9,51,2,5,27,24,2,51,2,2,100.0,2,0,39,236,104,58,42,72.4,3,2,Matches
301,Tyrone Mings\Tyrone-Mings,eng ENG,DF,Aston Villa,26,1993,22.3,1253,292,835,447,43,21,1216,11,13,84.6,12,0,717,5152,2125,746,729,97.7,6,7,Matches
302,Henrikh Mkhitaryan\Henrikh-Mkhitaryan,am ARM,FW,Arsenal,30,1989,1.2,98,1,9,42,59,18,94,2,5,40.0,2,0,77,423,250,89,74,83.1,3,4,Matches
303,Nacho Monreal\Nacho-Monreal,es ESP,DF,Arsenal,33,1986,3.0,231,18,90,93,59,7,205,1,3,33.3,1,0,163,618,355,177,160,90.4,3,1,Matches
304,Martín Montoya\Martin-Montoya,es ESP,DF,Brighton,28,1991,19.0,1373,63,404,611,455,40,1158,17,29,58.6,17,3,845,4621,2815,940,845,89.9,28,17,Matches
305,Simon Moore\Simon-Moore,eng ENG,GK,Sheffield Utd,29,1990,1.0,22,17,21,1,0,0,12,0,0,,0,0,9,66,35,4,4,100.0,0,0,Matches
306,Aaron Mooy\Aaron-Mooy,au AUS,MFFW,Brighton,28,1990,18.4,1132,25,150,526,543,36,1062,31,44,70.5,33,0,820,5462,2650,940,786,83.6,29,44,Matches
307,Wesley Moraes\Wesley-Moraes,br BRA,FW,Aston Villa,22,1996,19.9,600,28,45,289,294,97,583,14,22,63.6,14,1,353,1723,565,874,437,50.0,61,30,Matches
308,Wes Morgan\Wes-Morgan,jm JAM,DF,Leicester City,35,1984,1.8,105,13,58,50,1,1,104,2,2,100.0,2,0,73,355,123,72,71,98.6,1,0,Matches
309,Ravel Morrison\Ravel-Morrison,eng ENG,MF,Sheffield Utd,26,1993,0.1,8,0,0,4,4,1,8,0,0,,0,0,7,53,15,8,6,75.0,0,1,Matches
310,Mason Mount\Mason-Mount,eng ENG,MFFW,Chelsea,20,1999,25.6,1385,17,119,637,727,119,1253,38,61,62.3,40,1,1037,6176,3427,1337,985,73.7,62,52,Matches
311,Lucas Moura\Lucas-Moura,br BRA,FWMF,Tottenham,26,1992,18.7,875,21,97,457,396,66,865,52,88,59.1,56,2,655,4621,2695,935,604,64.6,39,57,Matches
312,Lys Mousset\Lys-Mousset,fr FRA,FW,Sheffield Utd,23,1996,11.3,359,2,16,157,207,70,352,30,44,68.2,31,4,281,1801,1002,633,258,40.8,37,33,Matches
313,João Moutinho\Joao-Moutinho,pt POR,MF,Wolves,32,1986,27.1,1803,41,323,990,563,8,1546,19,27,70.4,21,0,1092,4863,2604,1173,1055,89.9,12,18,Matches
314,Glenn Murray\Glenn-Murray,eng ENG,FW,Brighton,35,1983,7.8,248,9,20,110,126,36,242,1,5,20.0,1,0,152,469,181,392,187,47.7,21,12,Matches
315,Shkodran Mustafi\Shkodran-Mustafi,de GER,DF,Arsenal,27,1992,6.9,506,81,254,265,13,10,500,0,0,,0,0,311,1676,1048,347,341,98.3,0,2,Matches
316,Yoshinori Mutō\Yoshinori-Muto,jp JPN,FWMF,Newcastle Utd,27,1992,2.2,49,0,7,26,22,3,48,6,7,85.7,6,0,45,347,190,79,34,43.0,6,6,Matches
317,Georges-Kévin N'Koudou\Georges-Kevin-NKoudou,fr FRA,FW,Tottenham,24,1995,0.0,1,0,0,0,1,1,1,0,0,,0,0,1,25,25,3,1,33.3,0,0,Matches
318,Marvelous Nakamba\Marvelous-Nakamba,zw ZIM,MF,Aston Villa,25,1994,18.2,910,84,318,495,141,4,888,13,19,68.4,15,1,538,2681,991,507,480,94.7,5,13,Matches
319,Wilfred Ndidi\Wilfred-Ndidi,ng NGA,MF,Leicester City,22,1996,21.0,1418,73,408,883,197,16,1406,16,21,76.2,17,2,825,3713,1327,882,834,94.6,10,21,Matches
320,Tanguy Ndombele\Tanguy-Ndombele,fr FRA,MF,Tottenham,22,1996,10.5,709,20,132,420,200,23,696,36,49,73.5,38,2,559,2710,1550,557,512,91.9,13,16,Matches
321,Reiss Nelson\Reiss-Nelson,eng ENG,FW,Arsenal,19,1999,5.1,260,5,37,129,120,21,248,11,21,52.4,12,0,197,1392,832,244,186,76.2,11,12,Matches
322,Pedro Neto\Pedro-Neto,pt POR,FWMF,Wolves,19,2000,8.1,410,5,43,194,221,39,392,27,48,56.3,31,1,331,2934,1828,427,295,69.1,19,21,Matches
323,Rúben Neves\Ruben-Neves,pt POR,MF,Wolves,22,1997,25.3,1629,54,377,1023,296,1,1581,23,29,79.3,24,0,1091,4244,2036,1100,1041,94.6,7,8,Matches
324,Jeremy Ngakia\Jeremy-Ngakia,eng ENG,DF,West Ham,18,2000,4.0,165,17,91,57,26,0,125,4,8,50.0,4,0,74,421,244,68,58,85.3,3,3,Matches
325,Oumar Niasse\Oumar-Niasse,sn SEN,FW,Everton,29,1990,0.2,18,0,1,9,8,1,18,1,1,100.0,1,0,10,57,29,17,11,64.7,1,6,Matches
326,Eddie Nketiah\Eddie-Nketiah,eng ENG,FW,Arsenal,20,1999,2.8,93,5,12,52,36,16,88,1,4,25.0,2,0,66,382,121,110,68,61.8,10,7,Matches
327,Mark Noble\Mark-Noble,eng ENG,MF,West Ham,32,1987,23.9,1353,32,259,876,296,21,1276,26,37,70.3,29,0,911,4466,2010,1006,897,89.2,27,23,Matches
328,Oliver Norwood\Oliver-Norwood,nir NIR,MF,Sheffield Utd,28,1991,26.5,1888,73,425,1076,443,3,1735,14,16,87.5,14,0,1106,3408,1453,1190,1155,97.1,8,11,Matches
329,Ørjan Nyland\Orjan-Nyland,no NOR,GK,Aston Villa,28,1990,2.0,68,63,67,1,0,0,40,0,0,,0,0,28,186,105,24,24,100.0,0,0,Matches
330,Jack O'Connell\Jack-OConnell,eng ENG,DF,Sheffield Utd,25,1994,28.0,1694,166,723,774,268,47,1624,6,11,54.5,6,0,988,3931,1798,1025,969,94.5,13,10,Matches
331,Michael Obafemi\Michael-Obafemi,ie IRL,FW,Southampton,19,2000,5.4,187,0,11,91,94,25,185,14,26,53.8,16,0,148,807,383,265,143,54.0,23,12,Matches
332,Angelo Ogbonna\Angelo-Ogbonna,it ITA,DF,West Ham,31,1988,24.0,977,186,525,455,40,24,964,1,2,50.0,1,0,470,3164,1197,482,460,95.4,4,2,Matches
333,Divock Origi\Divock-Origi,be BEL,FW,Liverpool,24,1995,5.7,253,5,24,107,137,32,252,9,19,47.4,10,0,184,1337,855,284,184,64.8,17,22,Matches
334,Ben Osborn\Ben-Osborn,eng ENG,DFMF,Sheffield Utd,24,1994,1.4,85,7,25,33,32,4,77,1,1,100.0,1,0,48,291,151,55,43,78.2,0,0,Matches
335,Nicolás Otamendi\Nicolas-Otamendi,ar ARG,DF,Manchester City,31,1988,15.7,1299,158,574,791,44,28,1289,2,2,100.0,2,0,951,6029,3389,1055,1037,98.3,5,2,Matches
336,Alex Oxlade-Chamberlain\Alex-Oxlade-Chamberlain,eng ENG,MFFW,Liverpool,25,1993,12.3,730,11,65,404,320,34,720,28,42,66.7,29,0,525,3163,1598,657,542,82.5,24,28,Matches
337,Mesut Özil\Mesut-Ozil,de GER,MF,Arsenal,30,1988,16.1,1016,9,120,529,461,46,931,21,31,67.7,23,3,781,4714,2368,960,799,83.2,27,29,Matches
338,Emerson Palmieri\Emerson-Palmieri,it ITA,DF,Chelsea,24,1994,11.4,986,34,248,468,341,33,856,14,22,63.6,16,0,647,3464,2233,686,642,93.6,11,9,Matches
339,Sokratis Papastathopoulos\Sokratis-Papastathopoulos,gr GRE,DF,Arsenal,31,1988,18.9,1166,206,707,481,39,13,1126,5,6,83.3,5,0,794,3839,2028,858,839,97.8,4,6,Matches
340,Troy Parrott\Troy-Parrott,ie IRL,MF,Tottenham,17,2002,0.1,5,0,2,3,0,0,4,0,0,,0,0,4,16,1,8,4,50.0,0,0,Matches
341,Rui Patrício\Rui-Patricio,pt POR,GK,Wolves,31,1988,29.0,690,648,688,3,0,0,415,0,0,,0,0,263,1282,735,182,181,99.5,0,0,Matches
342,Pedro\Pedro,es ESP,FW,Chelsea,32,1987,7.3,418,5,51,207,193,43,416,16,27,59.3,17,1,338,2273,1034,390,317,81.3,12,7,Matches
343,Nicolas Pépé\Nicolas-Pepe,ci CIV,FW,Arsenal,24,1995,17.7,948,8,111,376,544,97,875,62,112,55.4,67,6,796,5973,3798,918,697,75.9,47,53,Matches
344,Andreas Pereira\Andreas-Pereira,br BRA,MFFW,Manchester Utd,23,1996,16.1,960,11,100,486,444,62,886,20,38,52.6,23,0,698,4265,2283,856,693,81.0,40,39,Matches
345,Ricardo Pereira\Ricardo-Pereira,pt POR,DF,Leicester City,25,1993,28.0,2330,107,595,1151,747,62,2018,59,88,67.0,63,1,1463,8459,5867,1560,1438,92.2,32,55,Matches
346,Roberto Pereyra\Roberto-Pereyra,ar ARG,FWMF,Watford,28,1991,14.7,747,12,113,376,328,51,716,21,51,41.2,24,0,563,4003,2298,743,523,70.4,37,32,Matches
347,Ayoze Pérez\Ayoze-Perez,es ESP,MFFW,Leicester City,26,1993,17.7,859,12,126,367,418,98,850,37,57,64.9,40,1,622,3388,1861,880,619,70.3,39,65,Matches
348,Jordan Pickford\Jordan-Pickford,eng ENG,GK,Everton,25,1994,29.0,1096,946,1082,15,0,0,781,0,1,0.0,0,0,538,2894,1573,472,470,99.6,0,0,Matches
349,Brandon Pierrick\Brandon-Pierrick,eng ENG,DF,Crystal Palace,17,2001,0.1,12,0,1,0,11,2,12,2,3,66.7,2,0,11,62,27,7,6,85.7,1,0,Matches
350,Erik Pieters\Erik-Pieters,nl NED,DF,Burnley,30,1988,13.7,853,56,240,447,201,7,693,4,11,36.4,6,2,394,1913,1078,403,378,93.8,6,7,Matches
351,Daniel Podence\Daniel-Podence,pt POR,MFFW,Wolves,23,1995,0.5,29,0,4,11,16,6,29,0,1,0.0,0,0,22,164,115,25,21,84.0,1,1,Matches
352,Paul Pogba\Paul-Pogba,fr FRA,MF,Manchester Utd,26,1993,5.8,532,16,102,332,135,17,517,7,13,53.8,7,0,397,1869,924,420,393,93.6,10,10,Matches
353,Nick Pope\Nick-Pope,eng ENG,GK,Burnley,27,1992,29.0,972,791,944,26,2,1,622,0,0,,0,0,412,2580,1783,283,282,99.6,0,0,Matches
354,Dennis Praet\Dennis-Praet,be BEL,MF,Leicester City,25,1994,10.8,578,25,142,297,175,19,574,13,28,46.4,15,0,386,1932,1006,438,371,84.7,25,10,Matches
355,Sebastian Prödl\Sebastian-Prodl,at AUT,DF,Watford,32,1987,0.6,16,3,8,6,2,2,16,0,0,,0,0,5,6,0,7,7,100.0,0,0,Matches
356,Davy Pröpper\Davy-Propper,nl NED,MF,Brighton,27,1991,26.0,1810,54,438,1128,385,24,1791,32,54,59.3,33,2,1337,8229,3779,1392,1306,93.8,25,25,Matches
357,Teemu Pukki\Teemu-Pukki,fi FIN,FW,Norwich City,29,1990,27.6,699,13,56,269,412,168,643,25,41,61.0,26,6,448,3171,1842,1006,464,46.1,47,32,Matches
358,Christian Pulisic\Christian-Pulisic,us USA,FW,Chelsea,20,1998,12.0,638,4,70,286,342,83,632,35,61,57.4,38,0,539,4182,2667,707,522,73.8,21,43,Matches
359,Ignacio Pussetto\Ignacio-Pussetto,ar ARG,FWMF,Watford,23,1995,0.6,46,3,16,22,10,1,45,1,4,25.0,2,0,22,141,47,25,18,72.0,2,4,Matches
360,Domingos Quina\Domingos-Quina,pt POR,MF,Watford,19,1999,0.2,19,0,6,10,4,0,19,1,2,50.0,1,0,14,96,52,18,11,61.1,1,2,Matches
361,Aaron Ramsdale\Aaron-Ramsdale,eng ENG,GK,Bournemouth,21,1998,28.0,960,877,955,6,0,0,631,0,0,,0,0,412,2302,1281,315,311,98.7,0,0,Matches
362,Darren Randolph\Darren-Randolph,ie IRL,GK,West Ham,32,1987,2.0,47,42,47,0,0,0,29,0,0,,0,0,16,128,100,11,11,100.0,0,0,Matches
363,Marcus Rashford\Marcus-Rashford,eng ENG,FW,Manchester Utd,21,1997,20.9,890,14,52,349,578,115,854,56,106,52.8,61,9,677,5478,3860,1058,709,67.0,49,34,Matches
364,Nathan Redmond\Nathan-Redmond,eng ENG,MFFW,Southampton,25,1994,21.8,975,22,128,463,483,86,959,60,98,61.2,66,3,778,6763,4086,1000,668,66.8,43,42,Matches
365,Pepe Reina\Pepe-Reina,es ESP,GK,Aston Villa,36,1982,6.0,219,196,215,5,0,0,162,0,0,,0,0,88,503,265,97,96,99.0,0,0,Matches
366,Declan Rice\Declan-Rice,eng ENG,MF,West Ham,20,1999,29.0,1578,90,475,1014,211,25,1556,33,42,78.6,35,0,1036,7237,3000,1014,944,93.1,16,23,Matches
367,Richarlison\Richarlison,br BRA,FW,Everton,22,1997,26.2,1110,42,137,452,619,154,1089,54,87,62.1,58,2,803,6490,3839,1224,757,61.8,72,84,Matches
368,Diego Rico\Diego-Rico,es ESP,DF,Bournemouth,26,1993,19.9,1418,67,488,605,387,10,1138,18,37,48.6,21,5,706,3247,1827,730,684,93.7,11,16,Matches
369,Jaïro Riedewald\Jairo-Riedewald,nl NED,DF,Crystal Palace,22,1996,6.8,397,32,127,202,85,6,323,8,12,66.7,8,0,208,882,491,214,197,92.1,5,3,Matches
370,Matt Ritchie\Matt-Ritchie,sco SCO,DFMF,Newcastle Utd,29,1989,7.9,459,29,131,172,179,10,366,8,10,80.0,8,0,233,1412,655,294,232,78.9,6,5,Matches
371,Roberto\Roberto,es ESP,GK,West Ham,33,1986,7.6,265,235,262,4,0,0,188,0,0,,0,0,106,587,368,85,84,98.8,0,0,Matches
372,Patrick Roberts\Patrick-Roberts,eng ENG,MFFW,Norwich City,22,1997,0.3,13,0,2,9,3,0,12,3,3,100.0,3,0,14,110,76,12,11,91.7,0,0,Matches
373,Andrew Robertson\Andrew-Robertson,sco SCO,DF,Liverpool,25,1994,27.2,2484,80,546,1227,896,76,2207,17,35,48.6,22,0,1623,8658,5339,1833,1701,92.8,25,16,Matches
374,Callum Robinson\Callum-Robinson,ie IRL,FW,Sheffield Utd,24,1995,7.5,230,0,23,97,124,31,221,7,15,46.7,9,0,176,1048,519,366,165,45.1,14,17,Matches
375,Rodri\Rodri,es ESP,MFDF,Manchester City,23,1996,21.7,2152,70,459,1477,365,23,2135,21,24,87.5,21,0,1598,7594,4154,1750,1690,96.6,9,15,Matches
376,Jay Rodriguez\Jay-Rodriguez,eng ENG,FW,Burnley,30,1989,15.3,561,13,54,248,289,59,548,13,31,41.9,16,1,323,1945,866,748,374,50.0,40,26,Matches
377,Marcos Rojo\Marcos-Rojo,ar ARG,DF,Manchester Utd,29,1990,1.3,70,9,24,35,12,3,60,0,1,0.0,0,0,39,201,87,41,40,97.6,1,0,Matches
378,Oriol Romeu\Oriol-Romeu,es ESP,MF,Southampton,27,1991,14.5,854,43,182,568,145,4,844,10,13,76.9,10,0,486,2202,1166,500,470,94.0,8,6,Matches
379,Danny Rose\Danny-Rose,eng ENG,DF,Newcastle Utd,29,1990,3.9,226,6,61,127,51,3,201,2,3,66.7,2,0,132,557,318,141,133,94.3,1,1,Matches
380,Danny Rose\Danny-Rose,eng ENG,DF,Tottenham,29,1990,9.9,682,47,194,340,201,14,594,11,22,50.0,14,1,443,2481,1435,428,415,97.0,5,7,Matches
381,Antonio Rüdiger\Antonio-Rudiger,de GER,DF,Chelsea,26,1993,12.5,1015,123,495,562,49,12,998,0,0,,0,0,693,4005,2285,721,715,99.2,1,4,Matches
382,Lukas Rupp\Lukas-Rupp,de GER,FW,Norwich City,28,1991,3.8,166,7,37,84,53,12,164,7,11,63.6,7,0,117,561,210,150,107,71.3,6,4,Matches
383,Mathew Ryan\Mathew-Ryan,au AUS,GK,Brighton,27,1992,29.0,1184,995,1179,6,1,1,950,0,0,,0,0,704,3096,1458,655,651,99.4,1,0,Matches
384,Allan Saint-Maximin\Allan-Saint-Maximin,fr FRA,MFFW,Newcastle Utd,22,1997,14.2,520,8,95,205,291,60,513,69,107,64.5,72,2,501,5277,3785,514,364,70.8,37,42,Matches
385,Romain Saïss\Romain-Saiss,ma MAR,DF,Wolves,29,1990,22.1,1410,138,670,732,73,24,1379,5,7,71.4,6,1,794,3382,1811,864,831,96.2,5,6,Matches
386,Bukayo Saka\Bukayo-Saka,eng ENG,DFFW,Arsenal,17,2001,13.0,793,32,210,351,288,44,695,21,32,65.6,21,2,551,3567,2247,595,514,86.4,21,26,Matches
387,Mamadou Sakho\Mamadou-Sakho,fr FRA,DFMF,Crystal Palace,29,1990,5.2,317,43,191,141,7,3,311,2,3,66.7,2,0,205,962,486,211,207,98.1,1,2,Matches
388,Mohamed Salah\Mohamed-Salah,eg EGY,FW,Liverpool,27,1992,25.0,1083,4,51,304,792,242,1031,57,82,69.5,60,3,816,5048,3037,1418,834,58.8,70,65,Matches
389,Mbwana Samatta\Mbwana-Samatta,tz TAN,FW,Aston Villa,26,1992,3.9,99,1,3,48,51,12,96,3,5,60.0,3,0,54,306,112,168,66,39.3,9,5,Matches
390,Carlos Sánchez\Carlos-Sanchez,co COL,MFDF,West Ham,33,1986,1.3,66,3,11,49,8,0,66,1,1,100.0,1,0,30,100,29,37,33,89.2,0,1,Matches
391,Davinson Sánchez\Davinson-Sanchez,co COL,DF,Tottenham,23,1996,21.0,1440,235,791,680,41,11,1410,7,10,70.0,7,0,944,4547,2049,952,944,99.2,5,5,Matches
392,Ismaila Sarr\Ismaila-Sarr,sn SEN,FWMF,Watford,21,1998,13.6,587,12,72,227,354,82,584,38,72,52.8,40,1,509,4242,2728,680,432,63.5,33,38,Matches
393,Fabian Schär\Fabian-Schar,ch SUI,DF,Newcastle Utd,27,1991,15.5,836,117,478,341,73,15,784,13,16,81.3,13,1,455,2992,1913,445,427,96.0,6,9,Matches
394,Ezequiel Schelotto\Ezequiel-Schelotto,it ITA,DF,Brighton,30,1989,3.2,203,13,70,70,80,9,169,6,9,66.7,6,1,112,947,530,129,106,82.2,10,5,Matches
395,Jeffrey Schlupp\Jeffrey-Schlupp,gh GHA,MFDF,Crystal Palace,26,1992,9.5,406,15,102,187,137,28,390,9,16,56.3,10,1,259,1463,873,324,259,79.9,16,25,Matches
396,Kasper Schmeichel\Kasper-Schmeichel,dk DEN,GK,Leicester City,32,1986,29.0,966,845,954,15,0,0,686,0,0,,0,0,477,2253,1211,423,422,99.8,0,0,Matches
397,Morgan Schneiderlin\Morgan-Schneiderlin,fr FRA,MF,Everton,29,1989,11.1,681,26,161,449,102,7,665,3,3,100.0,3,0,394,1752,751,459,428,93.2,4,7,Matches
398,Ryan Sessegnon\Ryan-Sessegnon,eng ENG,DF,Tottenham,19,2000,3.8,238,8,53,107,89,9,211,2,3,66.7,2,0,151,704,448,168,150,89.3,8,3,Matches
399,Xherdan Shaqiri\Xherdan-Shaqiri,ch SUI,FW,Liverpool,27,1991,1.9,120,1,18,60,45,3,109,2,4,50.0,2,0,85,346,131,113,91,80.5,3,5,Matches
400,Billy Sharp\Billy-Sharp,eng ENG,FW,Sheffield Utd,33,1986,7.4,232,0,19,81,149,50,229,9,13,69.2,9,0,182,1109,475,376,178,47.3,18,19,Matches
401,Luke Shaw\Luke-Shaw,eng ENG,DF,Manchester Utd,24,1995,13.7,1048,61,318,501,322,19,937,13,19,68.4,14,1,650,3985,2455,695,651,93.7,7,5,Matches
402,Jonjo Shelvey\Jonjo-Shelvey,eng ENG,MF,Newcastle Utd,27,1992,14.9,795,40,238,420,177,8,718,14,20,70.0,15,0,479,2476,1215,505,458,90.7,7,7,Matches
403,Djibril Sidibé\Djibril-Sidibe,fr FRA,DF,Everton,27,1992,18.2,1250,49,348,612,379,18,1074,13,25,52.0,15,4,715,4067,2227,767,677,88.3,23,21,Matches
404,Gylfi Sigurðsson\Gylfi-Sigurdsson,is ISL,MF,Everton,29,1989,22.2,1068,23,150,521,434,48,951,18,30,60.0,21,2,614,2829,1178,742,612,82.5,26,29,Matches
405,Bernardo Silva\Bernardo-Silva,pt POR,FWMF,Manchester City,24,1994,16.6,1251,16,133,538,672,126,1209,38,52,73.1,38,0,973,6292,3886,1113,968,87.0,9,19,Matches
406,David Silva\David-Silva,es ESP,MF,Manchester City,33,1986,14.0,1120,13,85,501,604,133,1082,21,30,70.0,22,0,818,4211,2296,1068,915,85.7,20,14,Matches
407,Jack Simpson\Jack-Simpson,eng ENG,DF,Bournemouth,22,1997,2.6,129,19,65,61,5,1,115,2,3,66.7,2,0,76,342,98,69,64,92.8,2,0,Matches
408,Moussa Sissoko\Moussa-Sissoko,fr FRA,MF,Tottenham,29,1989,18.8,1124,50,284,609,307,27,1075,32,49,65.3,34,4,765,5033,2691,821,728,88.7,13,25,Matches
409,Oliver Skipp\Oliver-Skipp,eng ENG,MFDF,Tottenham,18,2000,0.6,34,1,10,23,2,0,34,2,2,100.0,2,0,23,121,58,21,20,95.2,1,1,Matches
410,William Smallbone\William-Smallbone,ie IRL,MF,Southampton,19,2000,1.8,120,2,20,73,32,2,114,2,3,66.7,2,0,84,364,128,86,81,94.2,0,0,Matches
411,Adam Smith\Adam-Smith,eng ENG,DF,Bournemouth,28,1991,17.3,1023,60,338,510,258,23,865,19,36,52.8,23,4,600,4491,2710,611,562,92.0,18,15,Matches
412,Emile Smith-Rowe\Emile-Smith-Rowe,eng ENG,MF,Arsenal,19,2000,1.1,50,3,12,30,16,0,50,1,1,100.0,1,0,36,281,180,47,39,83.0,5,2,Matches
413,Robert Snodgrass\Robert-Snodgrass,sco SCO,MFFW,West Ham,31,1987,16.8,805,16,140,309,397,60,707,15,27,55.6,16,1,511,3373,1686,664,501,75.5,12,35,Matches
414,Cédric Soares\Cedric-Soares,pt POR,DF,Southampton,27,1991,14.5,910,55,268,426,260,17,715,3,7,42.9,3,0,397,2317,1148,463,416,89.8,13,9,Matches
415,Dominic Solanke\Dominic-Solanke,eng ENG,FWMF,Bournemouth,21,1997,13.1,513,14,64,252,237,58,498,21,45,46.7,22,0,358,2561,1394,592,353,59.6,33,41,Matches
416,Tomáš Souček\Tomas-Soucek,cz CZE,MF,West Ham,24,1995,2.6,113,15,41,56,18,6,112,0,2,0.0,0,0,37,117,45,66,42,63.6,1,1,Matches
417,Çağlar Söyüncü\Caglar-Soyuncu,tr TUR,DF,Leicester City,23,1996,28.0,2116,241,1130,1041,67,29,2078,15,19,78.9,16,0,1408,8439,3935,1474,1452,98.5,8,7,Matches
418,Dennis Srbeny\Dennis-Srbeny,de GER,MFFW,Norwich City,25,1994,0.4,38,1,5,19,15,3,38,1,4,25.0,1,1,26,94,44,44,27,61.4,2,3,Matches
419,Jack Stacey\Jack-Stacey,eng ENG,DF,Bournemouth,23,1996,11.9,671,74,285,281,150,18,575,10,15,66.7,12,0,361,2167,1217,380,335,88.2,10,10,Matches
420,Junior Stanislas\Junior-Stanislas,eng ENG,MFFW,Bournemouth,29,1989,2.5,136,5,24,62,58,3,131,5,9,55.6,6,0,95,565,280,122,97,79.5,2,3,Matches
421,Jed Steer\Jed-Steer,eng ENG,GK,Aston Villa,26,1992,0.1,2,2,2,0,0,0,1,0,0,,0,0,1,0,0,1,1,100.0,0,0,Matches
422,Dale Stephens\Dale-Stephens,eng ENG,MF,Brighton,30,1989,21.6,1601,68,463,973,247,9,1586,7,8,87.5,7,0,1106,5003,1776,1199,1142,95.2,8,15,Matches
423,Jack Stephens\Jack-Stephens,eng ENG,DF,Southampton,25,1994,20.3,1115,149,607,555,35,15,1075,8,10,80.0,8,1,556,3463,1920,575,558,97.0,8,5,Matches
424,Raheem Sterling\Raheem-Sterling,eng ENG,FW,Manchester City,24,1994,22.5,1282,11,73,437,867,238,1268,50,107,46.7,56,2,1051,7136,4911,1320,1054,79.8,36,63,Matches
425,Enda Stevens\Enda-Stevens,ie IRL,DF,Sheffield Utd,29,1990,27.2,1716,66,398,742,684,63,1476,52,72,72.2,53,5,1105,6193,3562,1107,998,90.2,26,42,Matches
426,Marco Stiepermann\Marco-Stiepermann,de GER,MF,Norwich City,28,1991,10.4,455,16,66,242,181,38,436,19,31,61.3,21,3,324,2068,1245,481,330,68.6,15,17,Matches
427,John Stones\John-Stones,eng ENG,DF,Manchester City,25,1994,10.1,830,77,321,534,54,11,819,3,4,75.0,4,0,573,4249,2621,644,632,98.1,1,0,Matches
428,Isaac Success\Isaac-Success,ng NGA,FWMF,Watford,23,1996,0.7,33,0,2,11,24,3,33,1,4,25.0,2,0,28,168,95,55,27,49.1,3,2,Matches
429,Ki Sung-yueng\Ki-Sung-yueng,kr KOR,MF,Newcastle Utd,30,1989,1.5,79,3,24,37,25,1,74,3,3,100.0,3,0,56,278,135,53,51,96.2,1,1,Matches
430,Andrew Surman\Andrew-Surman,eng ENG,MF,Bournemouth,32,1986,2.6,147,9,56,73,22,0,138,1,1,100.0,1,0,73,324,94,83,79,95.2,3,1,Matches
431,Sam Surridge\Sam-Surridge,eng ENG,FW,Bournemouth,21,1998,0.2,5,0,0,2,3,1,5,0,0,,0,0,3,38,33,13,5,38.5,2,0,Matches
432,Japhet Tanganga\Japhet-Tanganga,eng ENG,DF,Tottenham,20,1999,5.8,320,32,137,162,38,2,286,7,10,70.0,7,0,166,855,455,171,156,91.2,5,8,Matches
433,Matt Targett\Matt-Targett,eng ENG,DF,Aston Villa,23,1995,18.8,1156,99,395,481,342,29,973,9,21,42.9,13,0,594,2706,1538,648,602,92.9,5,16,Matches
434,James Tarkowski\James-Tarkowski,eng ENG,DF,Burnley,26,1992,29.0,1360,224,714,607,84,55,1346,12,13,92.3,13,0,576,2799,1142,613,584,95.3,12,5,Matches
435,Charlie Taylor\Charlie-Taylor,eng ENG,DF,Burnley,25,1993,15.3,953,69,294,450,272,9,754,17,33,51.5,20,3,451,3943,1851,452,424,93.8,8,13,Matches
436,Neil Taylor\Neil-Taylor,wal WAL,DF,Aston Villa,30,1989,8.8,462,50,186,203,86,4,391,1,2,50.0,1,0,230,871,415,272,239,87.9,4,2,Matches
437,Alexander Tettey\Alexander-Tettey,no NOR,MFDF,Norwich City,33,1986,19.9,1151,94,427,641,153,11,1142,14,21,66.7,16,0,737,3845,1758,744,718,96.5,22,9,Matches
438,Youri Tielemans\Youri-Tielemans,be BEL,MF,Leicester City,22,1997,23.9,1570,27,235,840,583,48,1519,24,33,72.7,25,1,1092,4688,2572,1330,1178,88.6,27,42,Matches
439,Kieran Tierney\Kieran-Tierney,sco SCO,DF,Arsenal,22,1997,3.3,227,12,62,92,81,7,190,5,7,71.4,5,0,129,654,353,127,118,92.9,5,3,Matches
440,James Tomkins\James-Tomkins,eng ENG,DF,Crystal Palace,30,1989,17.6,857,156,563,294,34,21,829,1,1,100.0,1,0,399,1793,891,456,442,96.9,1,3,Matches
441,Fikayo Tomori\Fikayo-Tomori,eng ENG,DF,Chelsea,21,1997,14.4,1277,148,699,605,50,8,1261,7,11,63.6,9,0,936,4464,2162,959,944,98.4,4,5,Matches
442,Lucas Torreira\Lucas-Torreira,uy URU,MF,Arsenal,23,1996,15.2,992,53,283,599,171,31,966,13,14,92.9,13,1,678,3138,1467,702,646,92.0,11,14,Matches
443,Cenk Tosun\Cenk-Tosun,tr TUR,FW,Everton,28,1991,3.2,96,1,6,29,65,25,95,1,5,20.0,1,0,53,268,81,133,73,54.9,3,2,Matches
444,Cenk Tosun\Cenk-Tosun,tr TUR,FW,Crystal Palace,28,1991,2.0,69,1,10,34,28,10,69,7,8,87.5,7,0,56,343,178,124,54,43.5,5,4,Matches
445,Andros Townsend\Andros-Townsend,eng ENG,MF,Crystal Palace,28,1991,8.8,384,8,68,191,176,18,375,21,31,67.7,21,0,316,2934,1492,320,250,78.1,19,24,Matches
446,Adama Traoré\Adama-Traore,es ESP,FWDF,Wolves,23,1996,23.0,1091,24,113,513,611,98,1056,123,167,73.7,127,3,991,10514,6962,1101,809,73.5,56,64,Matches
447,Mark Travers\Mark-Travers,ie IRL,GK,Bournemouth,20,1999,1.0,33,33,33,0,0,0,24,0,0,,0,0,14,62,30,17,17,100.0,0,0,Matches
448,Trézéguet\Trezeguet,eg EGY,FWMF,Aston Villa,24,1994,14.7,580,21,105,204,326,65,559,35,64,54.7,38,6,417,3578,2325,629,390,62.0,48,23,Matches
449,Leandro Trossard\Leandro-Trossard,be BEL,FWMF,Brighton,24,1994,16.0,816,16,97,332,449,88,779,24,43,55.8,24,1,652,4331,2238,817,600,73.4,30,40,Matches
450,Tom Trybull\Tom-Trybull,de GER,MF,Norwich City,26,1993,11.4,702,53,230,430,80,11,688,7,9,77.8,7,0,469,2180,817,480,444,92.5,11,8,Matches
451,Axel Tuanzebe\Axel-Tuanzebe,eng ENG,DF,Manchester Utd,21,1997,2.1,166,8,59,95,26,0,154,0,3,0.0,0,0,111,774,408,113,109,96.5,1,2,Matches
452,Yan Valery\Yan-Valery,fr FRA,DF,Southampton,20,1999,7.2,386,25,122,153,131,9,308,11,22,50.0,12,0,178,1224,670,205,152,74.1,10,16,Matches
453,Jesús Vallejo\Jesus-Vallejo,es ESP,DF,Wolves,22,1997,1.8,124,20,61,64,6,1,124,1,1,100.0,1,0,85,322,170,90,83,92.2,1,1,Matches
454,Jamie Vardy\Jamie-Vardy,eng ENG,FW,Leicester City,32,1987,24.7,511,18,23,226,282,128,462,18,35,51.4,21,0,282,2252,1478,884,358,40.5,43,12,Matches
455,Indiana Vassilev\Indiana-Vassilev,us USA,FW,Aston Villa,18,2001,0.4,13,0,0,3,11,2,12,1,2,50.0,2,0,13,74,16,25,8,32.0,1,1,Matches
456,Jan Vertonghen\Jan-Vertonghen,be BEL,DF,Tottenham,32,1987,17.2,1240,153,572,655,77,6,1144,2,5,40.0,2,0,735,3768,1947,780,768,98.5,4,6,Matches
457,Jannik Vestergaard\Jannik-Vestergaard,dk DEN,DF,Southampton,26,1992,12.6,710,95,325,387,35,10,670,3,5,60.0,3,0,341,1732,982,378,369,97.6,1,2,Matches
458,Rúben Vinagre\Ruben-Vinagre,pt POR,DF,Wolves,20,1999,5.9,403,16,118,189,122,14,346,13,34,38.2,16,1,270,1988,1352,257,224,87.2,9,12,Matches
459,Mario Vrančić\Mario-Vrancic,ba BIH,MF,Norwich City,30,1989,4.2,330,8,79,184,85,9,321,1,2,50.0,1,0,200,1034,616,240,220,91.7,4,8,Matches
460,Matěj Vydra\Matej-Vydra,cz CZE,FW,Burnley,27,1992,3.7,99,3,3,33,68,18,97,5,10,50.0,6,1,57,354,215,184,69,37.5,14,7,Matches
461,Theo Walcott\Theo-Walcott,eng ENG,MFFW,Everton,30,1989,11.9,463,6,55,174,264,64,456,18,30,60.0,20,2,340,2066,1249,478,329,68.8,25,24,Matches
462,Kyle Walker\Kyle-Walker,eng ENG,DF,Manchester City,29,1990,20.1,1734,51,354,1083,444,24,1569,17,23,73.9,19,2,1187,7528,4315,1303,1240,95.2,11,15,Matches
463,Kyle Walker-Peters\Kyle-Walker-Peters,eng ENG,DF,Tottenham,22,1997,2.7,244,12,67,117,75,6,219,3,4,75.0,3,0,188,964,599,177,171,96.6,0,4,Matches
464,Kyle Walker-Peters\Kyle-Walker-Peters,eng ENG,DF,Southampton,22,1997,0.8,66,0,22,37,9,2,44,4,4,100.0,4,0,31,133,67,30,29,96.7,1,0,Matches
465,Aaron Wan-Bissaka\Aaron-Wan-Bissaka,eng ENG,DF,Manchester Utd,21,1997,25.9,1952,81,580,915,566,33,1651,50,75,66.7,51,1,1152,6286,3742,1165,1070,91.8,20,31,Matches
466,Victor Wanyama\Victor-Wanyama,ke KEN,MF,Tottenham,28,1991,0.3,21,0,5,19,1,0,19,1,1,100.0,1,0,12,112,74,12,12,100.0,0,0,Matches
467,Joel Ward\Joel-Ward,eng ENG,DF,Crystal Palace,29,1989,17.5,999,73,331,495,214,5,812,8,13,61.5,9,1,498,2351,1255,501,469,93.6,6,12,Matches
468,James Ward-Prowse\James-Ward-Prowse,eng ENG,MFDF,Southampton,24,1994,29.0,1751,90,355,895,560,38,1459,13,17,76.5,14,1,779,3020,1230,951,820,86.2,15,9,Matches
469,Adam Webster\Adam-Webster,eng ENG,DF,Brighton,24,1995,22.4,1753,260,1012,778,112,27,1688,9,11,81.8,9,0,1114,7786,4919,1173,1152,98.2,7,13,Matches
470,Danny Welbeck\Danny-Welbeck,eng ENG,FWMF,Watford,28,1990,3.1,103,1,9,42,56,10,100,5,11,45.5,5,0,79,530,197,149,74,49.7,12,3,Matches
471,Ashley Westwood\Ashley-Westwood,eng ENG,MF,Burnley,29,1990,26.0,1447,50,211,891,382,14,1297,8,17,47.1,8,0,814,3014,1254,905,821,90.7,9,13,Matches
472,Connor Wickham\Connor-Wickham,eng ENG,FWMF,Crystal Palace,26,1993,1.0,62,0,5,28,31,7,60,2,3,66.7,2,0,29,157,56,79,46,58.2,4,4,Matches
473,Georginio Wijnaldum\Georginio-Wijnaldum,nl NED,MF,Liverpool,28,1990,25.9,1479,33,227,927,421,61,1458,42,66,63.6,43,4,1167,6220,2791,1248,1090,87.3,28,33,Matches
474,Jetro Willems\Jetro-Willems,nl NED,DF,Newcastle Utd,25,1994,16.6,755,61,262,301,223,22,627,30,39,76.9,30,0,408,2043,1313,407,346,85.0,9,7,Matches
475,Brandon Williams\Brandon-Williams,eng ENG,DF,Manchester Utd,18,2000,8.4,542,27,164,251,174,24,489,11,16,68.8,12,0,375,2502,1654,386,350,90.7,11,9,Matches
476,Willian\Willian,br BRA,FW,Chelsea,30,1988,21.4,1418,13,156,596,786,102,1331,51,71,71.8,54,3,1100,9154,5033,1303,1064,81.7,47,32,Matches
477,Joe Willock\Joe-Willock,eng ENG,MF,Arsenal,19,1999,6.4,372,20,81,212,119,23,369,16,22,72.7,17,2,289,2132,1298,303,243,80.2,20,17,Matches
478,Jack Wilshere\Jack-Wilshere,eng ENG,MF,West Ham,27,1992,1.9,87,1,12,54,25,3,86,5,7,71.4,6,0,67,440,228,73,58,79.5,3,10,Matches
479,Callum Wilson\Callum-Wilson,eng ENG,FW,Bournemouth,27,1992,26.1,693,18,59,279,397,133,668,20,43,46.5,21,0,488,2847,1592,1124,492,43.8,80,43,Matches
480,Harry Wilson\Harry-Wilson,wal WAL,MFFW,Bournemouth,22,1997,16.1,715,18,107,317,330,48,662,16,32,50.0,18,0,469,3044,1509,547,444,81.2,28,17,Matches
481,Harry Winks\Harry-Winks,eng ENG,MF,Tottenham,23,1996,17.7,1383,38,296,917,267,4,1341,12,20,60.0,13,0,1002,5747,2947,1091,1055,96.7,8,11,Matches
482,Chris Wood\Chris-Wood,nz NZL,FW,Burnley,27,1991,23.0,648,18,48,265,357,86,639,9,20,45.0,10,1,315,1334,637,1136,498,43.8,75,25,Matches
483,Granit Xhaka\Granit-Xhaka,ch SUI,MF,Arsenal,26,1992,21.2,1658,97,502,1023,232,14,1614,20,24,83.3,20,1,1204,5657,2838,1260,1201,95.3,4,10,Matches
484,Andriy Yarmolenko\Andriy-Yarmolenko,ua UKR,MF,West Ham,29,1989,9.2,419,6,58,180,202,45,412,7,12,58.3,7,0,310,1827,1020,460,325,70.7,18,15,Matches
485,DeAndre Yedlin\DeAndre-Yedlin,us USA,DF,Newcastle Utd,26,1993,8.6,345,30,128,136,99,4,311,5,10,50.0,5,0,181,1023,630,242,193,79.8,3,4,Matches
486,Maya Yoshida\Maya-Yoshida,jp JPN,DF,Southampton,30,1988,6.2,317,38,166,143,20,6,309,1,1,100.0,1,0,170,820,287,194,187,96.4,1,3,Matches
487,Ashley Young\Ashley-Young,eng ENG,DF,Manchester Utd,34,1985,10.6,836,36,192,443,240,12,656,8,17,47.1,9,2,503,2166,1220,508,479,94.3,5,3,Matches
488,Pablo Zabaleta\Pablo-Zabaleta,ar ARG,DF,West Ham,34,1985,6.5,398,37,118,205,93,8,332,0,2,0.0,0,0,197,1004,530,228,202,88.6,2,2,Matches
489,Wilfried Zaha\Wilfried-Zaha,ci CIV,MFFW,Crystal Palace,26,1992,28.3,1476,7,159,694,780,183,1453,138,223,61.9,145,6,1367,11004,7288,1543,1149,74.5,96,129,Matches
490,Christoph Zimmermann\Christoph-Zimmermann,de GER,DF,Norwich City,26,1993,14.4,779,155,504,318,20,7,761,4,5,80.0,4,0,426,3080,1891,439,436,99.3,4,4,Matches
491,Oleksandr Zinchenko\Oleksandr-Zinchenko,ua UKR,DF,Manchester City,22,1996,10.1,1010,19,206,517,353,4,928,4,8,50.0,4,0,640,2718,1609,778,749,96.3,5,6,Matches
492,Kurt Zouma\Kurt-Zouma,fr FRA,DF,Chelsea,24,1994,20.0,1690,196,926,833,40,16,1665,7,11,63.6,8,0,1162,6021,3238,1224,1205,98.4,6,3,Matches