Rk,Player,Nation,Pos,Squad,Age,Born,90s,CrdY,CrdR,2CrdY,Fls,Fld,Off,Crs,Int,TklW,PKwon,PKcon,OG,Recov,Won,Lost,Won%,Matches
1,Patrick van Aanholt\Patrick-van-Aanholt,nl NED,DF,Crystal Palace,28,1990,21.0,0,0,0,3,5,2,67,35,28,0,0,1,174,9,12,42.9,Matches
2,Max Aarons\Max-Aarons,eng ENG,DF,Norwich City,19,2000,27.0,6,0,0,21,38,1,56,21,24,1,0,0,212,14,33,29.8,Matches
3,Tammy Abraham\Tammy-Abraham,eng ENG,FW,Chelsea,21,1997,21.6,2,0,0,16,21,20,10,4,8,1,0,1,82,57,94,37.7,Matches
4,Che Adams\Che-Adams,eng ENG,FW,Southampton,23,1996,8.1,0,0,0,13,6,7,8,2,1,1,0,0,52,18,56,24.3,Matches
5,Adrián\Adrian,es ESP,GK,Liverpool,32,1987,9.7,1,0,0,0,1,0,0,0,0,0,0,0,47,0,0,,Matches
6,Sergio Agüero\Sergio-Aguero,ar ARG,FW,Manchester City,31,1988,15.6,1,0,0,8,8,6,10,3,5,1,0,0,60,2,14,12.5,Matches
7,Albian Ajeti\Albian-Ajeti,ch SUI,MFFW,West Ham,22,1997,1.4,0,0,0,6,0,2,0,1,0,0,0,0,4,1,9,10.0,Matches
8,Nathan Aké\Nathan-Ake,nl NED,DF,Bournemouth,24,1995,22.4,1,0,0,8,12,3,4,29,7,0,0,0,207,49,45,52.1,Matches
9,Marc Albrighton\Marc-Albrighton,eng ENG,MF,Leicester City,29,1989,5.3,1,0,0,6,8,1,39,5,6,0,1,0,63,2,2,50.0,Matches
10,Toby Alderweireld\Toby-Alderweireld,be BEL,DF,Tottenham,30,1989,26.9,4,0,0,16,4,1,8,23,20,0,0,1,280,61,47,56.5,Matches
11,Trent Alexander-Arnold\Trent-Alexander-Arnold,eng ENG,DF,Liverpool,20,1998,28.3,4,0,0,20,8,1,308,36,20,0,0,0,289,13,29,31.0,Matches
12,Alisson\Alisson,br BRA,GK,Liverpool,26,1992,19.3,0,1,0,1,1,0,0,1,0,0,0,0,102,0,0,,Matches
13,Dele Alli\Dele-Alli,eng ENG,MFFW,Tottenham,23,1996,19.6,2,0,0,11,32,6,7,13,28,0,0,0,151,13,26,33.3,Matches
14,Miguel Almirón\Miguel-Almiron,py PAR,FWMF,Newcastle Utd,25,1994,26.4,5,0,0,24,50,20,33,26,25,0,0,0,181,8,30,21.1,Matches
15,Marcos Alonso\Marcos-Alonso,es ESP,DF,Chelsea,28,1990,9.5,3,0,0,9,8,2,31,14,12,1,0,0,120,25,21,54.3,Matches
16,Steven Alzate\Steven-Alzate,co COL,MFDF,Brighton,20,1998,13.1,1,0,0,17,18,3,9,13,23,0,0,0,137,14,11,56.0,Matches
17,Ibrahim Amadou\Ibrahim-Amadou,fr FRA,DFMF,Norwich City,26,1993,8.4,1,0,0,8,2,0,1,17,7,0,1,0,75,15,14,51.7,Matches
18,Felipe Anderson\Felipe-Anderson,br BRA,MFFW,West Ham,26,1993,15.7,1,0,0,16,22,2,35,21,30,0,0,0,125,4,21,16.0,Matches
19,Florin Andone\Florin-Andone,ro ROU,MFFW,Brighton,26,1993,0.8,0,1,0,2,3,0,0,0,2,0,0,0,7,2,3,40.0,Matches
20,Angeliño\Angelino,es ESP,DF,Manchester City,22,1997,4.7,1,0,0,2,2,0,42,9,5,0,0,0,49,8,8,50.0,Matches
21,Faustino Anjorin\Faustino-Anjorin,eng ENG,FW,Chelsea,17,2001,0.2,0,0,0,0,1,0,0,0,0,0,0,0,1,0,0,,Matches
22,Michail Antonio\Michail-Antonio,eng ENG,FWMF,West Ham,29,1990,11.4,1,0,0,23,17,8,33,9,8,0,0,0,64,36,71,33.6,Matches
23,Stuart Armstrong\Stuart-Armstrong,sco SCO,MF,Southampton,27,1992,12.7,3,0,0,18,15,2,19,5,17,0,0,0,107,8,22,26.7,Matches
24,Kepa Arrizabalaga\Kepa-Arrizabalaga,es ESP,GK,Chelsea,24,1994,25.0,0,0,0,0,5,0,0,1,0,0,0,0,103,0,0,,Matches
25,Christian Atsu\Christian-Atsu,gh GHA,FWMF,Newcastle Utd,27,1992,8.1,2,0,0,11,10,4,16,2,9,0,0,0,49,7,12,36.8,Matches
26,Pierre-Emerick Aubameyang\Pierre-Emerick-Aubameyang,ga GAB,FW,Arsenal,30,1989,25.6,3,1,0,14,13,15,70,8,19,0,0,0,93,21,46,31.3,Matches
27,Serge Aurier\Serge-Aurier,ci CIV,DF,Tottenham,26,1992,21.3,3,1,1,29,10,4,97,31,43,0,2,1,237,46,47,49.5,Matches
28,Jordan Ayew\Jordan-Ayew,gh GHA,FWMF,Crystal Palace,27,1991,26.6,5,0,0,43,75,8,18,10,19,0,0,0,163,53,140,27.5,Matches
29,César Azpilicueta\Cesar-Azpilicueta,es ESP,DF,Chelsea,29,1989,26.9,0,0,0,31,9,3,81,49,49,0,0,0,285,73,46,61.3,Matches
30,Eric Bailly\Eric-Bailly,ci CIV,DF,Manchester Utd,25,1994,1.1,0,0,0,1,0,0,0,2,0,0,0,0,15,5,1,83.3,Matches
31,Leighton Baines\Leighton-Baines,eng ENG,DF,Everton,34,1984,3.7,0,0,0,1,3,0,26,5,6,0,0,0,25,6,5,54.5,Matches
32,Fabián Balbuena\Fabian-Balbuena,py PAR,DF,West Ham,27,1991,12.0,2,0,0,6,1,0,1,24,11,0,0,0,126,46,26,63.9,Matches
33,George Baldock\George-Baldock,eng ENG,DF,Sheffield Utd,26,1993,28.0,6,0,0,35,32,8,91,30,39,1,0,0,226,26,40,39.4,Matches
34,Phil Bardsley\Phil-Bardsley,sco SCO,DF,Burnley,34,1985,14.0,4,0,0,27,10,0,23,17,25,0,0,0,125,19,17,52.8,Matches
35,Ross Barkley\Ross-Barkley,eng ENG,MF,Chelsea,25,1993,7.5,0,0,0,5,5,0,7,6,7,0,0,0,61,8,7,53.3,Matches
36,Ashley Barnes\Ashley-Barnes,at AUT,FW,Burnley,29,1989,15.1,4,0,0,35,40,13,5,6,4,1,0,0,65,42,86,32.8,Matches
37,Harvey Barnes\Harvey-Barnes,eng ENG,MF,Leicester City,21,1997,19.1,0,0,0,17,21,4,34,5,11,1,0,0,93,24,29,45.3,Matches
38,Chris Basham\Chris-Basham,eng ENG,DF,Sheffield Utd,31,1988,27.1,4,0,0,22,26,5,35,58,35,0,1,0,315,87,54,61.7,Matches
39,Borja Bastón\Borja-Baston,es ESP,MFFW,Aston Villa,26,1992,0.2,0,0,0,0,0,0,0,0,0,0,0,0,2,1,3,25.0,Matches
40,Michy Batshuayi\Michy-Batshuayi,be BEL,FW,Chelsea,25,1993,2.5,0,0,0,4,4,7,0,0,1,0,0,0,17,6,15,28.6,Matches
41,Jan Bednarek\Jan-Bednarek,pl POL,DF,Southampton,23,1996,27.0,3,0,0,27,11,0,1,56,31,0,1,0,310,98,42,70.0,Matches
42,Héctor Bellerín\Hector-Bellerin,es ESP,DF,Arsenal,24,1995,6.9,2,0,0,8,2,0,20,9,10,0,0,0,52,8,10,44.4,Matches
43,Ryan Bennett\Ryan-Bennett,eng ENG,DF,Wolves,29,1990,6.7,2,0,0,4,1,0,4,9,3,0,0,0,66,22,11,66.7,Matches
44,Nabil Bentaleb\Nabil-Bentaleb,dz ALG,MF,Newcastle Utd,24,1994,3.0,2,0,0,7,2,0,0,10,6,0,0,0,30,3,4,42.9,Matches
45,Christian Benteke\Christian-Benteke,be BEL,FW,Crystal Palace,28,1990,10.2,4,0,0,19,12,9,4,4,5,0,0,0,45,80,79,50.3,Matches
46,Jóhann Berg Guðmundsson\Johann-Berg-Gudmundsson,is ISL,MF,Burnley,28,1990,4.5,0,0,0,3,2,0,25,5,3,0,0,0,29,6,11,35.3,Matches
47,Sander Berge\Sander-Berge,no NOR,MF,Sheffield Utd,21,1998,2.3,0,0,0,3,0,0,5,3,4,0,0,0,19,10,6,62.5,Matches
48,Steven Bergwijn\Steven-Bergwijn,nl NED,FWMF,Tottenham,21,1997,4.6,1,0,0,4,7,0,2,2,3,1,0,0,39,4,4,50.0,Matches
49,Bernard\Bernard,br BRA,MFFW,Everton,26,1992,11.4,2,0,0,15,8,0,32,11,11,0,0,0,86,1,11,8.3,Matches
50,Bernardo\Bernardo,br BRA,DF,Brighton,24,1995,6.0,1,0,0,3,1,1,14,4,14,0,0,0,56,21,6,77.8,Matches
51,Ryan Bertrand\Ryan-Bertrand,eng ENG,DF,Southampton,29,1989,22.5,3,1,0,20,26,1,94,25,23,0,0,0,204,47,42,52.8,Matches
52,Muhamed Bešić\Muhamed-Besic,ba BIH,MF,Sheffield Utd,26,1992,2.7,2,0,0,6,2,0,1,2,6,0,0,0,28,5,5,50.0,Matches
53,Philip Billing\Philip-Billing,dk DEN,MF,Bournemouth,23,1996,24.1,7,0,0,35,19,1,13,63,43,0,0,0,282,86,54,61.4,Matches
54,Yves Bissouma\Yves-Bissouma,ml MLI,MF,Brighton,22,1996,7.4,2,0,0,14,7,0,5,8,20,0,0,0,82,9,9,50.0,Matches
55,Willy Boly\Willy-Boly,fr FRA,DF,Wolves,28,1991,13.0,3,1,1,16,4,1,2,25,26,0,0,0,108,44,16,73.3,Matches
56,Gaëtan Bong\Gaetan-Bong,cm CMR,MFDF,Brighton,31,1988,0.6,0,0,0,0,1,0,5,0,0,0,0,0,4,0,3,0.0,Matches
57,Sofiane Boufal\Sofiane-Boufal,ma MAR,MFFW,Southampton,25,1993,8.4,2,0,0,25,20,2,27,3,11,0,1,0,69,8,11,42.1,Matches
58,Jarrod Bowen\Jarrod-Bowen,eng ENG,FWMF,West Ham,22,1996,2.0,0,0,0,2,4,0,6,5,5,0,0,0,15,0,6,0.0,Matches
59,Robbie Brady\Robbie-Brady,ie IRL,MF,Burnley,27,1992,4.4,1,0,0,7,4,0,10,3,4,0,0,0,36,11,3,78.6,Matches
60,Claudio Bravo\Claudio-Bravo,cl CHI,GK,Manchester City,36,1983,3.8,0,0,0,0,0,0,0,0,0,0,0,0,11,0,0,,Matches
61,Armando Broja\Armando-Broja,al ALB,FW,Chelsea,17,2001,0.0,0,0,0,0,1,0,0,0,0,0,0,0,0,0,1,0.0,Matches
62,Josh Brownhill\Josh-Brownhill,eng ENG,MF,Burnley,23,1995,0.0,0,0,0,0,0,0,0,0,0,0,0,0,2,0,0,,Matches
63,Emi Buendía\Emi-Buendia,ar ARG,FWMF,Norwich City,22,1996,22.4,4,0,0,26,47,2,137,19,49,0,0,0,184,18,40,31.0,Matches
64,Dan Burn\Dan-Burn,eng ENG,DF,Brighton,27,1992,23.9,4,0,0,23,12,3,39,33,33,0,0,0,243,97,35,73.5,Matches
65,Sam Byram\Sam-Byram,eng ENG,DF,Norwich City,25,1993,14.4,4,0,0,16,8,1,7,24,23,0,0,0,152,42,30,58.3,Matches
66,Willy Caballero\Willy-Caballero,ar ARG,GK,Chelsea,37,1981,4.0,0,0,0,0,0,0,0,0,0,0,0,0,14,0,0,,Matches
67,Gary Cahill\Gary-Cahill,eng ENG,DF,Crystal Palace,33,1985,20.0,1,0,0,13,10,0,0,14,9,0,0,0,182,68,37,64.8,Matches
68,Dominic Calvert-Lewin\Dominic-Calvert-Lewin,eng ENG,FW,Everton,22,1997,21.2,7,0,0,40,36,8,15,4,10,0,0,0,81,126,146,46.3,Matches
69,Víctor Camarasa\Victor-Camarasa,es ESP,MF,Crystal Palace,25,1994,0.1,0,0,0,0,0,0,0,0,0,0,0,0,0,0,0,,Matches
70,João Cancelo\Joao-Cancelo,pt POR,DF,Manchester City,25,1994,8.7,2,0,0,11,6,0,27,16,17,0,0,0,91,15,13,53.6,Matches
71,Todd Cantwell\Todd-Cantwell,eng ENG,FW,Norwich City,21,1998,23.1,4,0,0,23,55,3,21,14,27,0,1,0,149,13,35,27.1,Matches
72,Étienne Capoue\Etienne-Capoue,fr FRA,MF,Watford,31,1988,23.8,7,0,0,47,32,0,12,56,49,0,0,0,332,38,12,76.0,Matches
73,Andy Carroll\Andy-Carroll,eng ENG,FW,Newcastle Utd,30,1989,5.6,1,0,0,11,14,4,5,1,1,0,0,0,33,67,51,56.8,Matches
74,Jonny Castro\Jonny-Castro,es ESP,DF,Wolves,25,1994,24.4,4,0,0,28,20,2,43,45,46,0,0,0,182,34,45,43.0,Matches
75,Craig Cathcart\Craig-Cathcart,nir NIR,DF,Watford,30,1989,26.2,6,0,0,11,2,0,1,18,25,0,0,0,230,64,40,61.5,Matches
76,Dani Ceballos\Dani-Ceballos,es ESP,MF,Arsenal,22,1996,10.1,0,0,0,11,23,0,39,12,16,0,0,0,109,5,14,26.3,Matches
77,Nathaniel Chalobah\Nathaniel-Chalobah,eng ENG,MF,Watford,24,1994,8.6,1,0,0,4,7,0,16,12,14,0,0,0,102,10,9,52.6,Matches
78,Calum Chambers\Calum-Chambers,eng ENG,DF,Arsenal,24,1995,12.3,5,0,0,18,4,0,34,15,18,0,1,0,123,37,27,57.8,Matches
79,Ben Chilwell\Ben-Chilwell,eng ENG,DF,Leicester City,22,1996,22.9,2,0,0,26,28,0,86,25,22,0,0,0,196,55,17,76.4,Matches
80,Tahith Chong\Tahith-Chong,nl NED,FWMF,Manchester Utd,19,1999,0.4,0,0,0,2,1,0,0,0,0,0,0,0,2,0,2,0.0,Matches
81,Hamza Choudhury\Hamza-Choudhury,eng ENG,MF,Leicester City,21,1997,8.7,4,1,1,11,7,0,3,26,13,0,0,0,99,10,7,58.8,Matches
82,Andreas Christensen\Andreas-Christensen,dk DEN,DF,Chelsea,23,1996,14.0,5,0,0,12,9,0,0,21,19,0,0,0,124,48,23,67.6,Matches
83,Ciaran Clark\Ciaran-Clark,ie IRL,DF,Newcastle Utd,29,1989,13.2,3,0,0,9,7,0,0,13,12,0,0,0,100,31,31,50.0,Matches
84,Leon Clarke\Leon-Clarke,eng ENG,MF,Sheffield Utd,34,1985,0.1,0,0,0,0,0,0,0,0,0,0,0,0,0,0,0,,Matches
85,Tom Cleverley\Tom-Cleverley,eng ENG,MF,Watford,29,1989,7.3,0,0,0,8,3,0,16,6,9,0,0,0,65,5,9,35.7,Matches
86,Conor Coady\Conor-Coady,eng ENG,DF,Wolves,26,1993,29.0,3,0,0,10,6,0,0,18,21,0,1,0,287,31,16,66.0,Matches
87,Séamus Coleman\Seamus-Coleman,ie IRL,DF,Everton,30,1988,13.2,5,1,1,12,12,1,36,18,18,0,0,0,148,18,17,51.4,Matches
88,Aaron Connolly\Aaron-Connolly,ie IRL,FW,Brighton,19,2000,9.3,0,0,0,11,29,10,8,0,4,1,0,0,33,13,25,34.2,Matches
89,Lewis Cook\Lewis-Cook,eng ENG,MF,Bournemouth,22,1997,11.2,3,0,0,12,9,0,9,19,10,0,0,0,132,11,11,50.0,Matches
90,Steve Cook\Steve-Cook,eng ENG,DF,Bournemouth,28,1991,20.5,4,1,0,12,12,1,2,35,8,0,1,0,215,82,46,64.1,Matches
91,Jack Cork\Jack-Cork,eng ENG,MF,Burnley,30,1989,26.3,1,0,0,29,23,1,6,24,25,0,0,0,310,48,56,46.2,Matches
92,Aaron Cresswell\Aaron-Cresswell,eng ENG,DF,West Ham,29,1989,22.5,7,0,0,15,13,1,98,26,24,0,0,0,223,37,22,62.7,Matches
93,Patrick Cutrone\Patrick-Cutrone,it ITA,FW,Wolves,21,1998,3.2,0,0,0,5,9,4,6,2,4,0,0,0,25,5,21,19.2,Matches
94,Diogo Dalot\Diogo-Dalot,pt POR,DF,Manchester Utd,20,1999,0.7,0,0,0,1,0,0,3,2,2,0,0,0,8,4,0,100.0,Matches
95,Charlie Daniels\Charlie-Daniels,eng ENG,DF,Bournemouth,32,1986,1.4,0,0,0,0,0,0,5,1,0,0,0,0,9,2,1,66.7,Matches
96,Scott Dann\Scott-Dann,eng ENG,DF,Crystal Palace,32,1987,7.1,0,0,0,2,0,0,0,7,1,0,0,0,77,21,14,60.0,Matches
97,Kevin Danso\Kevin-Danso,at AUT,DF,Southampton,20,1998,3.1,2,1,1,4,2,0,4,3,4,0,0,0,28,11,10,52.4,Matches
98,Ben Davies\Ben-Davies,wal WAL,DF,Tottenham,26,1993,7.0,2,0,0,11,6,1,15,10,6,0,0,0,66,19,10,65.5,Matches
99,Tom Davies\Tom-Davies,eng ENG,MF,Everton,21,1998,15.2,7,0,0,23,27,1,7,26,12,0,0,0,185,21,26,44.7,Matches
100,Keinan Davis\Keinan-Davis,eng ENG,FW,Aston Villa,21,1998,1.4,0,0,0,2,1,1,0,0,1,0,0,0,11,3,8,27.3,Matches
101,Craig Dawson\Craig-Dawson,eng ENG,DF,Watford,29,1990,17.2,4,0,0,18,6,0,4,22,11,0,0,0,156,60,18,76.9,Matches
102,Kevin De Bruyne\Kevin-De-Bruyne,be BEL,MF,Manchester City,28,1991,24.0,2,0,0,23,19,1,244,13,19,0,0,0,197,12,18,40.0,Matches
103,Troy Deeney\Troy-Deeney,eng ENG,FW,Watford,31,1988,16.7,3,0,0,22,22,9,5,10,13,1,0,0,82,126,205,38.1,Matches
104,Fabian Delph\Fabian-Delph,eng ENG,MF,Everton,29,1989,13.2,5,1,1,18,7,0,8,16,11,0,0,0,175,12,10,54.5,Matches
105,Leander Dendoncker\Leander-Dendoncker,be BEL,DFMF,Wolves,24,1995,25.3,4,0,0,22,7,0,8,34,35,0,1,1,254,73,57,56.2,Matches
106,Gerard Deulofeu\Gerard-Deulofeu,es ESP,FW,Watford,25,1994,23.4,3,0,0,27,22,18,91,24,21,1,0,0,164,3,15,16.7,Matches
107,Eric Dier\Eric-Dier,eng ENG,MFDF,Tottenham,25,1994,9.9,4,0,0,11,1,1,3,9,13,0,0,0,105,47,23,67.1,Matches
108,Lucas Digne\Lucas-Digne,fr FRA,DF,Everton,26,1993,24.9,2,0,0,25,17,3,218,35,25,0,0,1,262,78,36,68.4,Matches
109,Virgil van Dijk\Virgil-van-Dijk,nl NED,DF,Liverpool,28,1991,29.0,1,0,0,10,21,1,0,26,19,0,0,0,369,138,33,80.7,Matches
110,Issa Diop\Issa-Diop,fr FRA,DF,West Ham,22,1997,21.7,8,0,0,23,9,1,1,37,14,0,2,0,222,64,24,72.7,Matches
111,Moussa Djenepo\Moussa-Djenepo,ml MLI,MFDF,Southampton,21,1998,10.3,4,1,0,23,30,3,23,10,18,0,0,0,55,5,14,26.3,Matches
112,Matt Doherty\Matt-Doherty,ie IRL,DF,Wolves,27,1992,23.9,1,0,0,17,13,2,34,32,21,1,0,0,200,81,68,54.4,Matches
113,Abdoulaye Doucouré\Abdoulaye-Doucoure,fr FRA,MF,Watford,26,1993,27.2,8,0,0,41,10,4,18,25,44,0,1,1,351,39,39,50.0,Matches
114,Danny Drinkwater\Danny-Drinkwater,eng ENG,MF,Aston Villa,29,1990,2.9,1,0,0,7,1,0,1,5,5,0,0,0,46,2,2,50.0,Matches
115,Danny Drinkwater\Danny-Drinkwater,eng ENG,MF,Burnley,29,1990,0.7,0,0,0,1,0,0,0,1,2,0,0,0,8,0,1,0.0,Matches
116,Josip Drmić\Josip-Drmic,ch SUI,FWMF,Norwich City,26,1992,2.4,0,0,0,2,3,3,1,0,2,0,0,0,19,3,14,17.6,Matches
117,Martin Dúbravka\Martin-Dubravka,sk SVK,GK,Newcastle Utd,30,1989,29.0,0,0,0,0,4,0,0,1,0,0,0,0,135,0,0,,Matches
118,Ondrej Duda\Ondrej-Duda,sk SVK,MF,Norwich City,24,1994,6.5,0,0,0,8,8,1,35,5,12,0,0,0,58,7,19,26.9,Matches
119,Shane Duffy\Shane-Duffy,ie IRL,DF,Brighton,27,1992,11.9,1,0,0,13,9,0,1,20,8,0,0,0,123,59,14,80.8,Matches
120,Paul Dummett\Paul-Dummett,wal WAL,DF,Newcastle Utd,27,1991,13.7,2,0,0,4,6,0,15,19,6,0,0,1,121,35,23,60.3,Matches
121,Lewis Dunk\Lewis-Dunk,eng ENG,DF,Brighton,27,1991,27.0,9,0,0,16,15,0,1,43,23,0,0,0,342,67,35,65.7,Matches
122,Ederson\Ederson,br BRA,GK,Manchester City,25,1993,24.1,3,1,0,2,2,0,0,2,1,0,0,0,107,0,0,,Matches
123,John Egan\John-Egan,ie IRL,DF,Sheffield Utd,26,1992,26.9,2,0,0,27,13,1,2,42,23,0,1,0,275,98,42,70.0,Matches
124,Harvey Elliot\Harvey-Elliot,eng ENG,FW,Liverpool,,,0.0,0,0,0,0,0,0,0,0,0,0,0,0,0,0,0,,Matches
125,Ahmed Elmohamady\Ahmed-Elmohamady,eg EGY,DF,Aston Villa,31,1987,8.5,0,0,0,8,4,2,42,10,13,0,0,0,82,15,13,53.6,Matches
126,Björn Engels\Bjorn-Engels,be BEL,DF,Aston Villa,24,1994,16.1,1,0,0,5,5,1,2,29,4,0,2,0,128,58,28,67.4,Matches
127,Christian Eriksen\Christian-Eriksen,dk DEN,MFFW,Tottenham,27,1992,12.1,5,0,0,9,6,2,72,11,12,0,0,0,138,3,9,25.0,Matches
128,Jonny Evans\Jonny-Evans,nir NIR,DF,Leicester City,31,1988,28.6,5,0,0,14,17,1,4,40,24,1,0,0,292,94,39,70.7,Matches
129,Łukasz Fabiański\Lukasz-Fabianski,pl POL,GK,West Ham,34,1985,14.5,1,0,0,1,1,0,0,1,0,0,1,0,78,0,0,,Matches
130,Fabinho\Fabinho,br BRA,MF,Liverpool,25,1993,16.0,5,0,0,23,14,0,8,25,35,0,0,0,231,31,20,60.8,Matches
131,Ralf Fährmann\Ralf-Fahrmann,de GER,GK,Norwich City,30,1988,0.2,0,0,0,0,0,0,0,0,0,0,0,0,2,0,0,,Matches
132,Kiko Femenía\Kiko-Femenia,es ESP,DF,Watford,28,1991,17.0,5,0,0,18,8,1,42,28,23,0,0,0,168,16,7,69.6,Matches
133,Bruno Fernandes\Bruno-Fernandes,pt POR,MF,Manchester Utd,24,1994,5.0,1,0,0,5,7,1,25,4,5,1,0,0,37,1,5,16.7,Matches
134,Gedson Fernandes\Gedson-Fernandes,pt POR,MFDF,Tottenham,20,1999,0.4,0,0,0,0,0,0,3,0,1,0,0,0,6,0,1,0.0,Matches
135,Federico Fernández\Federico-Fernandez,ar ARG,DF,Newcastle Utd,30,1989,20.1,4,0,0,13,9,2,25,13,27,0,0,0,184,48,32,60.0,Matches
136,Fernandinho\Fernandinho,br BRA,DF,Manchester City,34,1985,22.2,8,1,1,21,14,1,3,22,20,0,0,1,256,54,28,65.9,Matches
137,Roberto Firmino\Roberto-Firmino,br BRA,FWMF,Liverpool,27,1991,26.9,0,0,0,24,13,5,7,5,21,0,0,0,152,26,62,29.5,Matches
138,John Fleck\John-Fleck,sco SCO,MF,Sheffield Utd,27,1991,24.3,7,0,0,21,16,1,131,20,21,0,0,0,226,11,25,30.6,Matches
139,Phil Foden\Phil-Foden,eng ENG,MFFW,Manchester City,19,2000,3.9,0,0,0,7,8,0,6,2,5,0,0,0,22,3,5,37.5,Matches
140,Pablo Fornals\Pablo-Fornals,es ESP,MF,West Ham,23,1996,16.3,2,0,0,13,10,7,48,15,21,0,0,0,114,6,32,15.8,Matches
141,Ben Foster\Ben-Foster,eng ENG,GK,Watford,36,1983,29.0,1,0,0,2,3,0,0,0,0,0,2,0,169,1,0,100.0,Matches
142,Dimitri Foulquier\Dimitri-Foulquier,fr FRA,MFDF,Watford,26,1993,0.6,0,0,0,0,0,0,1,2,1,0,0,0,4,0,2,0.0,Matches
143,Juan Foyth\Juan-Foyth,ar ARG,DF,Tottenham,21,1998,0.7,1,0,0,2,1,0,0,2,4,0,0,0,11,1,0,100.0,Matches
144,Simon Francis\Simon-Francis,eng ENG,DF,Bournemouth,34,1985,10.7,5,1,1,7,1,0,16,20,12,0,0,0,118,49,27,64.5,Matches
145,Ryan Fraser\Ryan-Fraser,sco SCO,MFFW,Bournemouth,25,1994,22.9,2,0,0,10,36,1,173,16,8,0,0,0,139,10,26,27.8,Matches
146,Fred\Fred,br BRA,MF,Manchester Utd,26,1993,22.5,7,0,0,39,35,1,62,36,47,0,0,0,302,8,14,36.4,Matches
147,Ryan Fredericks\Ryan-Fredericks,eng ENG,DF,West Ham,26,1992,18.8,5,0,0,21,15,0,46,18,35,0,0,0,144,20,32,38.5,Matches
148,Luke Freeman\Luke-Freeman,eng ENG,MF,Sheffield Utd,27,1992,3.6,2,0,0,6,5,0,15,8,4,0,0,0,31,4,4,50.0,Matches
149,Christian Fuchs\Christian-Fuchs,at AUT,DF,Leicester City,33,1986,7.0,0,0,0,3,0,1,11,13,9,0,0,0,69,18,15,54.5,Matches
150,Eric García\Eric-Garcia,es ESP,DF,Manchester City,18,2001,3.0,0,0,0,2,1,0,0,5,2,0,0,0,19,2,8,20.0,Matches
151,James Garner\James-Garner,eng ENG,MF,Manchester Utd,18,2001,0.1,0,0,0,0,1,0,0,0,0,0,0,0,2,0,0,,Matches
152,Dwight Gayle\Dwight-Gayle,eng ENG,FW,Newcastle Utd,28,1990,4.2,1,0,0,3,6,1,3,1,5,0,0,0,8,12,19,38.7,Matches
153,Paulo Gazzaniga\Paulo-Gazzaniga,ar ARG,GK,Tottenham,27,1992,17.9,1,0,0,1,2,0,0,0,0,0,1,0,80,0,0,,Matches
154,Jean-Philippe Gbamin\Jean-Philippe-Gbamin,ci CIV,MF,Everton,23,1995,1.5,0,0,0,2,2,0,0,1,4,0,0,0,15,2,2,50.0,Matches
155,David de Gea\David-de-Gea,es ESP,GK,Manchester Utd,28,1990,29.0,2,0,0,0,6,0,0,0,0,0,0,0,119,0,0,,Matches
156,Anwar El Ghazi\Anwar-El-Ghazi,nl NED,FWMF,Aston Villa,24,1995,18.7,3,0,0,16,14,11,87,9,9,0,0,0,96,27,43,38.6,Matches
157,Morgan Gibbs-White\Morgan-Gibbs-White,eng ENG,MFFW,Wolves,19,2000,1.4,0,0,0,2,1,0,3,1,0,0,0,0,13,3,3,50.0,Matches
158,Billy Gilmour\Billy-Gilmour,sco SCO,MF,Chelsea,18,2001,1.1,0,0,0,2,1,0,1,1,2,0,0,0,14,1,2,33.3,Matches
159,Olivier Giroud\Olivier-Giroud,fr FRA,FW,Chelsea,32,1986,4.9,0,0,0,8,2,5,2,1,1,0,0,0,16,20,20,50.0,Matches
160,Ben Godfrey\Ben-Godfrey,eng ENG,DF,Norwich City,21,1998,20.4,2,1,0,8,3,0,3,18,15,0,1,0,179,42,20,67.7,Matches
161,André Gomes\Andre-Gomes,pt POR,MF,Everton,26,1993,8.8,5,0,0,21,12,0,5,3,14,0,0,0,97,6,10,37.5,Matches
162,Angel Gomes\Angel-Gomes,eng ENG,MF,Manchester Utd,18,2000,0.2,0,0,0,1,0,0,0,0,0,0,0,0,0,0,0,,Matches
163,Joe Gomez\Joe-Gomez,eng ENG,DF,Liverpool,22,1997,14.2,3,0,0,13,9,0,7,22,12,0,0,0,200,45,24,65.2,Matches
164,Anthony Gordon\Anthony-Gordon,eng ENG,MFFW,Everton,18,2001,0.7,0,0,0,3,1,0,0,2,0,0,0,0,3,0,2,0.0,Matches
165,Dan Gosling\Dan-Gosling,eng ENG,MF,Bournemouth,29,1990,9.8,1,0,0,15,10,2,1,12,14,0,0,0,79,18,22,45.0,Matches
166,Andre Gray\Andre-Gray,eng ENG,FW,Watford,28,1991,8.0,1,0,0,8,1,5,4,1,5,0,0,0,38,12,30,28.6,Matches
167,Demarai Gray\Demarai-Gray,eng ENG,MFFW,Leicester City,23,1996,4.6,1,0,0,1,8,2,13,4,4,1,0,0,33,1,5,16.7,Matches
168,Jack Grealish\Jack-Grealish,eng ENG,FWMF,Aston Villa,23,1995,25.9,7,0,0,24,127,3,97,16,23,0,0,0,189,11,30,26.8,Matches
169,Mason Greenwood\Mason-Greenwood,eng ENG,FWMF,Manchester Utd,17,2001,7.2,0,0,0,5,4,2,9,3,9,0,0,0,36,5,9,35.7,Matches
170,Arnaut Groeneveld\Arnaut-Groeneveld,nl NED,MF,Bournemouth,22,1997,4.5,0,0,0,0,4,2,6,7,1,0,0,0,25,1,7,12.5,Matches
171,Pascal Groß\Pascal-Gross,de GER,MFFW,Brighton,28,1991,16.6,2,0,0,20,11,5,117,5,16,0,0,1,99,14,29,32.6,Matches
172,Vicente Guaita\Vicente-Guaita,es ESP,GK,Crystal Palace,32,1987,27.0,1,0,0,0,3,0,0,0,0,0,0,1,130,0,2,0.0,Matches
173,Mattéo Guendouzi\Matteo-Guendouzi,fr FRA,MF,Arsenal,20,1999,17.7,6,0,0,15,45,0,6,27,12,1,0,0,179,11,18,37.9,Matches
174,Frederic Guilbert\Frederic-Guilbert,fr FRA,DF,Aston Villa,24,1994,21.1,7,0,0,35,20,2,87,44,38,0,0,0,209,39,55,41.5,Matches
175,İlkay Gündoğan\Ilkay-Gundogan,de GER,MF,Manchester City,28,1990,17.7,7,0,0,13,8,2,29,28,14,0,1,0,185,16,6,72.7,Matches
176,Angus Gunn\Angus-Gunn,eng ENG,GK,Southampton,23,1996,10.0,0,0,0,0,2,0,0,0,0,0,0,0,38,0,0,,Matches
177,Sébastien Haller\Sebastien-Haller,fr FRA,FW,West Ham,25,1994,23.9,1,0,0,42,38,18,8,8,14,1,0,0,117,186,187,49.9,Matches
178,Grant Hanley\Grant-Hanley,sco SCO,DF,Norwich City,27,1991,14.0,4,0,0,12,20,0,0,30,17,0,0,1,107,44,16,73.3,Matches
179,Kortney Hause\Kortney-Hause,eng ENG,DF,Aston Villa,24,1995,11.0,2,0,0,14,6,1,0,13,18,0,0,0,182,71,22,76.3,Matches
180,Isaac Hayden\Isaac-Hayden,eng ENG,MF,Newcastle Utd,24,1995,21.9,4,1,0,22,19,2,36,33,32,0,0,0,231,44,30,59.5,Matches
181,Tom Heaton\Tom-Heaton,eng ENG,GK,Aston Villa,33,1986,19.9,0,0,0,1,2,0,0,0,0,0,1,1,84,1,0,100.0,Matches
182,Dean Henderson\Dean-Henderson,eng ENG,GK,Sheffield Utd,22,1997,27.0,2,0,0,0,2,0,0,0,0,0,0,0,146,1,0,100.0,Matches
183,Jordan Henderson\Jordan-Henderson,eng ENG,MF,Liverpool,29,1990,21.0,1,0,0,26,10,0,52,23,35,0,0,0,272,22,9,71.0,Matches
184,Jeff Hendrick\Jeff-Hendrick,ie IRL,MF,Burnley,27,1992,21.5,8,0,0,17,16,4,31,19,10,0,0,0,174,20,25,44.4,Matches
185,Wayne Hennessey\Wayne-Hennessey,wal WAL,GK,Crystal Palace,32,1987,2.0,0,0,0,0,0,0,0,0,0,0,0,0,5,0,0,,Matches
186,Javier Hernández\Javier-Hernandez,mx MEX,FW,West Ham,31,1988,1.2,0,0,0,0,0,1,1,0,0,0,0,0,5,0,1,0.0,Matches
187,Onel Hernández\Onel-Hernandez,cu CUB,FWMF,Norwich City,26,1993,8.4,0,0,0,7,8,7,18,10,19,0,0,0,55,0,13,0.0,Matches
188,Son Heung-min\Son-Heung-min,kr KOR,FW,Tottenham,27,1992,19.4,0,2,0,11,17,13,39,10,16,1,0,0,130,6,25,19.4,Matches
189,Rob Holding\Rob-Holding,eng ENG,DFFW,Arsenal,23,1995,1.0,0,0,0,1,1,0,0,3,2,0,0,0,5,0,2,0.0,Matches
190,José Holebas\Jose-Holebas,gr GRE,DF,Watford,35,1984,11.2,5,0,0,17,5,0,66,2,11,0,1,0,82,33,18,64.7,Matches
191,Mason Holgate\Mason-Holgate,eng ENG,DF,Everton,22,1996,19.2,4,0,0,14,25,1,2,23,23,0,0,0,180,36,29,55.4,Matches
192,Nathan Holland\Nathan-Holland,eng ENG,MF,West Ham,21,1998,0.3,0,0,0,0,1,0,2,0,0,0,0,0,0,0,1,0.0,Matches
193,Conor Hourihane\Conor-Hourihane,ie IRL,MF,Aston Villa,28,1991,10.5,4,0,0,11,13,4,50,7,9,1,0,0,73,4,4,50.0,Matches
194,Callum Hudson-Odoi\Callum-Hudson-Odoi,eng ENG,FW,Chelsea,18,2000,8.6,1,0,0,11,9,2,56,1,4,0,0,0,55,3,9,25.0,Matches
195,Will Hughes\Will-Hughes,eng ENG,MF,Watford,24,1995,16.8,4,0,0,35,31,1,33,22,30,0,1,0,181,15,17,46.9,Matches
196,Pierre Højbjerg\Pierre-Hojbjerg,dk DEN,MF,Southampton,23,1995,27.2,5,0,0,43,32,1,27,39,49,0,1,0,447,46,39,54.1,Matches
197,Jordon Ibe\Jordon-Ibe,eng ENG,DF,Bournemouth,23,1995,0.5,0,0,0,0,2,0,3,0,3,0,0,0,7,0,0,,Matches
198,Adam Idah\Adam-Idah,ie IRL,FW,Norwich City,18,2001,0.8,0,0,0,0,2,0,0,0,3,0,0,0,3,0,4,0.0,Matches
199,Odion Ighalo\Odion-Ighalo,ng NGA,FW,Manchester Utd,30,1989,0.3,0,0,0,1,0,0,0,0,0,0,0,0,4,0,1,0.0,Matches
200,Kelechi Iheanacho\Kelechi-Iheanacho,ng NGA,FW,Leicester City,22,1996,6.5,1,0,0,15,6,9,1,1,4,2,0,0,19,1,19,5.0,Matches
201,Danny Ings\Danny-Ings,eng ENG,FW,Southampton,27,1992,22.3,2,0,0,26,15,8,17,7,24,1,0,0,127,26,87,23.0,Matches
202,Alex Iwobi\Alex-Iwobi,ng NGA,MFFW,Everton,23,1996,13.0,0,0,0,6,4,0,32,7,13,0,0,0,102,6,14,30.0,Matches
203,Phil Jagielka\Phil-Jagielka,eng ENG,DF,Sheffield Utd,36,1982,1.4,0,0,0,1,1,0,1,1,2,0,0,0,15,10,2,83.3,Matches
204,Alireza Jahanbakhsh\Alireza-Jahanbakhsh,ir IRN,FWMF,Brighton,25,1993,3.2,0,0,0,2,7,1,23,1,3,0,0,0,27,0,5,0.0,Matches
205,Daniel James\Daniel-James,wal WAL,FW,Manchester Utd,21,1997,24.2,3,0,0,10,50,2,88,7,15,1,0,0,149,8,23,25.8,Matches
206,Matty James\Matty-James,eng ENG,MF,Leicester City,28,1991,0.1,0,0,0,0,0,0,0,0,0,0,0,0,0,0,0,,Matches
207,Reece James\Reece-James,eng ENG,DF,Chelsea,19,1999,11.8,1,0,0,16,18,1,78,17,15,0,0,0,113,18,28,39.1,Matches
208,Daryl Janmaat\Daryl-Janmaat,nl NED,DF,Watford,30,1989,6.8,1,0,0,5,1,0,23,6,6,0,0,1,45,1,1,50.0,Matches
209,Gabriel Jesus\Gabriel-Jesus,br BRA,FW,Manchester City,22,1997,14.9,2,0,0,19,19,13,5,10,16,0,0,0,87,28,45,38.4,Matches
210,Raúl Jiménez\Raul-Jimenez,mx MEX,FW,Wolves,28,1991,27.4,3,0,0,33,25,17,15,13,20,2,0,0,131,56,84,40.0,Matches
211,Joelinton\Joelinton,br BRA,FW,Newcastle Utd,22,1996,24.9,6,0,0,24,32,17,4,10,15,0,0,0,145,126,180,41.2,Matches
212,Curtis Jones\Curtis-Jones,eng ENG,MF,Liverpool,18,2001,0.2,0,0,0,0,0,0,0,1,0,0,0,0,3,0,1,0.0,Matches
213,Phil Jones\Phil-Jones,eng ENG,DF,Manchester Utd,27,1992,1.5,0,0,0,3,1,0,1,4,2,0,0,0,19,12,5,70.6,Matches
214,Jorginho\Jorginho,it ITA,MF,Chelsea,27,1991,22.4,10,0,0,25,28,0,7,56,38,0,1,0,330,11,30,26.8,Matches
215,Jota\Jota,es ESP,FWMF,Aston Villa,28,1991,3.5,0,0,0,5,2,0,0,2,1,0,0,0,21,1,5,16.7,Matches
216,Diogo Jota\Diogo-Jota,pt POR,FWMF,Wolves,22,1996,19.7,3,0,0,35,48,3,27,7,20,0,0,0,147,20,36,35.7,Matches
217,James Justin\James-Justin,eng ENG,DF,Leicester City,21,1998,2.2,0,0,0,0,4,1,5,1,2,0,0,0,29,5,4,55.6,Matches
218,Christian Kabasele\Christian-Kabasele,be BEL,DF,Watford,28,1991,17.5,3,2,1,16,9,0,0,31,21,0,0,0,145,45,32,58.4,Matches
219,Harry Kane\Harry-Kane,eng ENG,FW,Tottenham,26,1993,19.8,2,0,0,26,32,13,19,4,8,1,0,0,74,49,80,38.0,Matches
220,N'Golo Kanté\NGolo-Kante,fr FRA,MF,Chelsea,28,1991,15.4,3,0,0,37,8,0,23,40,41,0,0,0,222,13,27,32.5,Matches
221,Moise Kean\Moise-Kean,it ITA,FWMF,Everton,19,2000,7.5,0,0,0,22,10,4,10,5,6,0,0,0,32,5,24,17.2,Matches
222,Michael Keane\Michael-Keane,eng ENG,DF,Everton,26,1993,19.4,0,0,0,12,6,0,0,30,18,0,1,0,212,93,64,59.2,Matches
223,Naby Keïta\Naby-Keita,gn GUI,MF,Liverpool,24,1995,4.1,1,0,0,3,8,0,1,6,12,0,0,0,53,2,4,33.3,Matches
224,Martin Kelly\Martin-Kelly,eng ENG,DF,Crystal Palace,29,1990,17.2,0,0,0,9,0,0,20,15,18,0,0,0,115,33,23,58.9,Matches
225,Max Kilman\Max-Kilman,eng ENG,DF,Wolves,22,1997,2.0,0,0,0,2,0,0,0,4,3,0,0,0,14,11,10,52.4,Matches
226,Joshua King\Joshua-King,no NOR,FWMF,Bournemouth,27,1992,16.3,0,0,0,25,22,3,19,5,11,0,0,0,90,32,48,40.0,Matches
227,Jonathan Kodjia\Jonathan-Kodjia,ci CIV,FWMF,Aston Villa,29,1989,1.2,1,0,0,1,2,0,0,0,0,0,0,0,5,5,4,55.6,Matches
228,Sead Kolašinac\Sead-Kolasinac,ba BIH,DF,Arsenal,26,1993,12.3,3,0,0,13,11,5,27,10,15,0,0,0,119,13,7,65.0,Matches
229,Ezri Konsa\Ezri-Konsa,eng ENG,DF,Aston Villa,21,1998,13.3,1,0,0,9,18,0,2,13,15,0,0,0,128,31,31,50.0,Matches
230,Cheikhou Kouyaté\Cheikhou-Kouyate,sn SEN,MF,Crystal Palace,29,1989,22.1,2,0,0,23,24,1,13,26,40,0,0,0,199,65,53,55.1,Matches
231,Mateo Kovačić\Mateo-Kovacic,hr CRO,MF,Chelsea,25,1994,18.7,7,0,0,14,33,0,7,18,46,0,0,0,209,5,15,25.0,Matches
232,Emil Krafth\Emil-Krafth,se SWE,DF,Newcastle Utd,24,1994,6.3,0,0,0,3,4,0,13,5,8,0,0,0,41,3,3,50.0,Matches
233,Tim Krul\Tim-Krul,nl NED,GK,Norwich City,31,1988,27.0,4,0,0,1,4,0,0,0,0,0,1,1,120,0,0,,Matches
234,Alexandre Lacazette\Alexandre-Lacazette,fr FRA,FW,Arsenal,28,1991,14.6,5,0,0,29,25,10,14,5,15,0,0,0,75,14,50,21.9,Matches
235,Adam Lallana\Adam-Lallana,eng ENG,MFFW,Liverpool,31,1988,4.1,1,0,0,7,8,1,3,4,12,0,0,0,51,7,11,38.9,Matches
236,Érik Lamela\Erik-Lamela,ar ARG,MFFW,Tottenham,27,1992,10.4,3,0,0,19,17,1,44,4,18,1,0,0,70,1,17,5.6,Matches
237,Tariq Lamptey\Tariq-Lamptey,eng ENG,DF,Chelsea,18,2000,0.3,0,0,0,0,1,0,2,0,0,0,0,0,6,0,0,,Matches
238,Henri Lansbury\Henri-Lansbury,eng ENG,MF,Aston Villa,28,1990,2.1,0,0,0,4,1,0,1,0,2,0,0,0,26,2,6,25.0,Matches
239,Manuel Lanzini\Manuel-Lanzini,ar ARG,MFFW,West Ham,26,1993,13.2,0,0,0,4,23,4,39,8,8,1,0,0,109,5,12,29.4,Matches
240,Aymeric Laporte\Aymeric-Laporte,fr FRA,DF,Manchester City,25,1994,5.6,1,0,0,5,7,0,0,12,3,0,0,0,67,16,8,66.7,Matches
241,Jamaal Lascelles\Jamaal-Lascelles,eng ENG,DF,Newcastle Utd,25,1993,18.1,2,0,0,16,12,1,0,24,8,0,0,0,198,57,27,67.9,Matches
242,Valentino Lazaro\Valentino-Lazaro,at AUT,DF,Newcastle Utd,23,1996,2.4,0,1,0,2,0,0,12,0,0,0,0,0,17,3,4,42.9,Matches
243,Moritz Leitner\Moritz-Leitner,de GER,MF,Norwich City,26,1992,7.6,1,0,0,9,11,0,5,8,9,0,0,0,77,5,6,45.5,Matches
244,Florian Lejeune\Florian-Lejeune,fr FRA,DF,Newcastle Utd,28,1991,4.9,0,0,0,6,4,0,2,11,6,0,0,0,64,13,4,76.5,Matches
245,Aaron Lennon\Aaron-Lennon,eng ENG,MF,Burnley,32,1987,5.4,4,0,0,11,7,0,8,7,9,0,0,0,30,3,8,27.3,Matches
246,Bernd Leno\Bernd-Leno,de GER,GK,Arsenal,27,1992,28.0,2,0,0,0,3,0,0,0,0,0,0,0,144,0,0,,Matches
247,Jefferson Lerma\Jefferson-Lerma,co COL,MF,Bournemouth,24,1994,21.6,11,1,1,29,29,0,5,42,37,0,0,0,317,36,27,57.1,Matches
248,Jamal Lewis\Jamal-Lewis,nir NIR,DF,Norwich City,21,1998,16.6,2,0,0,10,17,0,22,18,19,0,0,0,146,10,15,40.0,Matches
249,Victor Lindelöf\Victor-Lindelof,se SWE,DF,Manchester Utd,25,1994,26.0,5,0,0,15,5,0,2,17,14,0,0,1,310,67,44,60.4,Matches
250,Jesse Lingard\Jesse-Lingard,eng ENG,MFFW,Manchester Utd,26,1992,9.9,3,0,0,27,11,0,6,2,8,0,0,0,50,1,10,9.1,Matches
251,Hugo Lloris\Hugo-Lloris,fr FRA,GK,Tottenham,32,1986,11.1,0,0,0,0,1,0,0,0,0,0,0,0,53,0,0,,Matches
252,Giovani Lo Celso\Giovani-Lo-Celso,ar ARG,MFFW,Tottenham,23,1996,9.7,5,0,0,16,26,0,29,5,22,0,0,0,94,4,12,25.0,Matches
253,Jürgen Locadia\Jurgen-Locadia,nl NED,MFFW,Brighton,25,1993,1.0,0,0,0,0,2,0,1,0,1,0,0,0,8,1,2,33.3,Matches
254,Kevin Long\Kevin-Long,ie IRL,MF,Burnley,28,1990,0.0,0,0,0,1,0,0,0,0,0,0,0,0,2,2,1,66.7,Matches
255,Shane Long\Shane-Long,ie IRL,FW,Southampton,32,1987,12.7,0,0,0,28,20,11,17,1,11,0,0,0,71,98,108,47.6,Matches
256,Matthew Longstaff\Matthew-Longstaff,eng ENG,MF,Newcastle Utd,19,2000,6.1,1,0,0,6,6,0,2,5,3,0,0,0,54,4,3,57.1,Matches
257,Sean Longstaff\Sean-Longstaff,eng ENG,MF,Newcastle Utd,21,1997,14.4,2,1,0,14,25,0,30,21,20,0,0,0,166,12,18,40.0,Matches
258,Dejan Lovren\Dejan-Lovren,hr CRO,DF,Liverpool,30,1989,8.4,1,0,0,4,7,0,1,10,9,0,0,0,104,37,19,66.1,Matches
259,Matthew Lowton\Matthew-Lowton,eng ENG,DF,Burnley,30,1989,15.0,2,0,0,13,11,0,42,25,22,0,1,0,118,20,12,62.5,Matches
260,David Luiz\David-Luiz,br BRA,DF,Arsenal,32,1987,24.3,4,1,0,22,12,1,4,25,19,0,2,0,177,42,30,58.3,Matches
261,Douglas Luiz\Douglas-Luiz,br BRA,MF,Aston Villa,21,1998,19.0,4,0,0,32,23,0,17,17,20,0,1,0,215,23,24,48.9,Matches
262,John Lundstram\John-Lundstram,eng ENG,MF,Sheffield Utd,25,1994,23.0,4,0,0,24,9,7,49,27,27,0,0,0,200,21,31,40.4,Matches
263,Alexis Mac Allister\Alexis-Mac-Allister,ar ARG,FW,Brighton,20,1998,0.1,0,0,0,0,0,0,3,0,0,0,0,0,0,0,0,,Matches
264,James Maddison\James-Maddison,eng ENG,MF,Leicester City,22,1996,26.7,4,0,0,33,81,4,201,10,36,0,0,0,200,6,28,17.6,Matches
265,Harry Maguire\Harry-Maguire,eng ENG,DF,Manchester Utd,26,1993,29.0,4,0,0,24,17,6,2,56,24,0,0,0,342,150,55,73.2,Matches
266,Riyad Mahrez\Riyad-Mahrez,dz ALG,FWMF,Manchester City,28,1991,15.4,0,0,0,9,22,8,68,17,15,4,0,0,111,8,18,30.8,Matches
267,Ainsley Maitland-Niles\Ainsley-Maitland-Niles,eng ENG,DF,Arsenal,21,1997,13.4,5,1,1,12,13,0,17,26,21,0,0,0,110,13,10,56.5,Matches
268,Sadio Mané\Sadio-Mane,sn SEN,FW,Liverpool,27,1992,23.2,2,0,0,38,33,10,33,10,28,2,0,0,143,25,65,27.8,Matches
269,Javier Manquillo\Javier-Manquillo,es ESP,DF,Newcastle Utd,25,1994,10.7,4,0,0,14,10,1,31,11,22,0,0,0,68,10,13,43.5,Matches
270,Solly March\Solly-March,eng ENG,DFFW,Brighton,25,1994,9.8,2,0,0,10,11,1,46,18,12,0,0,0,83,11,12,47.8,Matches
271,Pablo Marí\Pablo-Mari,es ESP,DF,Arsenal,25,1993,1.0,0,0,0,1,0,0,0,0,1,0,0,0,6,4,3,57.1,Matches
272,Adrian Mariappa\Adrian-Mariappa,jm JAM,DF,Watford,32,1986,13.6,4,1,1,15,6,1,17,10,10,0,0,1,101,36,25,59.0,Matches
273,Anthony Martial\Anthony-Martial,fr FRA,FW,Manchester Utd,23,1995,20.9,1,0,0,23,26,10,8,1,8,0,0,0,58,18,47,27.7,Matches
274,David Martin\David-Martin,eng ENG,GK,West Ham,33,1986,4.8,1,0,0,0,0,0,0,0,0,0,0,0,20,0,0,,Matches
275,Martinelli\Martinelli,br BRA,FW,Arsenal,18,2001,7.3,1,0,0,9,10,2,22,3,13,0,0,0,34,7,32,17.9,Matches
276,Adam Masina\Adam-Masina,it ITA,DF,Watford,25,1994,13.6,3,0,0,18,9,1,48,19,21,0,1,0,150,48,18,72.7,Matches
277,Arthur Masuaku\Arthur-Masuaku,cd COD,DF,West Ham,25,1993,10.1,5,1,1,10,9,0,25,13,27,0,0,0,110,11,10,52.4,Matches
278,Juan Mata\Juan-Mata,es ESP,MFFW,Manchester Utd,31,1988,8.1,1,0,0,7,10,2,22,0,7,0,0,0,47,3,7,30.0,Matches
279,Nemanja Matić\Nemanja-Matic,rs SRB,MF,Manchester Utd,30,1988,10.7,1,0,0,15,9,0,3,14,14,0,0,0,147,23,11,67.6,Matches
280,Joël Matip\Joel-Matip,cm CMR,DF,Liverpool,27,1991,7.0,0,0,0,7,5,0,1,12,9,0,0,0,84,41,5,89.1,Matches
281,Neal Maupay\Neal-Maupay,fr FRA,FW,Brighton,22,1996,23.5,3,0,0,27,36,12,8,4,13,0,0,0,114,13,63,17.1,Matches
282,James McArthur\James-McArthur,sco SCO,MF,Crystal Palace,31,1987,27.0,5,0,0,41,27,2,27,52,53,1,0,0,275,37,51,42.0,Matches
283,Oliver McBurnie\Oliver-McBurnie,sco SCO,FW,Sheffield Utd,23,1996,15.9,3,0,0,16,15,3,6,14,16,0,0,0,113,129,129,50.0,Matches
284,Alex McCarthy\Alex-McCarthy,eng ENG,GK,Southampton,29,1989,19.0,0,0,0,1,2,0,0,0,0,0,0,0,87,0,0,,Matches
285,James McCarthy\James-McCarthy,ie IRL,MF,Crystal Palace,28,1990,13.0,6,0,0,21,14,0,23,22,34,0,0,0,175,11,17,39.3,Matches
286,John McGinn\John-McGinn,sco SCO,MF,Aston Villa,24,1994,17.1,2,0,0,24,40,0,47,16,31,0,0,0,153,17,21,44.7,Matches
287,David McGoldrick\David-McGoldrick,ie IRL,FW,Sheffield Utd,31,1987,15.1,2,0,0,24,16,9,7,3,21,0,0,0,88,53,96,35.6,Matches
288,Michael McGovern\Michael-McGovern,nir NIR,GK,Norwich City,35,1984,1.8,0,0,0,0,0,0,0,0,0,0,0,0,10,0,0,,Matches
289,Kenny McLean\Kenny-McLean,sco SCO,MF,Norwich City,27,1992,25.4,4,0,0,21,47,0,46,32,23,0,1,0,246,75,66,53.2,Matches
290,Dwight McNeil\Dwight-McNeil,eng ENG,MF,Burnley,19,1999,28.2,4,0,0,21,28,0,192,21,23,0,0,0,254,22,23,48.9,Matches
291,Scott McTominay\Scott-McTominay,sco SCO,MF,Manchester Utd,22,1996,17.2,2,0,0,30,45,0,12,27,27,1,0,0,213,39,27,59.1,Matches
292,Ben Mee\Ben-Mee,eng ENG,DF,Burnley,29,1989,29.0,7,0,0,23,20,3,2,44,14,0,2,0,312,130,72,64.4,Matches
293,Benjamin Mendy\Benjamin-Mendy,fr FRA,DF,Manchester City,25,1994,12.4,2,0,0,12,1,0,72,13,13,0,0,0,96,12,13,48.0,Matches
294,Nampalys Mendy\Nampalys-Mendy,fr FRA,MF,Leicester City,27,1992,2.2,0,0,0,2,4,0,2,5,4,0,0,0,28,4,1,80.0,Matches
295,Chris Mepham\Chris-Mepham,wal WAL,DF,Bournemouth,21,1997,10.0,1,0,0,11,5,1,2,17,12,0,0,0,105,35,21,62.5,Matches
296,Max Meyer\Max-Meyer,de GER,MFFW,Crystal Palace,23,1995,6.1,1,0,0,6,15,2,7,6,7,0,0,0,37,3,6,33.3,Matches
297,Luka Milivojević\Luka-Milivojevic,rs SRB,MF,Crystal Palace,28,1991,22.1,9,0,0,40,19,1,128,34,31,0,1,0,264,26,15,63.4,Matches
298,James Milner\James-Milner,eng ENG,MFDF,Liverpool,33,1986,8.4,3,0,0,7,9,1,17,6,7,0,0,0,85,14,6,70.0,Matches
299,Yerry Mina\Yerry-Mina,co COL,DF,Everton,24,1994,23.2,3,0,0,19,12,1,4,27,18,0,0,1,255,103,61,62.8,Matches
300,Takumi Minamino\Takumi-Minamino,jp JPN,FWMF,Liverpool,24,1995,0.9,0,0,0,3,0,0,2,0,0,0,0,0,4,1,2,33.3,Matches
301,Tyrone Mings\Tyrone-Mings,eng ENG,DF,Aston Villa,26,1993,22.3,5,0,0,14,5,2,7,21,14,0,1,0,228,49,26,65.3,Matches
302,Henrikh Mkhitaryan\Henrikh-Mkhitaryan,am ARM,FW,Arsenal,30,1989,1.2,1,0,0,2,2,1,4,0,0,0,0,0,12,2,1,66.7,Matches
303,Nacho Monreal\Nacho-Monreal,es ESP,DF,Arsenal,33,1986,3.0,0,0,0,1,1,2,4,3,4,0,0,0,17,7,7,50.0,Matches
304,Martín Montoya\Martin-Montoya,es ESP,DF,Brighton,28,1991,19.0,5,0,0,23,15,4,41,26,24,0,0,0,149,22,17,56.4,Matches
305,Simon Moore\Simon-Moore,eng ENG,GK,Sheffield Utd,29,1990,1.0,0,0,0,0,0,0,0,0,0,0,0,0,6,0,0,,Matches
306,Aaron Mooy\Aaron-Mooy,au AUS,MFFW,Brighton,28,1990,18.4,2,1,1,8,6,0,91,16,28,0,0,0,146,12,21,36.4,Matches
307,Wesley Moraes\Wesley-Moraes,br BRA,FW,Aston Villa,22,1996,19.9,3,0,0,43,14,14,7,4,10,0,0,0,60,58,92,38.7,Matches
308,Wes Morgan\Wes-Morgan,jm JAM,DF,Leicester City,35,1984,1.8,0,0,0,1,0,0,0,2,1,0,0,0,11,7,7,50.0,Matches
309,Ravel Morrison\Ravel-Morrison,eng ENG,MF,Sheffield Utd,26,1993,0.1,0,0,0,1,0,0,0,0,0,0,0,0,2,0,0,,Matches
310,Mason Mount\Mason-Mount,eng ENG,MFFW,Chelsea,20,1999,25.6,3,0,0,28,33,2,113,13,29,1,0,0,160,10,32,23.8,Matches
311,Lucas Moura\Lucas-Moura,br BRA,FWMF,Tottenham,26,1992,18.7,2,0,0,17,48,4,13,13,20,0,0,0,154,42,69,37.8,Matches
312,Lys Mousset\Lys-Mousset,fr FRA,FW,Sheffield Utd,23,1996,11.3,1,0,0,19,8,15,4,1,4,0,0,0,57,10,75,11.8,Matches
313,João Moutinho\Joao-Moutinho,pt POR,MF,Wolves,32,1986,27.1,5,0,0,33,18,3,177,38,48,0,0,0,289,14,24,36.8,Matches
314,Glenn Murray\Glenn-Murray,eng ENG,FW,Brighton,35,1983,7.8,0,0,0,15,14,10,3,1,2,0,0,0,33,27,37,42.2,Matches
315,Shkodran Mustafi\Shkodran-Mustafi,de GER,DF,Arsenal,27,1992,6.9,0,0,0,6,1,0,0,12,4,0,0,0,70,37,16,69.8,Matches
316,Yoshinori Mutō\Yoshinori-Muto,jp JPN,FWMF,Newcastle Utd,27,1992,2.2,0,0,0,2,3,3,1,0,2,0,0,0,8,0,5,0.0,Matches
317,Georges-Kévin N'Koudou\Georges-Kevin-NKoudou,fr FRA,FW,Tottenham,24,1995,0.0,0,0,0,0,0,0,0,0,0,0,0,0,0,0,0,,Matches
318,Marvelous Nakamba\Marvelous-Nakamba,zw ZIM,MF,Aston Villa,25,1994,18.2,4,0,0,22,21,0,3,34,46,0,0,0,215,14,24,36.8,Matches
319,Wilfred Ndidi\Wilfred-Ndidi,ng NGA,MF,Leicester City,22,1996,21.0,3,0,0,34,16,1,2,65,55,0,1,0,301,54,45,54.5,Matches
320,Tanguy Ndombele\Tanguy-Ndombele,fr FRA,MF,Tottenham,22,1996,10.5,2,0,0,13,28,0,11,12,17,0,0,0,101,4,6,40.0,Matches
321,Reiss Nelson\Reiss-Nelson,eng ENG,FW,Arsenal,19,1999,5.1,1,0,0,7,5,2,17,3,5,0,0,0,29,0,3,0.0,Matches
322,Pedro Neto\Pedro-Neto,pt POR,FWMF,Wolves,19,2000,8.1,2,0,0,12,13,2,33,6,3,0,0,0,66,7,24,22.6,Matches
323,Rúben Neves\Ruben-Neves,pt POR,MF,Wolves,22,1997,25.3,7,0,0,23,10,0,28,42,32,0,0,0,348,21,19,52.5,Matches
324,Jeremy Ngakia\Jeremy-Ngakia,eng ENG,DF,West Ham,18,2000,4.0,0,0,0,2,1,1,7,5,11,0,0,0,27,7,11,38.9,Matches
325,Oumar Niasse\Oumar-Niasse,sn SEN,FW,Everton,29,1990,0.2,0,0,0,2,0,0,1,1,1,0,0,0,1,0,4,0.0,Matches
326,Eddie Nketiah\Eddie-Nketiah,eng ENG,FW,Arsenal,20,1999,2.8,0,0,0,5,3,1,0,0,1,0,0,0,10,4,2,66.7,Matches
327,Mark Noble\Mark-Noble,eng ENG,MF,West Ham,32,1987,23.9,4,0,0,26,26,0,22,21,28,1,0,0,253,10,12,45.5,Matches
328,Oliver Norwood\Oliver-Norwood,nir NIR,MF,Sheffield Utd,28,1991,26.5,6,0,0,24,13,0,145,41,36,0,0,0,373,38,27,58.5,Matches
329,Ørjan Nyland\Orjan-Nyland,no NOR,GK,Aston Villa,28,1990,2.0,0,0,0,0,0,0,0,0,0,0,0,0,7,0,0,,Matches
330,Jack O'Connell\Jack-OConnell,eng ENG,DF,Sheffield Utd,25,1994,28.0,3,0,0,18,12,2,47,34,18,0,0,0,311,109,45,70.8,Matches
331,Michael Obafemi\Michael-Obafemi,ie IRL,FW,Southampton,19,2000,5.4,1,0,0,6,7,2,1,3,2,0,0,0,26,7,31,18.4,Matches
332,Angelo Ogbonna\Angelo-Ogbonna,it ITA,DF,West Ham,31,1988,24.0,4,0,0,14,11,0,1,25,26,0,1,1,245,82,38,68.3,Matches
333,Divock Origi\Divock-Origi,be BEL,FW,Liverpool,24,1995,5.7,0,0,0,4,11,0,15,3,10,1,0,0,35,13,19,40.6,Matches
334,Ben Osborn\Ben-Osborn,eng ENG,DFMF,Sheffield Utd,24,1994,1.4,0,0,0,0,3,1,2,0,4,0,0,0,15,2,3,40.0,Matches
335,Nicolás Otamendi\Nicolas-Otamendi,ar ARG,DF,Manchester City,31,1988,15.7,3,0,0,19,1,0,0,16,11,0,0,0,127,43,20,68.3,Matches
336,Alex Oxlade-Chamberlain\Alex-Oxlade-Chamberlain,eng ENG,MFFW,Liverpool,25,1993,12.3,1,0,0,11,11,2,31,17,10,0,0,0,111,11,14,44.0,Matches
337,Mesut Özil\Mesut-Ozil,de GER,MF,Arsenal,30,1988,16.1,1,0,0,14,18,6,71,5,10,0,0,0,92,3,3,50.0,Matches
338,Emerson Palmieri\Emerson-Palmieri,it ITA,DF,Chelsea,24,1994,11.4,3,0,0,4,16,1,54,17,7,0,0,0,116,17,7,70.8,Matches
339,Sokratis Papastathopoulos\Sokratis-Papastathopoulos,gr GRE,DF,Arsenal,31,1988,18.9,6,0,0,19,12,1,1,14,13,0,0,0,109,53,28,65.4,Matches
340,Troy Parrott\Troy-Parrott,ie IRL,MF,Tottenham,17,2002,0.1,0,0,0,0,0,0,0,0,0,0,0,0,0,0,2,0.0,Matches
341,Rui Patrício\Rui-Patricio,pt POR,GK,Wolves,31,1988,29.0,0,0,0,0,4,0,0,1,0,0,0,0,124,0,0,,Matches
342,Pedro\Pedro,es ESP,FW,Chelsea,32,1987,7.3,1,0,0,7,11,0,21,9,10,0,0,0,59,2,5,28.6,Matches
343,Nicolas Pépé\Nicolas-Pepe,ci CIV,FW,Arsenal,24,1995,17.7,3,0,0,10,22,3,92,7,17,0,0,0,107,10,29,25.6,Matches
344,Andreas Pereira\Andreas-Pereira,br BRA,MFFW,Manchester Utd,23,1996,16.1,3,0,0,26,16,3,59,6,12,0,0,0,119,13,27,32.5,Matches
345,Ricardo Pereira\Ricardo-Pereira,pt POR,DF,Leicester City,25,1993,28.0,1,0,0,44,37,0,57,43,68,0,1,0,227,38,41,48.1,Matches
346,Roberto Pereyra\Roberto-Pereyra,ar ARG,FWMF,Watford,28,1991,14.7,3,0,0,16,27,5,21,7,9,1,0,0,118,6,24,20.0,Matches
347,Ayoze Pérez\Ayoze-Perez,es ESP,MFFW,Leicester City,26,1993,17.7,0,0,0,20,26,7,24,11,26,0,0,0,109,19,30,38.8,Matches
348,Jordan Pickford\Jordan-Pickford,eng ENG,GK,Everton,25,1994,29.0,1,0,0,1,4,0,0,1,0,0,0,0,171,0,0,,Matches
349,Brandon Pierrick\Brandon-Pierrick,eng ENG,DF,Crystal Palace,17,2001,0.1,0,0,0,0,0,0,2,1,0,0,0,0,5,0,0,,Matches
350,Erik Pieters\Erik-Pieters,nl NED,DF,Burnley,30,1988,13.7,1,0,0,12,12,0,27,21,28,0,1,0,134,25,6,80.6,Matches
351,Daniel Podence\Daniel-Podence,pt POR,MFFW,Wolves,23,1995,0.5,0,0,0,1,1,1,1,1,0,0,0,0,6,0,1,0.0,Matches
352,Paul Pogba\Paul-Pogba,fr FRA,MF,Manchester Utd,26,1993,5.8,0,0,0,9,7,0,2,2,9,1,0,0,85,16,2,88.9,Matches
353,Nick Pope\Nick-Pope,eng ENG,GK,Burnley,27,1992,29.0,0,0,0,0,4,0,0,1,0,0,0,0,157,0,0,,Matches
354,Dennis Praet\Dennis-Praet,be BEL,MF,Leicester City,25,1994,10.8,2,0,0,14,13,1,16,12,17,0,1,0,128,3,7,30.0,Matches
355,Sebastian Prödl\Sebastian-Prodl,at AUT,DF,Watford,32,1987,0.6,0,0,0,1,0,0,0,0,0,0,0,0,5,4,1,80.0,Matches
356,Davy Pröpper\Davy-Propper,nl NED,MF,Brighton,27,1991,26.0,4,0,0,28,16,0,32,22,36,0,0,0,308,16,22,42.1,Matches
357,Teemu Pukki\Teemu-Pukki,fi FIN,FW,Norwich City,29,1990,27.6,3,0,0,23,12,15,8,6,11,0,0,0,103,6,43,12.2,Matches
358,Christian Pulisic\Christian-Pulisic,us USA,FW,Chelsea,20,1998,12.0,0,0,0,5,15,2,25,4,13,0,0,0,61,14,27,34.1,Matches
359,Ignacio Pussetto\Ignacio-Pussetto,ar ARG,FWMF,Watford,23,1995,0.6,1,0,0,3,2,0,3,3,3,0,0,0,10,1,3,25.0,Matches
360,Domingos Quina\Domingos-Quina,pt POR,MF,Watford,19,1999,0.2,0,0,0,1,1,0,0,0,0,0,0,0,4,0,2,0.0,Matches
361,Aaron Ramsdale\Aaron-Ramsdale,eng ENG,GK,Bournemouth,21,1998,28.0,0,0,0,0,3,0,0,0,0,0,0,0,149,0,0,,Matches
362,Darren Randolph\Darren-Randolph,ie IRL,GK,West Ham,32,1987,2.0,0,0,0,0,0,0,0,0,0,0,0,0,6,0,0,,Matches
363,Marcus Rashford\Marcus-Rashford,eng ENG,FW,Manchester Utd,21,1997,20.9,2,0,0,14,29,8,24,6,4,4,0,0,85,13,39,25.0,Matches
364,Nathan Redmond\Nathan-Redmond,eng ENG,MFFW,Southampton,25,1994,21.8,2,0,0,20,16,4,26,8,34,0,0,0,174,15,45,25.0,Matches
365,Pepe Reina\Pepe-Reina,es ESP,GK,Aston Villa,36,1982,6.0,1,0,0,1,3,0,0,0,0,0,0,0,26,0,0,,Matches
366,Declan Rice\Declan-Rice,eng ENG,MF,West Ham,20,1999,29.0,5,0,0,30,3,2,20,61,70,0,1,0,344,39,28,58.2,Matches
367,Richarlison\Richarlison,br BRA,FW,Everton,22,1997,26.2,5,0,0,28,55,15,49,10,37,0,0,0,179,54,104,34.2,Matches
368,Diego Rico\Diego-Rico,es ESP,DF,Bournemouth,26,1993,19.9,6,0,0,12,18,1,123,63,26,0,0,0,218,23,23,50.0,Matches
369,Jaïro Riedewald\Jairo-Riedewald,nl NED,DF,Crystal Palace,22,1996,6.8,0,0,0,2,2,0,4,12,8,0,0,0,72,6,2,75.0,Matches
370,Matt Ritchie\Matt-Ritchie,sco SCO,DFMF,Newcastle Utd,29,1989,7.9,3,0,0,18,6,0,58,10,10,0,0,0,57,11,10,52.4,Matches
371,Roberto\Roberto,es ESP,GK,West Ham,33,1986,7.6,0,0,0,0,1,0,0,0,0,0,0,1,51,0,0,,Matches
372,Patrick Roberts\Patrick-Roberts,eng ENG,MFFW,Norwich City,22,1997,0.3,0,0,0,1,2,0,0,0,0,0,0,0,1,0,0,,Matches
373,Andrew Robertson\Andrew-Robertson,sco SCO,DF,Liverpool,25,1994,27.2,1,0,0,15,9,2,142,31,29,0,0,0,279,20,23,46.5,Matches
374,Callum Robinson\Callum-Robinson,ie IRL,FW,Sheffield Utd,24,1995,7.5,1,0,0,11,4,1,15,5,4,0,0,0,32,3,21,12.5,Matches
375,Rodri\Rodri,es ESP,MFDF,Manchester City,23,1996,21.7,7,0,0,34,24,0,7,24,38,0,0,0,286,57,25,69.5,Matches
376,Jay Rodriguez\Jay-Rodriguez,eng ENG,FW,Burnley,30,1989,15.3,1,0,0,15,10,12,9,5,14,0,0,0,85,52,99,34.4,Matches
377,Marcos Rojo\Marcos-Rojo,ar ARG,DF,Manchester Utd,29,1990,1.3,1,0,0,2,1,0,3,0,1,0,0,0,7,3,1,75.0,Matches
378,Oriol Romeu\Oriol-Romeu,es ESP,MF,Southampton,27,1991,14.5,3,0,0,25,12,1,3,21,31,0,0,0,215,30,23,56.6,Matches
379,Danny Rose\Danny-Rose,eng ENG,DF,Newcastle Utd,29,1990,3.9,1,0,0,4,4,0,4,3,5,0,0,0,41,4,6,40.0,Matches
380,Danny Rose\Danny-Rose,eng ENG,DF,Tottenham,29,1990,9.9,5,0,0,14,17,0,39,7,13,0,0,0,93,9,6,60.0,Matches
381,Antonio Rüdiger\Antonio-Rudiger,de GER,DF,Chelsea,26,1993,12.5,3,0,0,12,4,0,5,6,16,0,0,1,155,41,16,71.9,Matches
382,Lukas Rupp\Lukas-Rupp,de GER,FW,Norwich City,28,1991,3.8,0,0,0,5,2,0,2,8,1,0,0,0,34,4,15,21.1,Matches
383,Mathew Ryan\Mathew-Ryan,au AUS,GK,Brighton,27,1992,29.0,0,0,0,0,2,0,0,1,0,0,0,0,142,0,0,,Matches
384,Allan Saint-Maximin\Allan-Saint-Maximin,fr FRA,MFFW,Newcastle Utd,22,1997,14.2,0,0,0,12,27,2,33,8,5,0,0,0,100,5,12,29.4,Matches
385,Romain Saïss\Romain-Saiss,ma MAR,DF,Wolves,29,1990,22.1,10,1,1,34,19,2,7,34,22,0,0,0,262,87,40,68.5,Matches
386,Bukayo Saka\Bukayo-Saka,eng ENG,DFFW,Arsenal,17,2001,13.0,4,0,0,15,17,3,47,7,18,0,0,0,96,10,27,27.0,Matches
387,Mamadou Sakho\Mamadou-Sakho,fr FRA,DFMF,Crystal Palace,29,1990,5.2,0,1,0,1,1,0,0,12,3,0,0,0,53,12,10,54.5,Matches
388,Mohamed Salah\Mohamed-Salah,eg EGY,FW,Liverpool,27,1992,25.0,1,0,0,14,15,17,39,7,11,1,0,0,138,10,42,19.2,Matches
389,Mbwana Samatta\Mbwana-Samatta,tz TAN,FW,Aston Villa,26,1992,3.9,0,0,0,1,4,4,0,0,2,0,0,0,18,13,26,33.3,Matches
390,Carlos Sánchez\Carlos-Sanchez,co COL,MFDF,West Ham,33,1986,1.3,0,0,0,2,0,0,0,2,1,0,0,0,22,3,1,75.0,Matches
391,Davinson Sánchez\Davinson-Sanchez,co COL,DF,Tottenham,23,1996,21.0,5,0,0,18,9,1,1,29,32,0,0,0,210,43,22,66.2,Matches
392,Ismaila Sarr\Ismaila-Sarr,sn SEN,FWMF,Watford,21,1998,13.6,1,0,0,12,27,8,56,9,14,1,0,0,99,13,30,30.2,Matches
393,Fabian Schär\Fabian-Schar,ch SUI,DF,Newcastle Utd,27,1991,15.5,4,0,0,23,19,1,10,42,27,0,0,0,143,31,22,58.5,Matches
394,Ezequiel Schelotto\Ezequiel-Schelotto,it ITA,DF,Brighton,30,1989,3.2,2,0,0,6,3,1,13,6,4,0,0,0,26,8,2,80.0,Matches
395,Jeffrey Schlupp\Jeffrey-Schlupp,gh GHA,MFDF,Crystal Palace,26,1992,9.5,2,0,0,14,11,1,7,10,6,0,0,0,64,13,11,54.2,Matches
396,Kasper Schmeichel\Kasper-Schmeichel,dk DEN,GK,Leicester City,32,1986,29.0,2,0,0,0,6,0,0,0,0,0,0,0,143,0,0,,Matches
397,Morgan Schneiderlin\Morgan-Schneiderlin,fr FRA,MF,Everton,29,1989,11.1,6,1,1,18,2,0,8,21,19,0,0,0,127,18,11,62.1,Matches
398,Ryan Sessegnon\Ryan-Sessegnon,eng ENG,DF,Tottenham,19,2000,3.8,0,0,0,4,2,2,13,1,0,0,1,0,28,6,5,54.5,Matches
399,Xherdan Shaqiri\Xherdan-Shaqiri,ch SUI,FW,Liverpool,27,1991,1.9,0,0,0,1,3,1,5,0,0,0,0,0,16,2,4,33.3,Matches
400,Billy Sharp\Billy-Sharp,eng ENG,FW,Sheffield Utd,33,1986,7.4,1,1,0,14,17,6,7,1,4,0,0,0,36,9,33,21.4,Matches
401,Luke Shaw\Luke-Shaw,eng ENG,DF,Manchester Utd,24,1995,13.7,5,0,0,17,6,2,25,16,21,0,0,0,157,23,16,59.0,Matches
402,Jonjo Shelvey\Jonjo-Shelvey,eng ENG,MF,Newcastle Utd,27,1992,14.9,2,0,0,9,5,1,53,19,10,0,0,0,164,11,9,55.0,Matches
403,Djibril Sidibé\Djibril-Sidibe,fr FRA,DF,Everton,27,1992,18.2,3,0,0,23,18,2,64,39,39,0,0,0,196,26,30,46.4,Matches
404,Gylfi Sigurðsson\Gylfi-Sigurdsson,is ISL,MF,Everton,29,1989,22.2,3,0,0,28,16,2,117,24,39,0,0,0,194,16,23,41.0,Matches
405,Bernardo Silva\Bernardo-Silva,pt POR,FWMF,Manchester City,24,1994,16.6,5,0,0,18,16,2,57,18,20,0,1,0,139,11,21,34.4,Matches
406,David Silva\David-Silva,es ESP,MF,Manchester City,33,1986,14.0,0,0,0,15,12,3,28,7,10,0,0,0,116,4,12,25.0,Matches
407,Jack Simpson\Jack-Simpson,eng ENG,DF,Bournemouth,22,1997,2.6,0,0,0,1,1,0,0,2,2,0,0,0,22,4,2,66.7,Matches
408,Moussa Sissoko\Moussa-Sissoko,fr FRA,MF,Tottenham,29,1989,18.8,6,0,0,32,10,2,21,14,23,0,1,0,218,27,17,61.4,Matches
409,Oliver Skipp\Oliver-Skipp,eng ENG,MFDF,Tottenham,18,2000,0.6,0,0,0,1,0,0,0,0,1,0,0,0,9,0,2,0.0,Matches
410,William Smallbone\William-Smallbone,ie IRL,MF,Southampton,19,2000,1.8,0,0,0,0,2,0,1,1,2,0,0,0,22,2,8,20.0,Matches
411,Adam Smith\Adam-Smith,eng ENG,DF,Bournemouth,28,1991,17.3,6,0,0,22,30,2,21,20,24,0,1,0,144,27,23,54.0,Matches
412,Emile Smith-Rowe\Emile-Smith-Rowe,eng ENG,MF,Arsenal,19,2000,1.1,0,0,0,0,1,0,1,1,1,0,0,0,4,0,0,,Matches
413,Robert Snodgrass\Robert-Snodgrass,sco SCO,MFFW,West Ham,31,1987,16.8,4,0,0,20,32,4,135,5,10,0,0,0,129,16,24,40.0,Matches
414,Cédric Soares\Cedric-Soares,pt POR,DF,Southampton,27,1991,14.5,1,0,0,10,3,0,52,18,24,0,0,0,124,20,22,47.6,Matches
415,Dominic Solanke\Dominic-Solanke,eng ENG,FWMF,Bournemouth,21,1997,13.1,1,0,0,9,17,3,4,6,10,0,0,0,87,39,69,36.1,Matches
416,Tomáš Souček\Tomas-Soucek,cz CZE,MF,West Ham,24,1995,2.6,0,0,0,3,2,0,0,8,5,0,0,0,28,13,14,48.1,Matches
417,Çağlar Söyüncü\Caglar-Soyuncu,tr TUR,DF,Leicester City,23,1996,28.0,4,0,0,24,18,1,4,35,38,0,2,0,287,99,45,68.8,Matches
418,Dennis Srbeny\Dennis-Srbeny,de GER,MFFW,Norwich City,25,1994,0.4,0,0,0,1,0,0,0,0,4,0,0,0,5,1,5,16.7,Matches
419,Jack Stacey\Jack-Stacey,eng ENG,DF,Bournemouth,23,1996,11.9,2,0,0,6,7,1,21,15,9,0,0,0,122,15,11,57.7,Matches
420,Junior Stanislas\Junior-Stanislas,eng ENG,MFFW,Bournemouth,29,1989,2.5,0,0,0,2,0,1,6,2,2,0,0,0,20,4,4,50.0,Matches
421,Jed Steer\Jed-Steer,eng ENG,GK,Aston Villa,26,1992,0.1,0,0,0,0,0,0,0,0,0,0,0,0,0,0,0,,Matches
422,Dale Stephens\Dale-Stephens,eng ENG,MF,Brighton,30,1989,21.6,6,0,0,33,6,0,4,45,30,0,0,0,248,16,19,45.7,Matches
423,Jack Stephens\Jack-Stephens,eng ENG,DF,Southampton,25,1994,20.3,2,0,0,10,9,0,3,21,26,0,1,0,253,33,49,40.2,Matches
424,Raheem Sterling\Raheem-Sterling,eng ENG,FW,Manchester City,24,1994,22.5,5,0,0,26,31,10,49,10,21,1,0,0,125,17,27,38.6,Matches
425,Enda Stevens\Enda-Stevens,ie IRL,DF,Sheffield Utd,29,1990,27.2,5,0,0,31,14,2,91,31,35,0,0,0,255,24,17,58.5,Matches
426,Marco Stiepermann\Marco-Stiepermann,de GER,MF,Norwich City,28,1991,10.4,4,0,0,19,13,0,4,5,6,0,0,0,57,11,49,18.3,Matches
427,John Stones\John-Stones,eng ENG,DF,Manchester City,25,1994,10.1,0,0,0,4,1,1,0,8,12,0,0,0,123,32,16,66.7,Matches
428,Isaac Success\Isaac-Success,ng NGA,FWMF,Watford,23,1996,0.7,1,0,0,2,2,0,2,1,0,0,0,0,5,1,7,12.5,Matches
429,Ki Sung-yueng\Ki-Sung-yueng,kr KOR,MF,Newcastle Utd,30,1989,1.5,0,0,0,1,3,0,4,2,1,0,0,0,14,2,0,100.0,Matches
430,Andrew Surman\Andrew-Surman,eng ENG,MF,Bournemouth,32,1986,2.6,1,0,0,1,1,0,3,1,2,0,0,0,40,4,8,33.3,Matches
431,Sam Surridge\Sam-Surridge,eng ENG,FW,Bournemouth,21,1998,0.2,0,0,0,0,0,0,0,0,0,0,0,0,0,1,4,20.0,Matches
432,Japhet Tanganga\Japhet-Tanganga,eng ENG,DF,Tottenham,20,1999,5.8,1,0,0,8,4,0,2,11,15,0,0,0,50,19,10,65.5,Matches
433,Matt Targett\Matt-Targett,eng ENG,DF,Aston Villa,23,1995,18.8,3,0,0,19,13,0,71,46,25,0,0,0,186,18,27,40.0,Matches
434,James Tarkowski\James-Tarkowski,eng ENG,DF,Burnley,26,1992,29.0,8,0,0,37,27,2,4,47,43,0,0,0,332,160,38,80.8,Matches
435,Charlie Taylor\Charlie-Taylor,eng ENG,DF,Burnley,25,1993,15.3,3,0,0,15,21,1,67,24,13,0,0,0,166,40,24,62.5,Matches
436,Neil Taylor\Neil-Taylor,wal WAL,DF,Aston Villa,30,1989,8.8,2,0,0,6,5,0,8,9,6,0,0,0,70,7,12,36.8,Matches
437,Alexander Tettey\Alexander-Tettey,no NOR,MFDF,Norwich City,33,1986,19.9,4,0,0,18,5,0,4,35,13,0,0,0,266,33,14,70.2,Matches
438,Youri Tielemans\Youri-Tielemans,be BEL,MF,Leicester City,22,1997,23.9,1,0,0,28,32,1,47,24,20,0,0,0,216,24,23,51.1,Matches
439,Kieran Tierney\Kieran-Tierney,sco SCO,DF,Arsenal,22,1997,3.3,1,0,0,4,2,0,21,3,4,0,1,0,32,3,5,37.5,Matches
440,James Tomkins\James-Tomkins,eng ENG,DF,Crystal Palace,30,1989,17.6,5,0,0,13,11,1,1,23,14,0,0,0,165,75,22,77.3,Matches
441,Fikayo Tomori\Fikayo-Tomori,eng ENG,DF,Chelsea,21,1997,14.4,3,0,0,7,6,1,4,20,15,0,0,0,145,40,22,64.5,Matches
442,Lucas Torreira\Lucas-Torreira,uy URU,MF,Arsenal,23,1996,15.2,4,0,0,18,42,1,12,28,24,0,0,0,192,8,16,33.3,Matches
443,Cenk Tosun\Cenk-Tosun,tr TUR,FW,Everton,28,1991,3.2,0,0,0,4,4,1,2,0,0,0,0,0,12,7,15,31.8,Matches
444,Cenk Tosun\Cenk-Tosun,tr TUR,FW,Crystal Palace,28,1991,2.0,0,0,0,4,4,1,2,0,2,0,0,0,9,5,16,23.8,Matches
445,Andros Townsend\Andros-Townsend,eng ENG,MF,Crystal Palace,28,1991,8.8,0,0,0,5,12,0,36,10,9,0,0,0,71,1,8,11.1,Matches
446,Adama Traoré\Adama-Traore,es ESP,FWDF,Wolves,23,1996,23.0,0,0,0,31,63,3,143,17,22,0,0,0,136,37,42,46.8,Matches
447,Mark Travers\Mark-Travers,ie IRL,GK,Bournemouth,20,1999,1.0,0,0,0,0,0,0,0,0,0,0,0,0,6,0,0,,Matches
448,Trézéguet\Trezeguet,eg EGY,FWMF,Aston Villa,24,1994,14.7,4,1,1,23,24,3,53,17,18,1,0,0,64,17,34,33.3,Matches
449,Leandro Trossard\Leandro-Trossard,be BEL,FWMF,Brighton,24,1994,16.0,0,0,0,9,7,2,63,6,11,0,0,0,108,2,18,10.0,Matches
450,Tom Trybull\Tom-Trybull,de GER,MF,Norwich City,26,1993,11.4,2,0,0,25,9,2,0,13,29,0,0,0,118,22,17,56.4,Matches
451,Axel Tuanzebe\Axel-Tuanzebe,eng ENG,DF,Manchester Utd,21,1997,2.1,0,0,0,3,3,0,1,5,3,0,0,0,26,3,10,23.1,Matches
452,Yan Valery\Yan-Valery,fr FRA,DF,Southampton,20,1999,7.2,1,0,0,4,7,3,12,9,12,0,0,0,66,16,18,47.1,Matches
453,Jesús Vallejo\Jesus-Vallejo,es ESP,DF,Wolves,22,1997,1.8,1,0,0,2,1,0,0,1,3,0,0,0,18,4,4,50.0,Matches
454,Jamie Vardy\Jamie-Vardy,eng ENG,FW,Leicester City,32,1987,24.7,2,0,0,15,8,19,24,2,8,1,0,0,54,37,75,33.0,Matches
455,Indiana Vassilev\Indiana-Vassilev,us USA,FW,Aston Villa,18,2001,0.4,0,0,0,0,0,2,0,0,1,0,0,0,2,0,2,0.0,Matches
456,Jan Vertonghen\Jan-Vertonghen,be BEL,DF,Tottenham,32,1987,17.2,2,0,0,6,16,0,16,29,20,0,1,0,184,52,23,69.3,Matches
457,Jannik Vestergaard\Jannik-Vestergaard,dk DEN,DF,Southampton,26,1992,12.6,2,0,0,6,6,0,1,15,10,0,0,0,131,44,18,71.0,Matches
458,Rúben Vinagre\Ruben-Vinagre,pt POR,DF,Wolves,20,1999,5.9,1,0,0,6,8,0,27,6,12,0,0,0,51,4,6,40.0,Matches
459,Mario Vrančić\Mario-Vrancic,ba BIH,MF,Norwich City,30,1989,4.2,2,0,0,7,9,0,2,6,9,0,0,0,54,4,7,36.4,Matches
460,Matěj Vydra\Matej-Vydra,cz CZE,FW,Burnley,27,1992,3.7,0,0,0,0,3,1,1,0,0,0,0,0,15,6,18,25.0,Matches
461,Theo Walcott\Theo-Walcott,eng ENG,MFFW,Everton,30,1989,11.9,1,0,0,9,16,9,34,6,7,0,0,0,77,5,16,23.8,Matches
462,Kyle Walker\Kyle-Walker,eng ENG,DF,Manchester City,29,1990,20.1,4,0,0,22,12,3,43,21,16,0,0,0,203,25,31,44.6,Matches
463,Kyle Walker-Peters\Kyle-Walker-Peters,eng ENG,DF,Tottenham,22,1997,2.7,0,0,0,1,5,1,8,2,3,0,0,0,27,2,4,33.3,Matches
464,Kyle Walker-Peters\Kyle-Walker-Peters,eng ENG,DF,Southampton,22,1997,0.8,0,0,0,0,1,0,2,1,0,0,0,0,8,1,0,100.0,Matches
465,Aaron Wan-Bissaka\Aaron-Wan-Bissaka,eng ENG,DF,Manchester Utd,21,1997,25.9,5,0,0,14,15,1,74,51,49,0,1,0,240,20,19,51.3,Matches
466,Victor Wanyama\Victor-Wanyama,ke KEN,MF,Tottenham,28,1991,0.3,1,0,0,1,1,0,0,0,0,0,0,0,4,1,0,100.0,Matches
467,Joel Ward\Joel-Ward,eng ENG,DF,Crystal Palace,29,1989,17.5,3,0,0,14,23,0,19,35,20,0,0,0,185,29,19,60.4,Matches
468,James Ward-Prowse\James-Ward-Prowse,eng ENG,MFDF,Southampton,24,1994,29.0,7,0,0,43,31,0,193,34,44,0,0,0,377,60,39,60.6,Matches
469,Adam Webster\Adam-Webster,eng ENG,DF,Brighton,24,1995,22.4,3,0,0,8,11,0,6,36,19,0,2,1,276,95,39,70.9,Matches
470,Danny Welbeck\Danny-Welbeck,eng ENG,FWMF,Watford,28,1990,3.1,0,0,0,3,3,0,0,0,5,0,0,0,12,7,14,33.3,Matches
471,Ashley Westwood\Ashley-Westwood,eng ENG,MF,Burnley,29,1990,26.0,9,0,0,31,24,1,111,23,24,0,0,0,329,15,22,40.5,Matches
472,Connor Wickham\Connor-Wickham,eng ENG,FWMF,Crystal Palace,26,1993,1.0,0,0,0,4,0,1,0,0,2,0,0,0,8,10,7,58.8,Matches
473,Georginio Wijnaldum\Georginio-Wijnaldum,nl NED,MF,Liverpool,28,1990,25.9,0,0,0,11,24,1,3,15,23,0,0,0,246,32,45,41.6,Matches
474,Jetro Willems\Jetro-Willems,nl NED,DF,Newcastle Utd,25,1994,16.6,0,0,0,10,17,1,32,16,19,0,0,0,138,19,14,57.6,Matches
475,Brandon Williams\Brandon-Williams,eng ENG,DF,Manchester Utd,18,2000,8.4,5,0,0,12,12,1,10,7,2,1,0,0,76,9,8,52.9,Matches
476,Willian\Willian,br BRA,FW,Chelsea,30,1988,21.4,3,0,0,12,39,4,115,18,24,1,0,0,159,6,20,23.1,Matches
477,Joe Willock\Joe-Willock,eng ENG,MF,Arsenal,19,1999,6.4,1,0,0,7,10,0,4,1,10,0,0,0,77,7,12,36.8,Matches
478,Jack Wilshere\Jack-Wilshere,eng ENG,MF,West Ham,27,1992,1.9,0,0,0,0,5,0,0,0,0,0,0,0,17,5,0,100.0,Matches
479,Callum Wilson\Callum-Wilson,eng ENG,FW,Bournemouth,27,1992,26.1,9,0,0,45,26,25,14,3,10,1,0,0,105,34,124,21.5,Matches
480,Harry Wilson\Harry-Wilson,wal WAL,MFFW,Bournemouth,22,1997,16.1,1,0,0,7,32,1,23,9,10,0,1,0,124,6,14,30.0,Matches
481,Harry Winks\Harry-Winks,eng ENG,MF,Tottenham,23,1996,17.7,8,0,0,15,20,0,24,23,20,0,0,0,160,9,9,50.0,Matches
482,Chris Wood\Chris-Wood,nz NZL,FW,Burnley,27,1991,23.0,1,0,0,25,24,30,8,3,6,0,0,1,71,98,157,38.4,Matches
483,Granit Xhaka\Granit-Xhaka,ch SUI,MF,Arsenal,26,1992,21.2,7,0,0,46,27,0,13,15,20,0,1,0,244,38,37,50.7,Matches
484,Andriy Yarmolenko\Andriy-Yarmolenko,ua UKR,MF,West Ham,29,1989,9.2,2,0,0,14,8,8,13,4,8,0,0,0,52,2,11,15.4,Matches
485,DeAndre Yedlin\DeAndre-Yedlin,us USA,DF,Newcastle Utd,26,1993,8.6,3,0,0,8,9,2,26,5,12,0,0,0,55,6,12,33.3,Matches
486,Maya Yoshida\Maya-Yoshida,jp JPN,DF,Southampton,30,1988,6.2,1,0,0,3,5,0,0,3,5,0,0,0,53,14,8,63.6,Matches
487,Ashley Young\Ashley-Young,eng ENG,DF,Manchester Utd,34,1985,10.6,5,0,0,14,16,0,62,10,4,0,0,0,95,15,9,62.5,Matches
488,Pablo Zabaleta\Pablo-Zabaleta,ar ARG,DF,West Ham,34,1985,6.5,2,0,0,7,9,0,15,13,10,0,0,0,62,8,9,47.1,Matches
489,Wilfried Zaha\Wilfried-Zaha,ci CIV,MFFW,Crystal Palace,26,1992,28.3,4,0,0,40,93,15,54,14,25,1,0,0,190,10,24,29.4,Matches
490,Christoph Zimmermann\Christoph-Zimmermann,de GER,DF,Norwich City,26,1993,14.4,2,0,0,8,8,0,0,16,19,0,2,0,139,36,10,78.3,Matches
491,Oleksandr Zinchenko\Oleksandr-Zinchenko,ua UKR,DF,Manchester City,22,1996,10.1,2,1,1,11,1,0,31,11,12,0,0,0,110,18,14,56.3,Matches
492,Kurt Zouma\Kurt-Zouma,fr FRA,DF,Chelsea,24,1994,20.0,5,0,0,26,12,1,0,40,14,0,1,1,240,76,22,77.6,Matches