Rk,Player,Nation,Pos,Squad,Age,Born,90s,Cmp,Att,Cmp%,TotDist,PrgDist,Cmp,Att,Cmp%,Cmp,Att,Cmp%,Cmp,Att,Cmp%,Ast,xA,A-xA,KP,1/3,PPA,CrsPA,Prog,Matches
1,Patrick van Aanholt\Patrick-van-Aanholt,nl NED,DF,Crystal Palace,28,1990,21.0,935,1186,78.8,16677,7152,9,39,23.1,769,884,87.0,157,263,59.7,0,1.8,-1.8,24,67,20,4,159,Matches
2,Max Aarons\Max-Aarons,eng ENG,DF,Norwich City,19,2000,27.0,1005,1277,78.7,15343,5307,24,72,33.3,876,1002,87.4,105,203,51.7,1,3.5,-2.5,20,36,26,11,104,Matches
3,Tammy Abraham\Tammy-Abraham,eng ENG,FW,Chelsea,21,1997,21.6,250,357,70.0,3678,756,23,48,47.9,193,263,73.4,34,46,73.9,3,2.3,+0.7,17,16,5,0,32,Matches
4,Che Adams\Che-Adams,eng ENG,FW,Southampton,23,1996,8.1,118,171,69.0,1837,403,8,18,44.4,97,126,77.0,13,27,48.1,2,0.9,+1.1,8,9,1,0,12,Matches
5,Adrián\Adrian,es ESP,GK,Liverpool,32,1987,9.7,227,314,72.3,6824,3820,2,4,50.0,107,108,99.1,118,202,58.4,0,0.0,0.0,0,3,0,0,0,Matches
6,Sergio Agüero\Sergio-Aguero,ar ARG,FW,Manchester City,31,1988,15.6,271,350,77.4,3585,722,15,34,44.1,239,294,81.3,17,22,77.3,3,2.5,+0.5,16,11,20,0,33,Matches
7,Albian Ajeti\Albian-Ajeti,ch SUI,MFFW,West Ham,22,1997,1.4,15,18,83.3,152,8,1,1,100.0,14,17,82.4,0,0,,0,0.1,-0.1,2,0,0,0,0,Matches
8,Nathan Aké\Nathan-Ake,nl NED,DF,Bournemouth,24,1995,22.4,853,964,88.5,17538,5869,6,15,40.0,602,651,92.5,245,298,82.2,1,0.6,+0.4,4,51,8,0,51,Matches
9,Marc Albrighton\Marc-Albrighton,eng ENG,MF,Leicester City,29,1989,5.3,204,297,68.7,3686,1396,4,20,20.0,159,196,81.1,41,81,50.6,3,1.2,+1.8,10,18,13,5,38,Matches
10,Toby Alderweireld\Toby-Alderweireld,be BEL,DF,Tottenham,30,1989,26.9,1363,1637,83.3,32454,8561,9,22,40.9,851,908,93.7,503,707,71.1,2,0.9,+1.1,11,120,17,1,80,Matches
11,Trent Alexander-Arnold\Trent-Alexander-Arnold,eng ENG,DF,Liverpool,20,1998,28.3,1803,2539,71.0,39163,15731,28,106,26.4,1258,1475,85.3,517,958,54.0,12,8.6,+3.4,73,156,68,22,364,Matches
12,Alisson\Alisson,br BRA,GK,Liverpool,26,1992,19.3,554,651,85.1,15791,8883,1,1,100.0,281,283,99.3,272,367,74.1,1,0.4,+0.6,1,6,1,0,0,Matches
13,Dele Alli\Dele-Alli,eng ENG,MFFW,Tottenham,23,1996,19.6,584,752,77.7,9683,2237,14,51,27.5,465,547,85.0,105,154,68.2,4,2.2,+1.8,21,40,21,0,61,Matches
14,Miguel Almirón\Miguel-Almiron,py PAR,FWMF,Newcastle Utd,25,1994,26.4,488,655,74.5,7738,1950,15,45,33.3,404,486,83.1,69,124,55.6,1,0.8,+0.2,15,28,17,2,51,Matches
15,Marcos Alonso\Marcos-Alonso,es ESP,DF,Chelsea,28,1990,9.5,572,694,82.4,9911,3034,8,25,32.0,478,536,89.2,86,133,64.7,2,1.4,+0.6,16,28,14,7,64,Matches
16,Steven Alzate\Steven-Alzate,co COL,MFDF,Brighton,20,1998,13.1,564,664,84.9,8969,2604,11,28,39.3,492,553,89.0,61,83,73.5,0,0.7,-0.7,13,33,16,2,64,Matches
17,Ibrahim Amadou\Ibrahim-Amadou,fr FRA,DFMF,Norwich City,26,1993,8.4,310,361,85.9,6360,1790,2,6,33.3,219,244,89.8,89,111,80.2,0,0.1,-0.1,1,14,1,0,11,Matches
18,Felipe Anderson\Felipe-Anderson,br BRA,MFFW,West Ham,26,1993,15.7,692,893,77.5,11399,3359,20,58,34.5,570,690,82.6,102,145,70.3,4,2.9,+1.1,25,44,33,6,91,Matches
19,Florin Andone\Florin-Andone,ro ROU,MFFW,Brighton,26,1993,0.8,8,12,66.7,77,21,0,1,0.0,8,11,72.7,0,0,,0,0.0,0.0,1,0,0,0,1,Matches
20,Angeliño\Angelino,es ESP,DF,Manchester City,22,1997,4.7,335,426,78.6,6057,1706,4,14,28.6,266,304,87.5,65,108,60.2,0,1.2,-1.2,9,33,14,7,47,Matches
21,Faustino Anjorin\Faustino-Anjorin,eng ENG,FW,Chelsea,17,2001,0.2,7,7,100.0,121,14,0,0,,6,6,100.0,1,1,100.0,0,0.0,0.0,0,1,0,0,0,Matches
22,Michail Antonio\Michail-Antonio,eng ENG,FWMF,West Ham,29,1990,11.4,180,290,62.1,2982,772,2,23,8.7,149,201,74.1,29,66,43.9,2,1.8,+0.2,12,12,9,7,28,Matches
23,Stuart Armstrong\Stuart-Armstrong,sco SCO,MF,Southampton,27,1992,12.7,301,402,74.9,4661,1604,12,34,35.3,250,310,80.6,39,58,67.2,0,0.9,-0.9,10,19,13,2,41,Matches
24,Kepa Arrizabalaga\Kepa-Arrizabalaga,es ESP,GK,Chelsea,24,1994,25.0,652,821,79.4,17824,9354,0,0,,356,360,98.9,296,461,64.2,0,0.0,0.0,0,1,0,0,0,Matches
25,Christian Atsu\Christian-Atsu,gh GHA,FWMF,Newcastle Utd,27,1992,8.1,160,204,78.4,2514,533,6,14,42.9,131,149,87.9,23,41,56.1,3,1.0,+2.0,13,2,11,4,21,Matches
26,Pierre-Emerick Aubameyang\Pierre-Emerick-Aubameyang,ga GAB,FW,Arsenal,30,1989,25.6,468,674,69.4,7231,1951,8,46,17.4,409,531,77.0,51,97,52.6,1,2.0,-1.0,18,21,37,13,71,Matches
27,Serge Aurier\Serge-Aurier,ci CIV,DF,Tottenham,26,1992,21.3,907,1179,76.9,14940,5396,12,53,22.6,776,903,85.9,119,223,53.4,4,2.4,+1.6,24,44,32,15,120,Matches
28,Jordan Ayew\Jordan-Ayew,gh GHA,FWMF,Crystal Palace,27,1991,26.6,502,627,80.1,7192,1433,26,51,51.0,414,483,85.7,62,93,66.7,1,1.6,-0.6,19,33,17,0,36,Matches
29,César Azpilicueta\Cesar-Azpilicueta,es ESP,DF,Chelsea,29,1989,26.9,1633,2056,79.4,28485,11103,29,88,33.0,1363,1568,86.9,241,400,60.3,3,4.6,-1.6,30,102,37,18,206,Matches
30,Eric Bailly\Eric-Bailly,ci CIV,DF,Manchester Utd,25,1994,1.1,30,36,83.3,598,263,0,1,0.0,22,26,84.6,8,9,88.9,0,0.0,0.0,0,1,0,0,3,Matches
31,Leighton Baines\Leighton-Baines,eng ENG,DF,Everton,34,1984,3.7,137,175,78.3,2452,950,0,6,0.0,111,120,92.5,26,49,53.1,0,0.7,-0.7,4,6,7,5,29,Matches
32,Fabián Balbuena\Fabian-Balbuena,py PAR,DF,West Ham,27,1991,12.0,337,451,74.7,7640,2708,2,7,28.6,203,240,84.6,132,204,64.7,0,0.0,0.0,0,23,2,0,27,Matches
33,George Baldock\George-Baldock,eng ENG,DF,Sheffield Utd,26,1993,28.0,854,1144,74.7,12800,4683,29,86,33.7,734,835,87.9,91,223,40.8,3,1.8,+1.2,17,44,30,20,120,Matches
34,Phil Bardsley\Phil-Bardsley,sco SCO,DF,Burnley,34,1985,14.0,357,550,64.9,6771,3362,7,29,24.1,276,345,80.0,74,176,42.0,1,0.3,+0.7,2,43,7,2,79,Matches
35,Ross Barkley\Ross-Barkley,eng ENG,MF,Chelsea,25,1993,7.5,346,397,87.2,6674,1358,6,13,46.2,259,293,88.4,81,91,89.0,3,2.2,+0.8,20,31,16,1,42,Matches
36,Ashley Barnes\Ashley-Barnes,at AUT,FW,Burnley,29,1989,15.1,155,253,61.3,2120,552,7,22,31.8,134,187,71.7,14,44,31.8,0,0.5,-0.5,4,5,10,0,23,Matches
37,Harvey Barnes\Harvey-Barnes,eng ENG,MF,Leicester City,21,1997,19.1,444,585,75.9,6570,1768,13,41,31.7,391,473,82.7,40,71,56.3,6,2.4,+3.6,27,30,37,2,79,Matches
38,Chris Basham\Chris-Basham,eng ENG,DF,Sheffield Utd,31,1988,27.1,792,1094,72.4,14824,4836,22,51,43.1,596,736,81.0,174,307,56.7,0,0.7,-0.7,8,48,9,5,71,Matches
39,Borja Bastón\Borja-Baston,es ESP,MFFW,Aston Villa,26,1992,0.2,4,5,80.0,81,28,0,0,,2,3,66.7,2,2,100.0,0,0.0,0.0,0,1,0,0,2,Matches
40,Michy Batshuayi\Michy-Batshuayi,be BEL,FW,Chelsea,25,1993,2.5,61,76,80.3,776,85,5,9,55.6,51,61,83.6,5,6,83.3,1,0.2,+0.8,3,1,0,0,1,Matches
41,Jan Bednarek\Jan-Bednarek,pl POL,DF,Southampton,23,1996,27.0,851,1075,79.2,17137,6027,8,23,34.8,629,730,86.2,214,322,66.5,0,0.1,-0.1,2,50,2,0,60,Matches
42,Héctor Bellerín\Hector-Bellerin,es ESP,DF,Arsenal,24,1995,6.9,341,418,81.6,5606,1837,6,20,30.0,298,340,87.6,37,58,63.8,0,0.1,-0.1,1,25,4,1,31,Matches
43,Ryan Bennett\Ryan-Bennett,eng ENG,DF,Wolves,29,1990,6.7,185,239,77.4,4158,1593,3,4,75.0,115,136,84.6,67,99,67.7,0,0.1,-0.1,2,23,1,0,19,Matches
44,Nabil Bentaleb\Nabil-Bentaleb,dz ALG,MF,Newcastle Utd,24,1994,3.0,118,136,86.8,2428,436,5,8,62.5,83,93,89.2,30,35,85.7,0,0.1,-0.1,5,10,2,1,9,Matches
45,Christian Benteke\Christian-Benteke,be BEL,FW,Crystal Palace,28,1990,10.2,143,241,59.3,2067,565,8,18,44.4,118,191,61.8,17,32,53.1,1,2.1,-1.1,16,9,9,2,27,Matches
46,Jóhann Berg Guðmundsson\Johann-Berg-Gudmundsson,is ISL,MF,Burnley,28,1990,4.5,73,119,61.3,1484,351,1,5,20.0,52,74,70.3,20,40,50.0,0,0.5,-0.5,6,2,4,3,9,Matches
47,Sander Berge\Sander-Berge,no NOR,MF,Sheffield Utd,21,1998,2.3,57,81,70.4,990,171,0,4,0.0,46,61,75.4,11,16,68.8,0,0.0,0.0,0,3,2,0,5,Matches
48,Steven Bergwijn\Steven-Bergwijn,nl NED,FWMF,Tottenham,21,1997,4.6,114,127,89.8,1559,228,4,6,66.7,102,110,92.7,8,11,72.7,0,0.6,-0.6,7,5,5,1,9,Matches
49,Bernard\Bernard,br BRA,MFFW,Everton,26,1992,11.4,333,458,72.7,5291,1521,8,33,24.2,283,348,81.3,42,77,54.5,2,1.5,+0.5,18,28,22,3,54,Matches
50,Bernardo\Bernardo,br BRA,DF,Brighton,24,1995,6.0,238,312,76.3,3968,1773,3,14,21.4,202,241,83.8,33,57,57.9,0,0.2,-0.2,2,20,7,3,43,Matches
51,Ryan Bertrand\Ryan-Bertrand,eng ENG,DF,Southampton,29,1989,22.5,860,1171,73.4,14708,6803,14,65,21.5,707,845,83.7,139,261,53.3,1,3.1,-2.1,29,80,25,10,181,Matches
52,Muhamed Bešić\Muhamed-Besic,ba BIH,MF,Sheffield Utd,26,1992,2.7,86,106,81.1,1516,328,1,5,20.0,66,76,86.8,19,25,76.0,0,0.1,-0.1,1,6,2,0,10,Matches
53,Philip Billing\Philip-Billing,dk DEN,MF,Bournemouth,23,1996,24.1,782,1027,76.1,14453,3605,20,42,47.6,571,720,79.3,191,265,72.1,1,1.3,-0.3,14,70,12,1,79,Matches
54,Yves Bissouma\Yves-Bissouma,ml MLI,MF,Brighton,22,1996,7.4,310,370,83.8,5989,946,5,10,50.0,230,262,87.8,75,98,76.5,0,0.1,-0.1,2,28,3,0,17,Matches
55,Willy Boly\Willy-Boly,fr FRA,DF,Wolves,28,1991,13.0,403,509,79.2,8101,3453,6,15,40.0,298,334,89.2,99,160,61.9,1,0.3,+0.7,3,21,2,0,26,Matches
56,Gaëtan Bong\Gaetan-Bong,cm CMR,MFDF,Brighton,31,1988,0.6,24,35,68.6,427,175,0,1,0.0,16,22,72.7,8,12,66.7,0,0.1,-0.1,2,3,1,1,4,Matches
57,Sofiane Boufal\Sofiane-Boufal,ma MAR,MFFW,Southampton,25,1993,8.4,246,324,75.9,3753,1058,5,15,33.3,209,254,82.3,32,55,58.2,2,2.6,-0.6,14,18,15,3,32,Matches
58,Jarrod Bowen\Jarrod-Bowen,eng ENG,FWMF,West Ham,22,1996,2.0,32,45,71.1,620,336,0,5,0.0,25,29,86.2,7,11,63.6,0,0.4,-0.4,2,4,4,1,8,Matches
59,Robbie Brady\Robbie-Brady,ie IRL,MF,Burnley,27,1992,4.4,73,122,59.8,1173,496,2,6,33.3,58,80,72.5,13,36,36.1,2,0.2,+1.8,6,4,5,1,14,Matches
60,Claudio Bravo\Claudio-Bravo,cl CHI,GK,Manchester City,36,1983,3.8,101,132,76.5,2698,1554,0,0,,60,61,98.4,41,71,57.7,0,0.0,0.0,0,0,0,0,0,Matches
61,Armando Broja\Armando-Broja,al ALB,FW,Chelsea,17,2001,0.0,2,2,100.0,13,0,1,1,100.0,1,1,100.0,0,0,,0,0.0,0.0,0,0,0,0,0,Matches
62,Josh Brownhill\Josh-Brownhill,eng ENG,MF,Burnley,23,1995,0.0,0,2,0.0,0,0,0,0,,0,0,,0,2,0.0,0,0.0,0.0,0,0,0,0,0,Matches
63,Emi Buendía\Emi-Buendia,ar ARG,FWMF,Norwich City,22,1996,22.4,971,1283,75.7,17515,6088,27,71,38.0,734,855,85.8,210,357,58.8,7,6.9,+0.1,70,127,52,4,192,Matches
64,Dan Burn\Dan-Burn,eng ENG,DF,Brighton,27,1992,23.9,1145,1476,77.6,19726,6992,16,66,24.2,949,1091,87.0,180,319,56.4,0,1.1,-1.1,16,91,18,7,109,Matches
65,Sam Byram\Sam-Byram,eng ENG,DF,Norwich City,25,1993,14.4,625,763,81.9,9863,3368,14,32,43.8,529,600,88.2,82,131,62.6,0,0.5,-0.5,7,22,5,0,61,Matches
66,Willy Caballero\Willy-Caballero,ar ARG,GK,Chelsea,37,1981,4.0,88,125,70.4,2459,1580,0,0,,55,55,100.0,33,70,47.1,0,0.0,0.0,0,0,0,0,0,Matches
67,Gary Cahill\Gary-Cahill,eng ENG,DF,Crystal Palace,33,1985,20.0,690,788,87.6,15404,4674,5,13,38.5,442,480,92.1,243,295,82.4,1,0.3,+0.7,2,25,2,0,28,Matches
68,Dominic Calvert-Lewin\Dominic-Calvert-Lewin,eng ENG,FW,Everton,22,1997,21.2,305,453,67.3,4549,977,10,31,32.3,257,367,70.0,38,55,69.1,1,0.9,+0.1,14,26,10,3,32,Matches
69,Víctor Camarasa\Victor-Camarasa,es ESP,MF,Crystal Palace,25,1994,0.1,3,3,100.0,44,11,0,0,,3,3,100.0,0,0,,0,0.0,0.0,0,0,0,0,0,Matches
70,João Cancelo\Joao-Cancelo,pt POR,DF,Manchester City,25,1994,8.7,635,726,87.5,11514,3243,4,17,23.5,510,555,91.9,121,154,78.6,0,1.1,-1.1,9,64,13,2,64,Matches
71,Todd Cantwell\Todd-Cantwell,eng ENG,FW,Norwich City,21,1998,23.1,747,940,79.5,11186,2584,32,62,51.6,634,739,85.8,81,139,58.3,2,2.6,-0.6,32,55,20,1,69,Matches
72,Étienne Capoue\Etienne-Capoue,fr FRA,MF,Watford,31,1988,23.8,987,1204,82.0,20087,5184,17,33,51.5,718,820,87.6,252,351,71.8,2,1.9,+0.1,13,112,8,1,106,Matches
73,Andy Carroll\Andy-Carroll,eng ENG,FW,Newcastle Utd,30,1989,5.6,100,163,61.3,1629,381,5,11,45.5,78,118,66.1,17,34,50.0,3,1.6,+1.4,9,10,6,2,13,Matches
74,Jonny Castro\Jonny-Castro,es ESP,DF,Wolves,25,1994,24.4,870,1074,81.0,13007,4480,22,54,40.7,772,895,86.3,76,125,60.8,1,0.8,+0.2,15,44,16,3,102,Matches
75,Craig Cathcart\Craig-Cathcart,nir NIR,DF,Watford,30,1989,26.2,672,800,84.0,14649,4619,6,13,46.2,442,483,91.5,224,304,73.7,0,0.1,-0.1,1,36,3,1,41,Matches
76,Dani Ceballos\Dani-Ceballos,es ESP,MF,Arsenal,22,1996,10.1,631,740,85.3,12660,3044,5,25,20.0,457,489,93.5,169,226,74.8,2,0.9,+1.1,15,73,18,1,65,Matches
77,Nathaniel Chalobah\Nathaniel-Chalobah,eng ENG,MF,Watford,24,1994,8.6,219,292,75.0,3890,1023,5,13,38.5,177,217,81.6,37,62,59.7,1,0.7,+0.3,5,23,2,0,32,Matches
78,Calum Chambers\Calum-Chambers,eng ENG,DF,Arsenal,24,1995,12.3,702,865,81.2,14269,4325,7,31,22.6,503,571,88.1,192,263,73.0,1,0.8,+0.2,4,36,5,2,62,Matches
79,Ben Chilwell\Ben-Chilwell,eng ENG,DF,Leicester City,22,1996,22.9,1308,1670,78.3,22108,7221,16,63,25.4,1114,1264,88.1,178,343,51.9,3,2.9,+0.1,29,83,19,11,133,Matches
80,Tahith Chong\Tahith-Chong,nl NED,FWMF,Manchester Utd,19,1999,0.4,9,14,64.3,136,35,0,2,0.0,9,11,81.8,0,1,0.0,0,0.0,0.0,0,0,0,0,2,Matches
81,Hamza Choudhury\Hamza-Choudhury,eng ENG,MF,Leicester City,21,1997,8.7,388,444,87.4,7065,1446,7,16,43.8,300,331,90.6,81,97,83.5,1,0.1,+0.9,3,26,2,0,20,Matches
82,Andreas Christensen\Andreas-Christensen,dk DEN,DF,Chelsea,23,1996,14.0,749,812,92.2,17355,3893,3,8,37.5,445,467,95.3,301,337,89.3,0,0.5,-0.5,3,43,2,0,20,Matches
83,Ciaran Clark\Ciaran-Clark,ie IRL,DF,Newcastle Utd,29,1989,13.2,253,322,78.6,5411,2056,3,6,50.0,175,201,87.1,75,115,65.2,0,0.0,0.0,1,20,2,0,24,Matches
84,Leon Clarke\Leon-Clarke,eng ENG,MF,Sheffield Utd,34,1985,0.1,3,3,100.0,34,7,0,0,,3,3,100.0,0,0,,0,0.0,0.0,0,0,0,0,0,Matches
85,Tom Cleverley\Tom-Cleverley,eng ENG,MF,Watford,29,1989,7.3,263,322,81.7,4212,1297,9,16,56.3,220,245,89.8,34,61,55.7,0,0.4,-0.4,12,23,12,3,37,Matches
86,Conor Coady\Conor-Coady,eng ENG,DF,Wolves,26,1993,29.0,1122,1312,85.5,30678,10992,6,13,46.2,577,620,93.1,539,679,79.4,0,0.5,-0.5,5,83,5,0,43,Matches
87,Séamus Coleman\Seamus-Coleman,ie IRL,DF,Everton,30,1988,13.2,587,755,77.7,10069,4538,9,45,20.0,481,556,86.5,97,154,63.0,1,0.6,+0.4,7,49,9,3,90,Matches
88,Aaron Connolly\Aaron-Connolly,ie IRL,FW,Brighton,19,2000,9.3,84,115,73.0,1160,149,8,15,53.3,66,87,75.9,10,13,76.9,0,0.2,-0.2,4,2,1,0,4,Matches
89,Lewis Cook\Lewis-Cook,eng ENG,MF,Bournemouth,22,1997,11.2,425,547,77.7,8521,2522,5,21,23.8,311,369,84.3,109,157,69.4,0,0.8,-0.8,8,43,8,1,54,Matches
90,Steve Cook\Steve-Cook,eng ENG,DF,Bournemouth,28,1991,20.5,801,979,81.8,18357,5995,5,18,27.8,504,566,89.0,292,395,73.9,0,0.3,-0.3,3,33,2,0,46,Matches
91,Jack Cork\Jack-Cork,eng ENG,MF,Burnley,30,1989,26.3,665,845,78.7,11147,2513,32,58,55.2,523,618,84.6,110,169,65.1,0,0.7,-0.7,10,54,7,1,57,Matches
92,Aaron Cresswell\Aaron-Cresswell,eng ENG,DF,West Ham,29,1989,22.5,943,1279,73.7,16156,8146,13,69,18.8,764,871,87.7,166,339,49.0,0,1.3,-1.3,15,95,14,9,162,Matches
93,Patrick Cutrone\Patrick-Cutrone,it ITA,FW,Wolves,21,1998,3.2,38,56,67.9,487,66,2,2,100.0,36,49,73.5,0,5,0.0,0,0.0,0.0,1,2,0,0,1,Matches
94,Diogo Dalot\Diogo-Dalot,pt POR,DF,Manchester Utd,20,1999,0.7,51,64,79.7,887,248,1,2,50.0,40,47,85.1,10,15,66.7,0,0.0,0.0,0,1,0,0,2,Matches
95,Charlie Daniels\Charlie-Daniels,eng ENG,DF,Bournemouth,32,1986,1.4,35,49,71.4,698,323,3,3,100.0,24,29,82.8,8,17,47.1,0,0.1,-0.1,2,4,1,1,4,Matches
96,Scott Dann\Scott-Dann,eng ENG,DF,Crystal Palace,32,1987,7.1,219,264,83.0,4469,1781,2,8,25.0,164,180,91.1,53,76,69.7,1,0.2,+0.8,3,5,0,0,14,Matches
97,Kevin Danso\Kevin-Danso,at AUT,DF,Southampton,20,1998,3.1,115,159,72.3,2054,902,0,3,0.0,93,109,85.3,22,47,46.8,1,0.2,+0.8,1,10,2,1,14,Matches
98,Ben Davies\Ben-Davies,wal WAL,DF,Tottenham,26,1993,7.0,302,407,74.2,5143,2038,7,18,38.9,259,318,81.4,36,71,50.7,0,0.4,-0.4,5,28,5,4,39,Matches
99,Tom Davies\Tom-Davies,eng ENG,MF,Everton,21,1998,15.2,451,579,77.9,8699,2763,5,22,22.7,347,408,85.0,99,149,66.4,0,0.3,-0.3,4,59,11,0,88,Matches
100,Keinan Davis\Keinan-Davis,eng ENG,FW,Aston Villa,21,1998,1.4,29,36,80.6,464,46,1,3,33.3,25,30,83.3,3,3,100.0,0,0.1,-0.1,3,1,0,0,2,Matches
101,Craig Dawson\Craig-Dawson,eng ENG,DF,Watford,29,1990,17.2,500,618,80.9,11645,3907,2,8,25.0,301,337,89.3,197,273,72.2,0,0.0,0.0,1,39,0,0,38,Matches
102,Kevin De Bruyne\Kevin-De-Bruyne,be BEL,MF,Manchester City,28,1991,24.0,1293,1735,74.5,26648,8411,21,72,29.2,915,1108,82.6,357,555,64.3,17,13.4,+3.6,92,135,88,15,278,Matches
103,Troy Deeney\Troy-Deeney,eng ENG,FW,Watford,31,1988,16.7,263,470,56.0,3902,1351,10,33,30.3,219,359,61.0,34,78,43.6,2,2.4,-0.4,18,32,16,0,45,Matches
104,Fabian Delph\Fabian-Delph,eng ENG,MF,Everton,29,1989,13.2,676,778,86.9,14008,3540,7,16,43.8,480,522,92.0,189,240,78.8,0,0.3,-0.3,6,63,15,4,67,Matches
105,Leander Dendoncker\Leander-Dendoncker,be BEL,DFMF,Wolves,24,1995,25.3,921,1070,86.1,19057,4233,7,25,28.0,666,756,88.1,248,289,85.8,0,0.6,-0.6,6,48,3,1,50,Matches
106,Gerard Deulofeu\Gerard-Deulofeu,es ESP,FW,Watford,25,1994,23.4,603,823,73.3,10186,2555,26,73,35.6,461,558,82.6,116,192,60.4,5,4.6,+0.4,45,30,29,2,75,Matches
107,Eric Dier\Eric-Dier,eng ENG,MFDF,Tottenham,25,1994,9.9,430,542,79.3,8544,2145,10,15,66.7,305,359,85.0,115,168,68.5,2,0.1,+1.9,4,37,2,0,34,Matches
108,Lucas Digne\Lucas-Digne,fr FRA,DF,Everton,26,1993,24.9,1006,1453,69.2,18904,8426,12,62,19.4,785,958,81.9,209,433,48.3,5,4.6,+0.4,57,70,32,17,240,Matches
109,Virgil van Dijk\Virgil-van-Dijk,nl NED,DF,Liverpool,28,1991,29.0,2110,2326,90.7,49601,13871,11,16,68.8,1295,1373,94.3,804,937,85.8,1,1.0,0.0,5,167,7,0,121,Matches
110,Issa Diop\Issa-Diop,fr FRA,DF,West Ham,22,1997,21.7,547,671,81.5,11353,4191,15,26,57.7,371,424,87.5,161,221,72.9,0,0.3,-0.3,1,42,1,0,37,Matches
111,Moussa Djenepo\Moussa-Djenepo,ml MLI,MFDF,Southampton,21,1998,10.3,191,264,72.3,2736,894,8,21,38.1,166,205,81.0,17,38,44.7,2,1.4,+0.6,13,11,15,2,33,Matches
112,Matt Doherty\Matt-Doherty,ie IRL,DF,Wolves,27,1992,23.9,981,1295,75.8,16380,6731,22,54,40.7,808,998,81.0,151,243,62.1,1,0.8,+0.2,14,61,15,7,175,Matches
113,Abdoulaye Doucouré\Abdoulaye-Doucoure,fr FRA,MF,Watford,26,1993,27.2,1066,1340,79.6,17966,3902,34,87,39.1,843,1008,83.6,189,245,77.1,2,2.6,-0.6,32,96,21,4,92,Matches
114,Danny Drinkwater\Danny-Drinkwater,eng ENG,MF,Aston Villa,29,1990,2.9,136,167,81.4,2638,565,2,7,28.6,98,113,86.7,36,47,76.6,0,0.0,0.0,1,16,1,0,11,Matches
115,Danny Drinkwater\Danny-Drinkwater,eng ENG,MF,Burnley,29,1990,0.7,11,20,55.0,183,39,0,3,0.0,10,12,83.3,1,5,20.0,0,0.0,0.0,0,0,0,0,2,Matches
116,Josip Drmić\Josip-Drmic,ch SUI,FWMF,Norwich City,26,1992,2.4,48,61,78.7,635,69,1,3,33.3,44,49,89.8,3,9,33.3,0,0.1,-0.1,1,3,0,0,2,Matches
117,Martin Dúbravka\Martin-Dubravka,sk SVK,GK,Newcastle Utd,30,1989,29.0,448,833,53.8,19875,15183,2,4,50.0,119,124,96.0,327,705,46.4,0,0.0,0.0,0,13,0,0,2,Matches
118,Ondrej Duda\Ondrej-Duda,sk SVK,MF,Norwich City,24,1994,6.5,234,299,78.3,3673,954,9,22,40.9,191,214,89.3,34,63,54.0,0,1.1,-1.1,13,9,10,2,29,Matches
119,Shane Duffy\Shane-Duffy,ie IRL,DF,Brighton,27,1992,11.9,457,546,83.7,10794,3192,5,10,50.0,271,306,88.6,181,230,78.7,0,0.0,0.0,1,23,4,0,22,Matches
120,Paul Dummett\Paul-Dummett,wal WAL,DF,Newcastle Utd,27,1991,13.7,358,502,71.3,6793,3372,3,14,21.4,283,330,85.8,72,158,45.6,0,0.1,-0.1,4,46,4,3,48,Matches
121,Lewis Dunk\Lewis-Dunk,eng ENG,DF,Brighton,27,1991,27.0,1606,1832,87.7,38184,11755,9,19,47.4,1016,1080,94.1,581,733,79.3,3,0.9,+2.1,9,115,5,0,83,Matches
122,Ederson\Ederson,br BRA,GK,Manchester City,25,1993,24.1,588,672,87.5,15103,8606,1,1,100.0,353,357,98.9,234,314,74.5,0,0.0,0.0,0,6,0,0,0,Matches
123,John Egan\John-Egan,ie IRL,DF,Sheffield Utd,26,1992,26.9,784,925,84.8,18836,4834,7,14,50.0,448,497,90.1,329,414,79.5,0,0.1,-0.1,1,46,1,0,52,Matches
124,Harvey Elliot\Harvey-Elliot,eng ENG,FW,Liverpool,,,0.0,0,0,,0,0,0,0,,0,0,,0,0,,0,0.0,0.0,0,0,0,0,0,Matches
125,Ahmed Elmohamady\Ahmed-Elmohamady,eg EGY,DF,Aston Villa,31,1987,8.5,349,467,74.7,6737,2596,4,17,23.5,267,308,86.7,78,142,54.9,1,1.2,-0.2,12,34,15,11,44,Matches
126,Björn Engels\Bjorn-Engels,be BEL,DF,Aston Villa,24,1994,16.1,503,605,83.1,11925,3869,3,7,42.9,300,340,88.2,200,258,77.5,0,0.1,-0.1,1,46,1,1,38,Matches
127,Christian Eriksen\Christian-Eriksen,dk DEN,MFFW,Tottenham,27,1992,12.1,549,743,73.9,10139,2773,7,19,36.8,419,499,84.0,123,225,54.7,2,2.0,0.0,23,58,21,1,76,Matches
128,Jonny Evans\Jonny-Evans,nir NIR,DF,Leicester City,31,1988,28.6,1519,1716,88.5,34635,10014,3,7,42.9,972,1045,93.0,544,664,81.9,1,0.4,+0.6,4,90,2,0,88,Matches
129,Łukasz Fabiański\Lukasz-Fabianski,pl POL,GK,West Ham,34,1985,14.5,220,413,53.3,10544,8372,1,3,33.3,39,40,97.5,180,370,48.6,0,0.0,0.0,0,3,0,0,0,Matches
130,Fabinho\Fabinho,br BRA,MF,Liverpool,25,1993,16.0,914,1058,86.4,19365,3773,9,23,39.1,635,703,90.3,270,332,81.3,1,1.2,-0.2,15,101,17,2,76,Matches
131,Ralf Fährmann\Ralf-Fahrmann,de GER,GK,Norwich City,30,1988,0.2,7,10,70.0,129,81,0,0,,5,5,100.0,2,5,40.0,0,0.0,0.0,0,0,0,0,0,Matches
132,Kiko Femenía\Kiko-Femenia,es ESP,DF,Watford,28,1991,17.0,676,857,78.9,10988,4528,10,22,45.5,574,680,84.4,92,155,59.4,0,1.2,-1.2,13,39,19,12,101,Matches
133,Bruno Fernandes\Bruno-Fernandes,pt POR,MF,Manchester Utd,24,1994,5.0,212,294,72.1,4217,1272,1,8,12.5,152,185,82.2,59,101,58.4,3,0.9,+2.1,12,24,7,1,40,Matches
134,Gedson Fernandes\Gedson-Fernandes,pt POR,MFDF,Tottenham,20,1999,0.4,25,32,78.1,361,111,1,2,50.0,21,23,91.3,3,7,42.9,0,0.1,-0.1,2,1,1,1,4,Matches
135,Federico Fernández\Federico-Fernandez,ar ARG,DF,Newcastle Utd,30,1989,20.1,601,815,73.7,12729,5982,9,31,29.0,418,491,85.1,174,293,59.4,1,0.3,+0.7,3,37,7,4,68,Matches
136,Fernandinho\Fernandinho,br BRA,DF,Manchester City,34,1985,22.2,1620,1784,90.8,36573,12096,7,20,35.0,1056,1121,94.2,557,643,86.6,0,0.3,-0.3,5,180,7,0,142,Matches
137,Roberto Firmino\Roberto-Firmino,br BRA,FWMF,Liverpool,27,1991,26.9,756,952,79.4,11753,2941,30,81,37.0,620,741,83.7,106,130,81.5,7,4.9,+2.1,36,54,24,0,78,Matches
138,John Fleck\John-Fleck,sco SCO,MF,Sheffield Utd,27,1991,24.3,754,1027,73.4,13580,4468,30,73,41.1,579,679,85.3,145,275,52.7,2,3.2,-1.2,35,85,29,5,116,Matches
139,Phil Foden\Phil-Foden,eng ENG,MFFW,Manchester City,19,2000,3.9,182,207,87.9,2857,487,5,8,62.5,153,168,91.1,24,31,77.4,1,0.5,+0.5,8,16,2,0,10,Matches
140,Pablo Fornals\Pablo-Fornals,es ESP,MF,West Ham,23,1996,16.3,464,608,76.3,7465,1999,20,50,40.0,376,443,84.9,68,115,59.1,5,2.0,+3.0,15,30,19,5,52,Matches
141,Ben Foster\Ben-Foster,eng ENG,GK,Watford,36,1983,29.0,399,939,42.5,18825,15377,1,1,100.0,92,95,96.8,306,843,36.3,0,0.0,0.0,0,25,1,0,3,Matches
142,Dimitri Foulquier\Dimitri-Foulquier,fr FRA,MFDF,Watford,26,1993,0.6,10,13,76.9,172,63,1,2,50.0,6,6,100.0,3,5,60.0,0,0.0,0.0,1,1,0,0,2,Matches
143,Juan Foyth\Juan-Foyth,ar ARG,DF,Tottenham,21,1998,0.7,53,60,88.3,1027,341,0,0,,40,43,93.0,13,17,76.5,0,0.0,0.0,1,3,0,0,6,Matches
144,Simon Francis\Simon-Francis,eng ENG,DF,Bournemouth,34,1985,10.7,425,545,78.0,8946,3416,1,9,11.1,312,355,87.9,112,181,61.9,0,0.4,-0.4,4,26,5,4,36,Matches
145,Ryan Fraser\Ryan-Fraser,sco SCO,MFFW,Bournemouth,25,1994,22.9,648,950,68.2,11071,4285,16,54,29.6,537,650,82.6,95,246,38.6,4,4.0,0.0,43,55,41,7,142,Matches
146,Fred\Fred,br BRA,MF,Manchester Utd,26,1993,22.5,1335,1574,84.8,26741,6558,21,53,39.6,956,1053,90.8,358,468,76.5,0,2.7,-2.7,36,140,13,3,138,Matches
147,Ryan Fredericks\Ryan-Fredericks,eng ENG,DF,West Ham,26,1992,18.8,577,803,71.9,9235,3752,17,49,34.7,481,593,81.1,79,161,49.1,2,1.5,+0.5,18,22,19,11,70,Matches
148,Luke Freeman\Luke-Freeman,eng ENG,MF,Sheffield Utd,27,1992,3.6,99,133,74.4,1462,457,3,11,27.3,84,102,82.4,12,20,60.0,0,0.3,-0.3,3,6,4,3,15,Matches
149,Christian Fuchs\Christian-Fuchs,at AUT,DF,Leicester City,33,1986,7.0,416,509,81.7,8244,3247,3,12,25.0,321,353,90.9,92,144,63.9,0,0.1,-0.1,2,39,5,2,50,Matches
150,Eric García\Eric-Garcia,es ESP,DF,Manchester City,18,2001,3.0,240,251,95.6,4711,1335,1,2,50.0,184,188,97.9,55,61,90.2,0,0.0,0.0,0,11,0,0,16,Matches
151,James Garner\James-Garner,eng ENG,MF,Manchester Utd,18,2001,0.1,15,15,100.0,253,44,0,0,,12,12,100.0,3,3,100.0,0,0.0,0.0,0,1,0,0,1,Matches
152,Dwight Gayle\Dwight-Gayle,eng ENG,FW,Newcastle Utd,28,1990,4.2,49,68,72.1,835,138,3,4,75.0,36,48,75.0,10,16,62.5,1,0.2,+0.8,2,4,1,1,7,Matches
153,Paulo Gazzaniga\Paulo-Gazzaniga,ar ARG,GK,Tottenham,27,1992,17.9,319,516,61.8,9683,6264,0,0,,185,186,99.5,134,330,40.6,0,0.4,-0.4,1,6,0,0,0,Matches
154,Jean-Philippe Gbamin\Jean-Philippe-Gbamin,ci CIV,MF,Everton,23,1995,1.5,50,67,74.6,779,185,1,4,25.0,42,47,89.4,7,16,43.8,0,0.0,0.0,0,5,0,0,3,Matches
155,David de Gea\David-de-Gea,es ESP,GK,Manchester Utd,28,1990,29.0,540,716,75.4,14407,8559,0,4,0.0,325,328,99.1,215,384,56.0,0,0.0,0.0,0,3,0,0,0,Matches
156,Anwar El Ghazi\Anwar-El-Ghazi,nl NED,FWMF,Aston Villa,24,1995,18.7,339,510,66.5,5763,1526,14,42,33.3,263,340,77.4,62,128,48.4,4,2.5,+1.5,29,14,17,11,54,Matches
157,Morgan Gibbs-White\Morgan-Gibbs-White,eng ENG,MFFW,Wolves,19,2000,1.4,62,77,80.5,1089,290,0,0,,52,60,86.7,10,17,58.8,0,0.1,-0.1,3,4,3,0,8,Matches
158,Billy Gilmour\Billy-Gilmour,sco SCO,MF,Chelsea,18,2001,1.1,80,90,88.9,1525,325,3,3,100.0,59,68,86.8,18,19,94.7,0,0.1,-0.1,2,3,0,0,5,Matches
159,Olivier Giroud\Olivier-Giroud,fr FRA,FW,Chelsea,32,1986,4.9,103,142,72.5,1284,175,7,12,58.3,93,121,76.9,3,9,33.3,0,0.8,-0.8,5,6,3,0,4,Matches
160,Ben Godfrey\Ben-Godfrey,eng ENG,DF,Norwich City,21,1998,20.4,1015,1128,90.0,21351,6416,8,20,40.0,700,742,94.3,307,366,83.9,0,0.0,0.0,0,49,1,0,36,Matches
161,André Gomes\Andre-Gomes,pt POR,MF,Everton,26,1993,8.8,384,460,83.5,8324,2293,4,11,36.4,268,296,90.5,112,153,73.2,0,0.4,-0.4,7,58,8,2,42,Matches
162,Angel Gomes\Angel-Gomes,eng ENG,MF,Manchester Utd,18,2000,0.2,11,13,84.6,235,83,1,1,100.0,7,9,77.8,3,3,100.0,0,0.2,-0.2,2,1,2,0,3,Matches
163,Joe Gomez\Joe-Gomez,eng ENG,DF,Liverpool,22,1997,14.2,1117,1251,89.3,25323,6383,8,17,47.1,709,758,93.5,400,476,84.0,0,0.1,-0.1,4,74,9,2,58,Matches
164,Anthony Gordon\Anthony-Gordon,eng ENG,MFFW,Everton,18,2001,0.7,12,14,85.7,172,57,0,1,0.0,12,13,92.3,0,0,,0,0.0,0.0,0,0,0,0,1,Matches
165,Dan Gosling\Dan-Gosling,eng ENG,MF,Bournemouth,29,1990,9.8,284,359,79.1,4646,1038,10,29,34.5,232,267,86.9,42,63,66.7,1,0.3,+0.7,4,27,5,0,30,Matches
166,Andre Gray\Andre-Gray,eng ENG,FW,Watford,28,1991,8.0,94,143,65.7,1423,315,4,15,26.7,78,109,71.6,12,19,63.2,0,1.7,-1.7,8,8,4,1,8,Matches
167,Demarai Gray\Demarai-Gray,eng ENG,MFFW,Leicester City,23,1996,4.6,165,193,85.5,2555,438,5,15,33.3,139,149,93.3,21,29,72.4,1,0.7,+0.3,7,5,6,2,14,Matches
168,Jack Grealish\Jack-Grealish,eng ENG,FWMF,Aston Villa,23,1995,25.9,911,1154,78.9,17463,4792,22,64,34.4,684,783,87.4,205,307,66.8,6,5.1,+0.9,70,75,56,2,172,Matches
169,Mason Greenwood\Mason-Greenwood,eng ENG,FWMF,Manchester Utd,17,2001,7.2,187,229,81.7,2904,536,6,17,35.3,162,184,88.0,19,28,67.9,0,0.3,-0.3,7,7,4,0,12,Matches
170,Arnaut Groeneveld\Arnaut-Groeneveld,nl NED,MF,Bournemouth,22,1997,4.5,124,159,78.0,2313,565,3,12,25.0,95,117,81.2,26,30,86.7,0,0.1,-0.1,2,7,4,1,16,Matches
171,Pascal Groß\Pascal-Gross,de GER,MFFW,Brighton,28,1991,16.6,668,892,74.9,12925,3863,8,42,19.0,515,587,87.7,145,263,55.1,4,4.9,-0.9,54,49,31,7,131,Matches
172,Vicente Guaita\Vicente-Guaita,es ESP,GK,Crystal Palace,32,1987,27.0,455,837,54.4,17101,12044,3,4,75.0,174,174,100.0,278,659,42.2,0,0.0,0.0,0,10,0,0,0,Matches
173,Mattéo Guendouzi\Matteo-Guendouzi,fr FRA,MF,Arsenal,20,1999,17.7,958,1079,88.8,18799,5217,14,38,36.8,708,762,92.9,236,279,84.6,1,1.1,-0.1,13,125,19,1,122,Matches
174,Frederic Guilbert\Frederic-Guilbert,fr FRA,DF,Aston Villa,24,1994,21.1,655,977,67.0,12638,5296,7,45,15.6,499,639,78.1,149,293,50.9,2,1.4,+0.6,13,67,23,14,140,Matches
175,İlkay Gündoğan\Ilkay-Gundogan,de GER,MF,Manchester City,28,1990,17.7,1389,1536,90.4,25887,5124,17,35,48.6,1066,1148,92.9,306,353,86.7,1,2.4,-1.4,32,132,29,1,133,Matches
176,Angus Gunn\Angus-Gunn,eng ENG,GK,Southampton,23,1996,10.0,111,256,43.4,4114,2955,0,0,,47,47,100.0,64,209,30.6,0,0.0,0.0,0,6,1,0,0,Matches
177,Sébastien Haller\Sebastien-Haller,fr FRA,FW,West Ham,25,1994,23.9,488,724,67.4,6920,1438,24,54,44.4,415,587,70.7,49,83,59.0,1,1.9,-0.9,23,45,14,2,46,Matches
178,Grant Hanley\Grant-Hanley,sco SCO,DF,Norwich City,27,1991,14.0,538,639,84.2,11533,3185,7,12,58.3,360,390,92.3,171,237,72.2,0,0.0,0.0,1,20,0,0,16,Matches
179,Kortney Hause\Kortney-Hause,eng ENG,DF,Aston Villa,24,1995,11.0,439,593,74.0,8690,3587,7,21,33.3,331,390,84.9,101,182,55.5,0,0.0,0.0,0,36,1,0,33,Matches
180,Isaac Hayden\Isaac-Hayden,eng ENG,MF,Newcastle Utd,24,1995,21.9,523,708,73.9,9062,2194,9,42,21.4,417,517,80.7,97,149,65.1,1,1.5,-0.5,13,37,12,6,50,Matches
181,Tom Heaton\Tom-Heaton,eng ENG,GK,Aston Villa,33,1986,19.9,350,614,57.0,12857,9485,2,2,100.0,159,159,100.0,189,453,41.7,0,0.0,0.0,0,8,0,0,1,Matches
182,Dean Henderson\Dean-Henderson,eng ENG,GK,Sheffield Utd,22,1997,27.0,305,774,39.4,15160,12080,0,0,,77,78,98.7,228,696,32.8,0,0.0,0.0,0,34,1,0,0,Matches
183,Jordan Henderson\Jordan-Henderson,eng ENG,MF,Liverpool,29,1990,21.0,1333,1585,84.1,27496,6240,19,49,38.8,945,1027,92.0,369,509,72.5,5,2.8,+2.2,22,148,26,5,149,Matches
184,Jeff Hendrick\Jeff-Hendrick,ie IRL,MF,Burnley,27,1992,21.5,419,575,72.9,6869,1712,9,45,20.0,343,406,84.5,67,124,54.0,2,0.8,+1.2,12,25,10,2,48,Matches
185,Wayne Hennessey\Wayne-Hennessey,wal WAL,GK,Crystal Palace,32,1987,2.0,32,66,48.5,1715,1491,0,0,,7,7,100.0,25,59,42.4,0,0.0,0.0,0,3,0,0,0,Matches
186,Javier Hernández\Javier-Hernandez,mx MEX,FW,West Ham,31,1988,1.2,19,22,86.4,313,49,3,4,75.0,14,16,87.5,2,2,100.0,0,0.0,0.0,0,2,1,0,3,Matches
187,Onel Hernández\Onel-Hernandez,cu CUB,FWMF,Norwich City,26,1993,8.4,131,192,68.2,1842,375,3,17,17.6,120,152,78.9,8,23,34.8,1,0.6,+0.4,12,2,8,2,13,Matches
188,Son Heung-min\Son-Heung-min,kr KOR,FW,Tottenham,27,1992,19.4,473,577,82.0,7500,1681,7,36,19.4,395,441,89.6,71,100,71.0,7,4.9,+2.1,31,32,21,3,59,Matches
189,Rob Holding\Rob-Holding,eng ENG,DFFW,Arsenal,23,1995,1.0,35,43,81.4,831,217,0,0,,21,23,91.3,14,20,70.0,0,0.0,0.0,0,1,0,0,1,Matches
190,José Holebas\Jose-Holebas,gr GRE,DF,Watford,35,1984,11.2,422,589,71.6,8133,3724,10,19,52.6,311,367,84.7,101,203,49.8,0,0.7,-0.7,10,43,8,5,89,Matches
191,Mason Holgate\Mason-Holgate,eng ENG,DF,Everton,22,1996,19.2,706,829,85.2,17006,5040,4,16,25.0,404,445,90.8,298,368,81.0,3,0.5,+2.5,2,42,4,0,48,Matches
192,Nathan Holland\Nathan-Holland,eng ENG,MF,West Ham,21,1998,0.3,11,14,78.6,137,49,0,0,,11,13,84.6,0,1,0.0,0,0.0,0.0,0,0,0,0,0,Matches
193,Conor Hourihane\Conor-Hourihane,ie IRL,MF,Aston Villa,28,1991,10.5,347,436,79.6,6410,1719,13,24,54.2,262,297,88.2,72,115,62.6,2,2.8,-0.8,19,33,10,5,43,Matches
194,Callum Hudson-Odoi\Callum-Hudson-Odoi,eng ENG,FW,Chelsea,18,2000,8.6,351,436,80.5,6550,1388,7,21,33.3,272,312,87.2,72,103,69.9,4,2.3,+1.7,19,14,29,9,52,Matches
195,Will Hughes\Will-Hughes,eng ENG,MF,Watford,24,1995,16.8,432,597,72.4,6482,2187,11,36,30.6,373,456,81.8,48,105,45.7,1,0.8,+0.2,12,41,15,3,51,Matches
196,Pierre Højbjerg\Pierre-Hojbjerg,dk DEN,MF,Southampton,23,1995,27.2,1192,1541,77.4,22614,5908,19,51,37.3,913,1091,83.7,260,399,65.2,1,1.8,-0.8,28,124,27,5,122,Matches
197,Jordon Ibe\Jordon-Ibe,eng ENG,DF,Bournemouth,23,1995,0.5,17,22,77.3,329,144,0,2,0.0,14,17,82.4,3,3,100.0,0,0.0,0.0,0,2,1,0,5,Matches
198,Adam Idah\Adam-Idah,ie IRL,FW,Norwich City,18,2001,0.8,3,6,50.0,32,0,0,1,0.0,3,4,75.0,0,1,0.0,0,0.0,0.0,0,0,0,0,0,Matches
199,Odion Ighalo\Odion-Ighalo,ng NGA,FW,Manchester Utd,30,1989,0.3,9,10,90.0,118,7,0,0,,8,9,88.9,1,1,100.0,0,0.1,-0.1,1,1,0,0,0,Matches
200,Kelechi Iheanacho\Kelechi-Iheanacho,ng NGA,FW,Leicester City,22,1996,6.5,119,145,82.1,1659,413,5,16,31.3,102,115,88.7,12,14,85.7,3,2.1,+0.9,12,5,6,0,18,Matches
201,Danny Ings\Danny-Ings,eng ENG,FW,Southampton,27,1992,22.3,272,441,61.7,4335,1159,9,31,29.0,219,310,70.6,44,100,44.0,1,1.6,-0.6,21,23,19,6,45,Matches
202,Alex Iwobi\Alex-Iwobi,ng NGA,MFFW,Everton,23,1996,13.0,339,448,75.7,6742,2269,5,28,17.9,247,296,83.4,87,124,70.2,0,2.0,-2.0,17,48,27,5,79,Matches
203,Phil Jagielka\Phil-Jagielka,eng ENG,DF,Sheffield Utd,36,1982,1.4,29,37,78.4,627,172,0,0,,20,22,90.9,9,15,60.0,0,0.0,0.0,0,2,1,1,4,Matches
204,Alireza Jahanbakhsh\Alireza-Jahanbakhsh,ir IRN,FWMF,Brighton,25,1993,3.2,78,129,60.5,1072,352,2,9,22.2,68,93,73.1,8,27,29.6,0,0.1,-0.1,2,2,3,1,9,Matches
205,Daniel James\Daniel-James,wal WAL,FW,Manchester Utd,21,1997,24.2,534,739,72.3,8132,2043,18,70,25.7,461,562,82.0,55,107,51.4,6,4.0,+2.0,26,32,27,9,66,Matches
206,Matty James\Matty-James,eng ENG,MF,Leicester City,28,1991,0.1,6,6,100.0,87,21,0,0,,5,5,100.0,1,1,100.0,0,0.0,0.0,0,0,0,0,1,Matches
207,Reece James\Reece-James,eng ENG,DF,Chelsea,19,1999,11.8,728,871,83.6,13399,3889,12,30,40.0,564,623,90.5,152,218,69.7,2,1.8,+0.2,15,37,19,7,85,Matches
208,Daryl Janmaat\Daryl-Janmaat,nl NED,DF,Watford,30,1989,6.8,257,341,75.4,4290,1698,7,18,38.9,213,238,89.5,37,85,43.5,1,0.4,+0.6,7,23,10,5,47,Matches
209,Gabriel Jesus\Gabriel-Jesus,br BRA,FW,Manchester City,22,1997,14.9,352,402,87.6,4950,559,20,33,60.6,302,330,91.5,30,39,76.9,4,1.4,+2.6,15,12,6,0,15,Matches
210,Raúl Jiménez\Raul-Jimenez,mx MEX,FW,Wolves,28,1991,27.4,552,746,74.0,9004,2034,20,69,29.0,438,534,82.0,94,143,65.7,6,5.1,+0.9,37,48,15,2,64,Matches
211,Joelinton\Joelinton,br BRA,FW,Newcastle Utd,22,1996,24.9,521,648,80.4,7601,1335,19,42,45.2,442,526,84.0,60,80,75.0,2,2.2,-0.2,23,36,9,2,44,Matches
212,Curtis Jones\Curtis-Jones,eng ENG,MF,Liverpool,18,2001,0.2,22,23,95.7,318,50,0,0,,22,22,100.0,0,1,0.0,0,0.0,0.0,0,2,1,0,2,Matches
213,Phil Jones\Phil-Jones,eng ENG,DF,Manchester Utd,27,1992,1.5,79,89,88.8,1388,398,2,3,66.7,60,66,90.9,17,20,85.0,0,0.0,0.0,0,6,0,0,1,Matches
214,Jorginho\Jorginho,it ITA,MF,Chelsea,27,1991,22.4,1606,1836,87.5,30231,7682,29,45,64.4,1229,1351,91.0,348,440,79.1,2,2.2,-0.2,22,190,29,1,165,Matches
215,Jota\Jota,es ESP,FWMF,Aston Villa,28,1991,3.5,66,86,76.7,1260,554,1,4,25.0,50,61,82.0,15,21,71.4,1,0.6,+0.4,5,10,5,0,17,Matches
216,Diogo Jota\Diogo-Jota,pt POR,FWMF,Wolves,22,1996,19.7,511,655,78.0,8390,1631,13,40,32.5,431,526,81.9,67,89,75.3,1,2.6,-1.6,26,29,16,5,52,Matches
217,James Justin\James-Justin,eng ENG,DF,Leicester City,21,1998,2.2,141,173,81.5,2239,858,2,7,28.6,124,138,89.9,15,28,53.6,1,0.4,+0.6,3,6,4,0,26,Matches
218,Christian Kabasele\Christian-Kabasele,be BEL,DF,Watford,28,1991,17.5,356,465,76.6,7995,3047,5,13,38.5,235,265,88.7,116,187,62.0,1,0.3,+0.7,2,31,0,0,32,Matches
219,Harry Kane\Harry-Kane,eng ENG,FW,Tottenham,26,1993,19.8,284,424,67.0,5089,1297,6,28,21.4,215,291,73.9,63,105,60.0,2,1.8,+0.2,19,36,13,3,52,Matches
220,N'Golo Kanté\NGolo-Kante,fr FRA,MF,Chelsea,28,1991,15.4,720,859,83.8,12493,3165,24,52,46.2,566,651,86.9,130,156,83.3,0,2.0,-2.0,24,79,24,7,87,Matches
221,Moise Kean\Moise-Kean,it ITA,FWMF,Everton,19,2000,7.5,88,120,73.3,1180,245,9,21,42.9,70,85,82.4,9,14,64.3,2,0.5,+1.5,4,5,5,1,11,Matches
222,Michael Keane\Michael-Keane,eng ENG,DF,Everton,26,1993,19.4,708,860,82.3,17102,5301,6,12,50.0,421,482,87.3,281,366,76.8,0,0.4,-0.4,3,50,2,0,54,Matches
223,Naby Keïta\Naby-Keita,gn GUI,MF,Liverpool,24,1995,4.1,285,314,90.8,4527,1177,7,12,58.3,242,260,93.1,36,42,85.7,1,1.2,-0.2,8,26,10,2,29,Matches
224,Martin Kelly\Martin-Kelly,eng ENG,DF,Crystal Palace,29,1990,17.2,493,670,73.6,9627,4222,8,26,30.8,365,439,83.1,120,205,58.5,1,0.9,+0.1,6,26,7,6,52,Matches
225,Max Kilman\Max-Kilman,eng ENG,DF,Wolves,22,1997,2.0,72,90,80.0,1391,547,1,3,33.3,55,62,88.7,16,25,64.0,0,0.0,0.0,0,4,0,0,9,Matches
226,Joshua King\Joshua-King,no NOR,FWMF,Bournemouth,27,1992,16.3,260,369,70.5,3911,946,9,36,25.0,218,284,76.8,33,49,67.3,2,2.7,-0.7,21,18,14,4,32,Matches
227,Jonathan Kodjia\Jonathan-Kodjia,ci CIV,FWMF,Aston Villa,29,1989,1.2,19,30,63.3,307,8,0,1,0.0,16,25,64.0,3,4,75.0,0,0.0,0.0,0,1,0,0,0,Matches
228,Sead Kolašinac\Sead-Kolasinac,ba BIH,DF,Arsenal,26,1993,12.3,541,652,83.0,8684,2874,5,23,21.7,468,531,88.1,68,98,69.4,2,1.0,+1.0,9,26,13,4,61,Matches
229,Ezri Konsa\Ezri-Konsa,eng ENG,DF,Aston Villa,21,1998,13.3,418,507,82.4,8764,2932,3,12,25.0,292,324,90.1,123,171,71.9,2,0.1,+1.9,3,27,0,0,29,Matches
230,Cheikhou Kouyaté\Cheikhou-Kouyate,sn SEN,MF,Crystal Palace,29,1989,22.1,496,652,76.1,7912,2409,20,45,44.4,401,492,81.5,75,115,65.2,1,0.9,+0.1,8,30,7,1,49,Matches
231,Mateo Kovačić\Mateo-Kovacic,hr CRO,MF,Chelsea,25,1994,18.7,1402,1561,89.8,27326,6859,19,33,57.6,1045,1113,93.9,338,415,81.4,3,1.9,+1.1,26,148,21,2,143,Matches
232,Emil Krafth\Emil-Krafth,se SWE,DF,Newcastle Utd,24,1994,6.3,160,226,70.8,2659,1324,2,12,16.7,137,164,83.5,21,50,42.0,0,0.0,0.0,0,9,2,1,25,Matches
233,Tim Krul\Tim-Krul,nl NED,GK,Norwich City,31,1988,27.0,718,1095,65.6,22831,13328,0,4,0.0,321,324,99.1,397,767,51.8,0,0.0,0.0,0,9,0,0,3,Matches
234,Alexandre Lacazette\Alexandre-Lacazette,fr FRA,FW,Arsenal,28,1991,14.6,270,354,76.3,4047,821,14,35,40.0,216,253,85.4,40,66,60.6,3,2.1,+0.9,18,19,17,5,27,Matches
235,Adam Lallana\Adam-Lallana,eng ENG,MFFW,Liverpool,31,1988,4.1,229,270,84.8,3400,791,6,15,40.0,203,222,91.4,20,33,60.6,1,0.6,+0.4,5,23,4,0,18,Matches
236,Érik Lamela\Erik-Lamela,ar ARG,MFFW,Tottenham,27,1992,10.4,364,472,77.1,5581,1077,17,34,50.0,301,345,87.2,46,93,49.5,1,1.6,-0.6,16,19,13,1,40,Matches
237,Tariq Lamptey\Tariq-Lamptey,eng ENG,DF,Chelsea,18,2000,0.3,12,14,85.7,235,80,0,1,0.0,9,10,90.0,3,3,100.0,0,0.1,-0.1,1,0,1,0,2,Matches
238,Henri Lansbury\Henri-Lansbury,eng ENG,MF,Aston Villa,28,1990,2.1,60,81,74.1,1315,254,1,3,33.3,37,49,75.5,22,29,75.9,0,0.1,-0.1,2,9,0,0,6,Matches
239,Manuel Lanzini\Manuel-Lanzini,ar ARG,MFFW,West Ham,26,1993,13.2,594,707,84.0,9753,2774,27,39,69.2,470,527,89.2,97,141,68.8,2,2.3,-0.3,28,60,14,3,83,Matches
240,Aymeric Laporte\Aymeric-Laporte,fr FRA,DF,Manchester City,25,1994,5.6,465,497,93.6,9478,2913,1,6,16.7,344,352,97.7,120,139,86.3,0,0.1,-0.1,1,50,0,0,44,Matches
241,Jamaal Lascelles\Jamaal-Lascelles,eng ENG,DF,Newcastle Utd,25,1993,18.1,460,561,82.0,9805,2257,6,15,40.0,308,365,84.4,146,181,80.7,0,0.1,-0.1,2,18,1,0,11,Matches
242,Valentino Lazaro\Valentino-Lazaro,at AUT,DF,Newcastle Utd,23,1996,2.4,86,110,78.2,1348,529,4,5,80.0,69,76,90.8,13,29,44.8,0,0.1,-0.1,3,4,2,0,7,Matches
243,Moritz Leitner\Moritz-Leitner,de GER,MF,Norwich City,26,1992,7.6,472,553,85.4,7841,1732,12,23,52.2,390,430,90.7,70,100,70.0,0,0.3,-0.3,8,46,16,2,45,Matches
244,Florian Lejeune\Florian-Lejeune,fr FRA,DF,Newcastle Utd,28,1991,4.9,136,187,72.7,2876,1077,0,3,0.0,97,117,82.9,39,67,58.2,0,0.1,-0.1,1,9,0,0,13,Matches
245,Aaron Lennon\Aaron-Lennon,eng ENG,MF,Burnley,32,1987,5.4,92,131,70.2,1435,349,3,14,21.4,75,92,81.5,14,25,56.0,0,0.1,-0.1,2,5,2,1,8,Matches
246,Bernd Leno\Bernd-Leno,de GER,GK,Arsenal,27,1992,28.0,694,928,74.8,17326,9461,4,5,80.0,448,452,99.1,242,471,51.4,0,0.0,0.0,0,3,0,0,0,Matches
247,Jefferson Lerma\Jefferson-Lerma,co COL,MF,Bournemouth,24,1994,21.6,818,1025,79.8,16336,4899,14,32,43.8,603,697,86.5,201,296,67.9,2,1.6,+0.4,9,89,12,0,100,Matches
248,Jamal Lewis\Jamal-Lewis,nir NIR,DF,Norwich City,21,1998,16.6,722,910,79.3,11744,4512,12,43,27.9,621,723,85.9,89,144,61.8,0,0.4,-0.4,6,31,13,4,82,Matches
249,Victor Lindelöf\Victor-Lindelof,se SWE,DF,Manchester Utd,25,1994,26.0,1245,1438,86.6,25254,8042,10,28,35.7,898,970,92.6,337,440,76.6,0,0.4,-0.4,4,66,1,0,78,Matches
250,Jesse Lingard\Jesse-Lingard,eng ENG,MFFW,Manchester Utd,26,1992,9.9,334,391,85.4,4951,932,15,25,60.0,282,316,89.2,37,50,74.0,0,0.8,-0.8,16,31,10,0,32,Matches
251,Hugo Lloris\Hugo-Lloris,fr FRA,GK,Tottenham,32,1986,11.1,247,337,73.3,7510,4704,2,2,100.0,125,126,99.2,120,209,57.4,0,0.0,0.0,0,4,0,0,0,Matches
252,Giovani Lo Celso\Giovani-Lo-Celso,ar ARG,MFFW,Tottenham,23,1996,9.7,464,564,82.3,8639,2275,8,18,44.4,359,405,88.6,97,141,68.8,0,0.9,-0.9,17,53,14,1,61,Matches
253,Jürgen Locadia\Jurgen-Locadia,nl NED,MFFW,Brighton,25,1993,1.0,9,19,47.4,136,8,0,3,0.0,9,15,60.0,0,1,0.0,0,0.0,0.0,0,0,0,0,0,Matches
254,Kevin Long\Kevin-Long,ie IRL,MF,Burnley,28,1990,0.0,1,3,33.3,14,12,0,0,,1,3,33.3,0,0,,0,0.0,0.0,0,1,0,0,1,Matches
255,Shane Long\Shane-Long,ie IRL,FW,Southampton,32,1987,12.7,188,341,55.1,2446,630,12,34,35.3,164,273,60.1,12,34,35.3,2,1.2,+0.8,13,13,9,4,27,Matches
256,Matthew Longstaff\Matthew-Longstaff,eng ENG,MF,Newcastle Utd,19,2000,6.1,183,225,81.3,3430,641,3,8,37.5,138,159,86.8,42,58,72.4,0,0.2,-0.2,3,12,4,1,13,Matches
257,Sean Longstaff\Sean-Longstaff,eng ENG,MF,Newcastle Utd,21,1997,14.4,495,634,78.1,9791,2389,9,25,36.0,366,423,86.5,120,186,64.5,1,0.9,+0.1,15,40,4,1,51,Matches
258,Dejan Lovren\Dejan-Lovren,hr CRO,DF,Liverpool,30,1989,8.4,517,587,88.1,11703,3420,1,5,20.0,336,359,93.6,180,223,80.7,1,0.4,+0.6,1,41,4,0,33,Matches
259,Matthew Lowton\Matthew-Lowton,eng ENG,DF,Burnley,30,1989,15.0,440,648,67.9,8861,3894,8,24,33.3,313,387,80.9,119,237,50.2,1,1.1,-0.1,12,42,16,4,90,Matches
260,David Luiz\David-Luiz,br BRA,DF,Arsenal,32,1987,24.3,1175,1361,86.3,28777,7997,8,18,44.4,694,737,94.2,473,606,78.1,1,1.0,0.0,4,83,9,1,74,Matches
261,Douglas Luiz\Douglas-Luiz,br BRA,MF,Aston Villa,21,1998,19.0,672,822,81.8,13791,3051,9,20,45.0,456,531,85.9,207,271,76.4,2,0.8,+1.2,10,77,15,3,74,Matches
262,John Lundstram\John-Lundstram,eng ENG,MF,Sheffield Utd,25,1994,23.0,806,999,80.7,15426,3273,19,49,38.8,598,695,86.0,189,255,74.1,3,2.7,+0.3,19,63,28,4,83,Matches
263,Alexis Mac Allister\Alexis-Mac-Allister,ar ARG,FW,Brighton,20,1998,0.1,5,9,55.6,69,35,0,0,,5,6,83.3,0,3,0.0,0,0.0,0.0,0,1,0,0,1,Matches
264,James Maddison\James-Maddison,eng ENG,MF,Leicester City,22,1996,26.7,1156,1511,76.5,23449,7169,21,51,41.2,802,929,86.3,333,531,62.7,3,6.8,-3.8,80,139,38,4,218,Matches
265,Harry Maguire\Harry-Maguire,eng ENG,DF,Manchester Utd,26,1993,29.0,1513,1737,87.1,33334,8553,10,17,58.8,993,1090,91.1,510,630,81.0,1,0.5,+0.5,13,124,3,0,85,Matches
266,Riyad Mahrez\Riyad-Mahrez,dz ALG,FWMF,Manchester City,28,1991,15.4,734,873,84.1,13218,3197,11,32,34.4,575,634,90.7,148,207,71.5,8,7.0,+1.0,44,37,55,7,109,Matches
267,Ainsley Maitland-Niles\Ainsley-Maitland-Niles,eng ENG,DF,Arsenal,21,1997,13.4,737,889,82.9,12502,4265,17,33,51.5,600,672,89.3,120,184,65.2,2,1.5,+0.5,9,45,11,5,65,Matches
268,Sadio Mané\Sadio-Mane,sn SEN,FW,Liverpool,27,1992,23.2,680,852,79.8,11075,2735,15,46,32.6,563,664,84.8,102,142,71.8,7,5.2,+1.8,39,43,43,7,91,Matches
269,Javier Manquillo\Javier-Manquillo,es ESP,DF,Newcastle Utd,25,1994,10.7,238,351,67.8,3874,1526,7,23,30.4,202,257,78.6,29,71,40.8,1,0.3,+0.7,4,17,5,4,38,Matches
270,Solly March\Solly-March,eng ENG,DFFW,Brighton,25,1994,9.8,365,492,74.2,6529,1818,3,26,11.5,295,340,86.8,67,126,53.2,1,0.5,+0.5,11,16,17,6,58,Matches
271,Pablo Marí\Pablo-Mari,es ESP,DF,Arsenal,25,1993,1.0,67,74,90.5,1437,345,0,1,0.0,40,40,100.0,27,33,81.8,0,0.0,0.0,0,4,0,0,4,Matches
272,Adrian Mariappa\Adrian-Mariappa,jm JAM,DF,Watford,32,1986,13.6,336,462,72.7,6864,2824,5,12,41.7,232,281,82.6,99,169,58.6,0,0.4,-0.4,4,25,3,3,51,Matches
273,Anthony Martial\Anthony-Martial,fr FRA,FW,Manchester Utd,23,1995,20.9,414,516,80.2,5749,1251,22,52,42.3,355,414,85.7,37,50,74.0,3,2.3,+0.7,20,26,21,1,48,Matches
274,David Martin\David-Martin,eng ENG,GK,West Ham,33,1986,4.8,55,124,44.4,2858,2411,0,0,,7,7,100.0,48,117,41.0,0,0.0,0.0,0,2,0,0,0,Matches
275,Martinelli\Martinelli,br BRA,FW,Arsenal,18,2001,7.3,86,138,62.3,1242,373,2,13,15.4,75,109,68.8,9,16,56.3,0,0.2,-0.2,2,2,6,1,11,Matches
276,Adam Masina\Adam-Masina,it ITA,DF,Watford,25,1994,13.6,406,641,63.3,8420,4119,9,33,27.3,290,366,79.2,107,242,44.2,0,0.5,-0.5,10,36,10,8,90,Matches
277,Arthur Masuaku\Arthur-Masuaku,cd COD,DF,West Ham,25,1993,10.1,455,569,80.0,7265,2927,10,31,32.3,383,434,88.2,62,104,59.6,1,0.9,+0.1,6,27,5,3,52,Matches
278,Juan Mata\Juan-Mata,es ESP,MFFW,Manchester Utd,31,1988,8.1,420,493,85.2,6658,1544,5,23,21.7,359,383,93.7,56,87,64.4,2,2.1,-0.1,19,40,18,2,45,Matches
279,Nemanja Matić\Nemanja-Matic,rs SRB,MF,Manchester Utd,30,1988,10.7,556,652,85.3,10111,2719,4,13,30.8,436,489,89.2,116,150,77.3,1,0.9,+0.1,12,60,10,1,62,Matches
280,Joël Matip\Joel-Matip,cm CMR,DF,Liverpool,27,1991,7.0,388,452,85.8,8800,2598,0,2,0.0,250,276,90.6,138,174,79.3,0,0.0,0.0,0,34,1,0,29,Matches
281,Neal Maupay\Neal-Maupay,fr FRA,FW,Brighton,22,1996,23.5,423,536,78.9,6500,1164,24,50,48.0,337,405,83.2,62,81,76.5,2,2.0,0.0,19,21,20,3,45,Matches
282,James McArthur\James-McArthur,sco SCO,MF,Crystal Palace,31,1987,27.0,860,1102,78.0,15011,4796,25,63,39.7,676,796,84.9,159,243,65.4,3,2.3,+0.7,25,94,17,0,109,Matches
283,Oliver McBurnie\Oliver-McBurnie,sco SCO,FW,Sheffield Utd,23,1996,15.9,285,436,65.4,4116,1199,13,38,34.2,240,351,68.4,32,47,68.1,0,1.2,-1.2,9,20,11,0,39,Matches
284,Alex McCarthy\Alex-McCarthy,eng ENG,GK,Southampton,29,1989,19.0,255,506,50.4,10769,8306,1,2,50.0,79,80,98.8,175,424,41.3,0,0.0,0.0,1,20,1,0,0,Matches
285,James McCarthy\James-McCarthy,ie IRL,MF,Crystal Palace,28,1990,13.0,399,526,75.9,7525,2430,25,40,62.5,286,335,85.4,88,151,58.3,0,0.7,-0.7,13,39,6,0,59,Matches
286,John McGinn\John-McGinn,sco SCO,MF,Aston Villa,24,1994,17.1,433,569,76.1,10182,2886,10,27,37.0,267,325,82.2,156,217,71.9,2,1.9,+0.1,29,51,27,7,83,Matches
287,David McGoldrick\David-McGoldrick,ie IRL,FW,Sheffield Utd,31,1987,15.1,329,441,74.6,5255,967,6,21,28.6,282,355,79.4,41,65,63.1,2,1.6,+0.4,11,18,8,3,27,Matches
288,Michael McGovern\Michael-McGovern,nir NIR,GK,Norwich City,35,1984,1.8,31,51,60.8,826,541,2,2,100.0,16,16,100.0,13,33,39.4,0,0.0,0.0,0,0,0,0,0,Matches
289,Kenny McLean\Kenny-McLean,sco SCO,MF,Norwich City,27,1992,25.4,1010,1302,77.6,17659,5667,32,62,51.6,786,938,83.8,192,302,63.6,1,1.6,-0.6,20,94,18,4,115,Matches
290,Dwight McNeil\Dwight-McNeil,eng ENG,MF,Burnley,19,1999,28.2,614,915,67.1,11847,4111,14,63,22.2,453,550,82.4,147,302,48.7,5,5.5,-0.5,43,64,28,20,110,Matches
291,Scott McTominay\Scott-McTominay,sco SCO,MF,Manchester Utd,22,1996,17.2,663,825,80.4,13703,3287,9,24,37.5,466,553,84.3,188,248,75.8,1,0.7,+0.3,13,70,9,2,65,Matches
292,Ben Mee\Ben-Mee,eng ENG,DF,Burnley,29,1989,29.0,766,1028,74.5,18152,6685,6,17,35.3,455,517,88.0,305,494,61.7,1,0.6,+0.4,5,47,1,0,55,Matches
293,Benjamin Mendy\Benjamin-Mendy,fr FRA,DF,Manchester City,25,1994,12.4,861,1002,85.9,15282,4483,10,29,34.5,720,788,91.4,131,185,70.8,2,1.1,+0.9,16,44,32,15,116,Matches
294,Nampalys Mendy\Nampalys-Mendy,fr FRA,MF,Leicester City,27,1992,2.2,123,133,92.5,2203,546,4,6,66.7,96,103,93.2,23,24,95.8,0,0.1,-0.1,2,11,1,0,9,Matches
295,Chris Mepham\Chris-Mepham,wal WAL,DF,Bournemouth,21,1997,10.0,399,468,85.3,8439,2647,3,8,37.5,282,311,90.7,114,149,76.5,0,0.1,-0.1,1,14,0,0,21,Matches
296,Max Meyer\Max-Meyer,de GER,MFFW,Crystal Palace,23,1995,6.1,121,163,74.2,1655,475,6,22,27.3,105,123,85.4,10,18,55.6,0,0.6,-0.6,2,9,6,1,14,Matches
297,Luka Milivojević\Luka-Milivojevic,rs SRB,MF,Crystal Palace,28,1991,22.1,910,1196,76.1,19590,6683,14,23,60.9,621,713,87.1,275,460,59.8,1,2.0,-1.0,25,82,7,0,141,Matches
298,James Milner\James-Milner,eng ENG,MFDF,Liverpool,33,1986,8.4,540,632,85.4,10864,2585,3,16,18.8,399,433,92.1,138,183,75.4,2,0.6,+1.4,7,51,9,1,53,Matches
299,Yerry Mina\Yerry-Mina,co COL,DF,Everton,24,1994,23.2,964,1127,85.5,23189,6431,5,14,35.7,559,622,89.9,400,491,81.5,1,0.2,+0.8,3,48,1,0,61,Matches
300,Takumi Minamino\Takumi-Minamino,jp JPN,FWMF,Liverpool,24,1995,0.9,37,39,94.9,531,83,2,2,100.0,31,32,96.9,4,5,80.0,0,0.0,0.0,0,2,1,1,3,Matches
301,Tyrone Mings\Tyrone-Mings,eng ENG,DF,Aston Villa,26,1993,22.3,800,979,81.7,19837,6043,6,23,26.1,442,477,92.7,352,479,73.5,1,0.5,+0.5,6,45,3,1,33,Matches
302,Henrikh Mkhitaryan\Henrikh-Mkhitaryan,am ARM,FW,Arsenal,30,1989,1.2,58,77,75.3,935,218,2,7,28.6,46,54,85.2,10,16,62.5,0,0.2,-0.2,2,3,2,0,7,Matches
303,Nacho Monreal\Nacho-Monreal,es ESP,DF,Arsenal,33,1986,3.0,182,201,90.5,2676,1122,4,6,66.7,167,177,94.4,11,18,61.1,0,0.3,-0.3,3,8,0,0,11,Matches
304,Martín Montoya\Martin-Montoya,es ESP,DF,Brighton,28,1991,19.0,935,1162,80.5,16407,5709,11,46,23.9,769,883,87.1,155,233,66.5,1,1.5,-0.5,20,38,33,18,129,Matches
305,Simon Moore\Simon-Moore,eng ENG,GK,Sheffield Utd,29,1990,1.0,6,22,27.3,297,204,0,0,,2,2,100.0,4,20,20.0,0,0.0,0.0,0,0,0,0,0,Matches
306,Aaron Mooy\Aaron-Mooy,au AUS,MFFW,Brighton,28,1990,18.4,682,896,76.1,11765,3509,15,49,30.6,546,620,88.1,121,227,53.3,1,2.8,-1.8,33,73,24,5,104,Matches
307,Wesley Moraes\Wesley-Moraes,br BRA,FW,Aston Villa,22,1996,19.9,277,377,73.5,4420,608,11,25,44.0,229,302,75.8,37,50,74.0,1,0.9,+0.1,11,20,2,0,12,Matches
308,Wes Morgan\Wes-Morgan,jm JAM,DF,Leicester City,35,1984,1.8,71,81,87.7,1337,333,0,1,0.0,54,56,96.4,17,24,70.8,0,0.0,0.0,0,1,0,0,1,Matches
309,Ravel Morrison\Ravel-Morrison,eng ENG,MF,Sheffield Utd,26,1993,0.1,4,6,66.7,53,30,0,1,0.0,4,5,80.0,0,0,,0,0.0,0.0,0,2,0,0,1,Matches
310,Mason Mount\Mason-Mount,eng ENG,MFFW,Chelsea,20,1999,25.6,859,1073,80.1,13708,3728,39,74,52.7,697,787,88.6,123,212,58.0,4,3.4,+0.6,43,72,29,5,114,Matches
311,Lucas Moura\Lucas-Moura,br BRA,FWMF,Tottenham,26,1992,18.7,424,577,73.5,6105,1656,13,41,31.7,374,456,82.0,37,80,46.3,2,1.7,+0.3,25,30,19,2,58,Matches
312,Lys Mousset\Lys-Mousset,fr FRA,FW,Sheffield Utd,23,1996,11.3,160,205,78.0,2091,338,5,15,33.3,144,173,83.2,11,17,64.7,4,2.4,+1.6,11,8,4,1,12,Matches
313,João Moutinho\Joao-Moutinho,pt POR,MF,Wolves,32,1986,27.1,1248,1581,78.9,27527,7072,13,43,30.2,820,926,88.6,415,612,67.8,6,5.3,+0.7,67,123,29,12,201,Matches
314,Glenn Murray\Glenn-Murray,eng ENG,FW,Brighton,35,1983,7.8,109,164,66.5,1567,286,5,14,35.7,91,123,74.0,13,27,48.1,0,0.4,-0.4,2,7,3,0,10,Matches
315,Shkodran Mustafi\Shkodran-Mustafi,de GER,DF,Arsenal,27,1992,6.9,343,410,83.7,8342,2706,1,9,11.1,197,223,88.3,145,178,81.5,1,0.0,+1.0,0,30,0,0,23,Matches
316,Yoshinori Mutō\Yoshinori-Muto,jp JPN,FWMF,Newcastle Utd,27,1992,2.2,25,29,86.2,381,132,1,2,50.0,21,23,91.3,3,4,75.0,0,0.1,-0.1,2,1,2,1,5,Matches
317,Georges-Kévin N'Koudou\Georges-Kevin-NKoudou,fr FRA,FW,Tottenham,24,1995,0.0,0,0,,0,0,0,0,,0,0,,0,0,,0,0.0,0.0,0,0,0,0,0,Matches
318,Marvelous Nakamba\Marvelous-Nakamba,zw ZIM,MF,Aston Villa,25,1994,18.2,597,709,84.2,11331,2296,10,23,43.5,460,523,88.0,127,163,77.9,0,0.5,-0.5,11,27,4,0,35,Matches
319,Wilfred Ndidi\Wilfred-Ndidi,ng NGA,MF,Leicester City,22,1996,21.0,972,1132,85.9,18546,3982,21,38,55.3,726,811,89.5,225,283,79.5,1,0.4,+0.6,8,93,2,0,53,Matches
320,Tanguy Ndombele\Tanguy-Ndombele,fr FRA,MF,Tottenham,22,1996,10.5,484,572,84.6,8445,2545,16,28,57.1,386,435,88.7,82,109,75.2,2,1.3,+0.7,13,42,10,0,56,Matches
321,Reiss Nelson\Reiss-Nelson,eng ENG,FW,Arsenal,19,1999,5.1,147,184,79.9,2308,697,4,13,30.8,121,139,87.1,22,32,68.8,0,0.3,-0.3,6,8,7,2,22,Matches
322,Pedro Neto\Pedro-Neto,pt POR,FWMF,Wolves,19,2000,8.1,221,299,73.9,3546,718,9,31,29.0,176,214,82.2,36,54,66.7,2,2.3,-0.3,12,13,6,3,27,Matches
323,Rúben Neves\Ruben-Neves,pt POR,MF,Wolves,22,1997,25.3,1101,1391,79.2,26820,6373,6,22,27.3,658,761,86.5,437,608,71.9,1,1.3,-0.3,18,136,19,2,111,Matches
324,Jeremy Ngakia\Jeremy-Ngakia,eng ENG,DF,West Ham,18,2000,4.0,67,119,56.3,1088,596,0,3,0.0,57,81,70.4,10,35,28.6,0,0.0,0.0,0,0,1,1,9,Matches
325,Oumar Niasse\Oumar-Niasse,sn SEN,FW,Everton,29,1990,0.2,3,5,60.0,40,0,0,0,,3,4,75.0,0,1,0.0,0,0.0,0.0,0,0,0,0,0,Matches
326,Eddie Nketiah\Eddie-Nketiah,eng ENG,FW,Arsenal,20,1999,2.8,44,56,78.6,622,40,0,3,0.0,40,49,81.6,4,4,100.0,0,0.3,-0.3,2,1,0,0,1,Matches
327,Mark Noble\Mark-Noble,eng ENG,MF,West Ham,32,1987,23.9,926,1151,80.5,18744,5327,15,47,31.9,647,757,85.5,264,347,76.1,1,1.3,-0.3,18,107,21,3,120,Matches
328,Oliver Norwood\Oliver-Norwood,nir NIR,MF,Sheffield Utd,28,1991,26.5,1288,1667,77.3,30234,8891,17,38,44.7,844,944,89.4,427,685,62.3,0,3.4,-3.4,41,171,31,10,208,Matches
329,Ørjan Nyland\Orjan-Nyland,no NOR,GK,Aston Villa,28,1990,2.0,37,63,58.7,1413,1127,0,0,,14,14,100.0,23,49,46.9,0,0.0,0.0,0,0,0,0,0,Matches
330,Jack O'Connell\Jack-OConnell,eng ENG,DF,Sheffield Utd,25,1994,28.0,986,1326,74.4,20804,7886,8,37,21.6,701,812,86.3,277,477,58.1,1,2.2,-1.2,9,81,21,3,106,Matches
331,Michael Obafemi\Michael-Obafemi,ie IRL,FW,Southampton,19,2000,5.4,93,115,80.9,1101,160,8,17,47.1,80,93,86.0,5,5,100.0,0,0.7,-0.7,5,0,1,0,3,Matches
332,Angelo Ogbonna\Angelo-Ogbonna,it ITA,DF,West Ham,31,1988,24.0,555,715,77.6,12140,3887,3,12,25.0,373,429,86.9,179,274,65.3,0,0.0,0.0,1,36,1,0,29,Matches
333,Divock Origi\Divock-Origi,be BEL,FW,Liverpool,24,1995,5.7,113,157,72.0,1838,265,3,4,75.0,93,119,78.2,17,34,50.0,1,0.1,+0.9,4,4,6,2,9,Matches
334,Ben Osborn\Ben-Osborn,eng ENG,DFMF,Sheffield Utd,24,1994,1.4,50,69,72.5,871,275,2,5,40.0,38,43,88.4,10,21,47.6,0,0.3,-0.3,2,3,1,0,6,Matches
335,Nicolás Otamendi\Nicolas-Otamendi,ar ARG,DF,Manchester City,31,1988,15.7,1076,1156,93.1,23574,5748,5,13,38.5,710,745,95.3,361,398,90.7,0,0.2,-0.2,3,53,0,0,31,Matches
336,Alex Oxlade-Chamberlain\Alex-Oxlade-Chamberlain,eng ENG,MFFW,Liverpool,25,1993,12.3,447,566,79.0,9101,1985,9,25,36.0,327,385,84.9,111,156,71.2,0,1.0,-1.0,14,60,25,5,65,Matches
337,Mesut Özil\Mesut-Ozil,de GER,MF,Arsenal,30,1988,16.1,754,891,84.6,12499,3375,12,31,38.7,626,675,92.7,116,185,62.7,2,2.3,-0.3,36,59,25,1,111,Matches
338,Emerson Palmieri\Emerson-Palmieri,it ITA,DF,Chelsea,24,1994,11.4,704,850,82.8,11332,3118,13,24,54.2,608,685,88.8,83,141,58.9,0,1.4,-1.4,18,27,8,5,55,Matches
339,Sokratis Papastathopoulos\Sokratis-Papastathopoulos,gr GRE,DF,Arsenal,31,1988,18.9,873,973,89.7,19136,5507,8,15,53.3,582,608,95.7,283,350,80.9,0,0.2,-0.2,1,27,1,0,24,Matches
340,Troy Parrott\Troy-Parrott,ie IRL,MF,Tottenham,17,2002,0.1,5,5,100.0,92,25,0,0,,5,5,100.0,0,0,,0,0.0,0.0,0,0,0,0,0,Matches
341,Rui Patrício\Rui-Patricio,pt POR,GK,Wolves,31,1988,29.0,416,656,63.4,16740,11529,1,1,100.0,119,121,98.3,296,534,55.4,0,0.0,0.0,0,4,0,0,0,Matches
342,Pedro\Pedro,es ESP,FW,Chelsea,32,1987,7.3,255,326,78.2,4184,967,6,18,33.3,212,250,84.8,37,58,63.8,1,0.8,+0.2,18,8,12,1,24,Matches
343,Nicolas Pépé\Nicolas-Pepe,ci CIV,FW,Arsenal,24,1995,17.7,518,683,75.8,8217,1982,10,37,27.0,431,492,87.6,77,154,50.0,6,3.4,+2.6,33,19,24,6,59,Matches
344,Andreas Pereira\Andreas-Pereira,br BRA,MFFW,Manchester Utd,23,1996,16.1,545,745,73.2,9493,2638,12,36,33.3,439,528,83.1,94,181,51.9,3,3.6,-0.6,29,51,17,4,79,Matches
345,Ricardo Pereira\Ricardo-Pereira,pt POR,DF,Leicester City,25,1993,28.0,1513,1875,80.7,25283,9727,14,66,21.2,1293,1479,87.4,206,330,62.4,2,3.8,-1.8,27,96,38,9,218,Matches
346,Roberto Pereyra\Roberto-Pereyra,ar ARG,FWMF,Watford,28,1991,14.7,451,547,82.4,7194,1586,17,28,60.7,369,425,86.8,65,94,69.1,0,1.7,-1.7,16,30,13,4,46,Matches
347,Ayoze Pérez\Ayoze-Perez,es ESP,MFFW,Leicester City,26,1993,17.7,464,588,78.9,6531,1610,23,59,39.0,398,463,86.0,43,66,65.2,4,3.0,+1.0,21,27,21,6,47,Matches
348,Jordan Pickford\Jordan-Pickford,eng ENG,GK,Everton,25,1994,29.0,649,1036,62.6,24493,17023,5,5,100.0,291,292,99.7,353,739,47.8,0,0.0,0.0,0,38,4,0,2,Matches
349,Brandon Pierrick\Brandon-Pierrick,eng ENG,DF,Crystal Palace,17,2001,0.1,5,8,62.5,65,6,1,3,33.3,4,5,80.0,0,0,,0,0.1,-0.1,1,0,1,0,1,Matches
350,Erik Pieters\Erik-Pieters,nl NED,DF,Burnley,30,1988,13.7,485,657,73.8,8577,3845,8,28,28.6,391,459,85.2,86,170,50.6,3,1.0,+2.0,9,30,9,5,82,Matches
351,Daniel Podence\Daniel-Podence,pt POR,MFFW,Wolves,23,1995,0.5,16,20,80.0,249,72,1,2,50.0,14,15,93.3,1,3,33.3,0,0.1,-0.1,1,2,1,0,4,Matches
352,Paul Pogba\Paul-Pogba,fr FRA,MF,Manchester Utd,26,1993,5.8,381,458,83.2,7748,2006,6,17,35.3,282,319,88.4,93,122,76.2,2,1.5,+0.5,15,43,15,0,49,Matches
353,Nick Pope\Nick-Pope,eng ENG,GK,Burnley,27,1992,29.0,402,897,44.8,18933,15222,1,2,50.0,95,97,97.9,306,798,38.3,0,0.6,-0.6,4,36,1,0,2,Matches
354,Dennis Praet\Dennis-Praet,be BEL,MF,Leicester City,25,1994,10.8,371,447,83.0,6514,1643,10,22,45.5,291,334,87.1,70,91,76.9,2,0.6,+1.4,7,30,8,2,31,Matches
355,Sebastian Prödl\Sebastian-Prodl,at AUT,DF,Watford,32,1987,0.6,6,10,60.0,81,55,0,0,,6,7,85.7,0,3,0.0,0,0.0,0.0,0,0,0,0,1,Matches
356,Davy Pröpper\Davy-Propper,nl NED,MF,Brighton,27,1991,26.0,1308,1552,84.3,25221,7224,18,55,32.7,995,1122,88.7,295,375,78.7,2,2.0,0.0,25,148,20,3,171,Matches
357,Teemu Pukki\Teemu-Pukki,fi FIN,FW,Norwich City,29,1990,27.6,367,451,81.4,5040,563,18,42,42.9,311,358,86.9,38,51,74.5,3,3.2,-0.2,26,10,5,2,15,Matches
358,Christian Pulisic\Christian-Pulisic,us USA,FW,Chelsea,20,1998,12.0,351,451,77.8,5461,992,7,25,28.0,300,355,84.5,44,71,62.0,2,2.1,-0.1,18,18,18,1,38,Matches
359,Ignacio Pussetto\Ignacio-Pussetto,ar ARG,FWMF,Watford,23,1995,0.6,13,22,59.1,185,100,1,1,100.0,9,12,75.0,3,9,33.3,0,0.0,0.0,0,0,1,0,2,Matches
360,Domingos Quina\Domingos-Quina,pt POR,MF,Watford,19,1999,0.2,9,9,100.0,135,21,0,0,,8,8,100.0,1,1,100.0,0,0.0,0.0,0,0,1,0,1,Matches
361,Aaron Ramsdale\Aaron-Ramsdale,eng ENG,GK,Bournemouth,21,1998,28.0,510,865,59.0,16708,10859,2,4,50.0,261,262,99.6,247,599,41.2,1,0.0,+1.0,1,9,0,0,2,Matches
362,Darren Randolph\Darren-Randolph,ie IRL,GK,West Ham,32,1987,2.0,22,40,55.0,1244,1093,0,0,,2,2,100.0,20,38,52.6,0,0.0,0.0,0,3,0,0,0,Matches
363,Marcus Rashford\Marcus-Rashford,eng ENG,FW,Manchester Utd,21,1997,20.9,452,605,74.7,7011,1821,15,47,31.9,393,482,81.5,44,76,57.9,4,2.7,+1.3,24,34,35,3,78,Matches
364,Nathan Redmond\Nathan-Redmond,eng ENG,MFFW,Southampton,25,1994,21.8,509,704,72.3,8653,2067,19,45,42.2,405,507,79.9,85,152,55.9,1,2.7,-1.7,29,32,27,4,74,Matches
365,Pepe Reina\Pepe-Reina,es ESP,GK,Aston Villa,36,1982,6.0,142,196,72.4,4760,2983,3,3,100.0,50,51,98.0,89,142,62.7,0,0.0,0.0,0,1,0,0,1,Matches
366,Declan Rice\Declan-Rice,eng ENG,MF,West Ham,20,1999,29.0,1112,1294,85.9,22314,5385,23,48,47.9,790,865,91.3,299,381,78.5,2,1.1,+0.9,14,120,9,5,90,Matches
367,Richarlison\Richarlison,br BRA,FW,Everton,22,1997,26.2,434,664,65.4,7165,1761,13,69,18.8,349,470,74.3,72,125,57.6,3,5.1,-2.1,30,23,22,1,59,Matches
368,Diego Rico\Diego-Rico,es ESP,DF,Bournemouth,26,1993,19.9,792,1145,69.2,14883,7922,19,65,29.2,612,744,82.3,161,336,47.9,2,2.0,0.0,24,86,23,9,183,Matches
369,Jaïro Riedewald\Jairo-Riedewald,nl NED,DF,Crystal Palace,22,1996,6.8,242,331,73.1,4117,1997,5,9,55.6,204,251,81.3,33,71,46.5,0,0.4,-0.4,2,27,5,0,46,Matches
370,Matt Ritchie\Matt-Ritchie,sco SCO,DFMF,Newcastle Utd,29,1989,7.9,242,364,66.5,4649,1977,6,23,26.1,188,221,85.1,48,120,40.0,0,1.0,-1.0,20,17,6,2,52,Matches
371,Roberto\Roberto,es ESP,GK,West Ham,33,1986,7.6,113,232,48.7,4456,3562,1,1,100.0,38,38,100.0,74,193,38.3,0,0.0,0.0,0,0,0,0,0,Matches
372,Patrick Roberts\Patrick-Roberts,eng ENG,MFFW,Norwich City,22,1997,0.3,7,10,70.0,128,22,0,0,,6,7,85.7,1,3,33.3,0,0.0,0.0,0,1,0,0,0,Matches
373,Andrew Robertson\Andrew-Robertson,sco SCO,DF,Liverpool,25,1994,27.2,1789,2209,81.0,33013,10919,22,64,34.4,1428,1615,88.4,339,530,64.0,7,5.6,+1.4,44,131,48,20,243,Matches
374,Callum Robinson\Callum-Robinson,ie IRL,FW,Sheffield Utd,24,1995,7.5,117,155,75.5,1785,293,5,10,50.0,97,120,80.8,15,25,60.0,1,0.5,+0.5,4,5,3,1,7,Matches
375,Rodri\Rodri,es ESP,MFDF,Manchester City,23,1996,21.7,1813,1957,92.6,37336,8504,15,30,50.0,1287,1356,94.9,511,571,89.5,1,1.3,-0.3,27,181,12,1,126,Matches
376,Jay Rodriguez\Jay-Rodriguez,eng ENG,FW,Burnley,30,1989,15.3,238,343,69.4,3173,547,19,40,47.5,195,257,75.9,24,46,52.2,0,0.4,-0.4,4,12,3,0,19,Matches
377,Marcos Rojo\Marcos-Rojo,ar ARG,DF,Manchester Utd,29,1990,1.3,37,55,67.3,747,323,0,1,0.0,28,32,87.5,9,22,40.9,0,0.0,0.0,0,3,0,0,8,Matches
378,Oriol Romeu\Oriol-Romeu,es ESP,MF,Southampton,27,1991,14.5,565,687,82.2,10664,2658,8,14,57.1,438,509,86.1,119,164,72.6,0,0.3,-0.3,9,49,10,2,64,Matches
379,Danny Rose\Danny-Rose,eng ENG,DF,Newcastle Utd,29,1990,3.9,149,196,76.0,2447,986,3,11,27.3,128,146,87.7,18,39,46.2,0,0.0,0.0,1,15,3,1,21,Matches
380,Danny Rose\Danny-Rose,eng ENG,DF,Tottenham,29,1990,9.9,435,572,76.0,7649,3168,5,21,23.8,361,410,88.0,69,141,48.9,0,0.8,-0.8,10,34,12,4,74,Matches
381,Antonio Rüdiger\Antonio-Rudiger,de GER,DF,Chelsea,26,1993,12.5,764,882,86.6,18007,4658,7,16,43.8,461,500,92.2,296,366,80.9,0,0.3,-0.3,2,66,1,0,40,Matches
382,Lukas Rupp\Lukas-Rupp,de GER,FW,Norwich City,28,1991,3.8,96,129,74.4,1406,289,5,10,50.0,82,100,82.0,9,19,47.4,0,0.5,-0.5,5,5,3,1,7,Matches
383,Mathew Ryan\Mathew-Ryan,au AUS,GK,Brighton,27,1992,29.0,914,1117,81.8,25837,14330,0,2,0.0,500,503,99.4,414,612,67.6,0,0.0,0.0,0,6,0,0,1,Matches
384,Allan Saint-Maximin\Allan-Saint-Maximin,fr FRA,MFFW,Newcastle Utd,22,1997,14.2,219,310,70.6,3799,885,2,19,10.5,180,229,78.6,37,62,59.7,1,2.5,-1.5,24,14,9,5,33,Matches
385,Romain Saïss\Romain-Saiss,ma MAR,DF,Wolves,29,1990,22.1,904,1101,82.1,20611,7627,6,26,23.1,595,660,90.2,303,415,73.0,1,0.5,+0.5,6,91,8,0,94,Matches
386,Bukayo Saka\Bukayo-Saka,eng ENG,DFFW,Arsenal,17,2001,13.0,501,638,78.5,8169,2430,9,36,25.0,427,499,85.6,65,103,63.1,3,1.9,+1.1,13,30,13,3,53,Matches
387,Mamadou Sakho\Mamadou-Sakho,fr FRA,DFMF,Crystal Palace,29,1990,5.2,235,266,88.3,4787,1848,1,3,33.3,165,183,90.2,69,80,86.3,0,0.1,-0.1,1,16,1,0,13,Matches
388,Mohamed Salah\Mohamed-Salah,eg EGY,FW,Liverpool,27,1992,25.0,564,766,73.6,8409,2256,17,57,29.8,495,615,80.5,52,94,55.3,6,5.6,+0.4,41,31,43,3,92,Matches
389,Mbwana Samatta\Mbwana-Samatta,tz TAN,FW,Aston Villa,26,1992,3.9,49,61,80.3,667,93,2,3,66.7,44,52,84.6,3,6,50.0,0,0.2,-0.2,3,1,0,0,2,Matches
390,Carlos Sánchez\Carlos-Sanchez,co COL,MFDF,West Ham,33,1986,1.3,45,55,81.8,821,218,1,1,100.0,36,41,87.8,8,13,61.5,0,0.0,0.0,0,2,0,0,2,Matches
391,Davinson Sánchez\Davinson-Sanchez,co COL,DF,Tottenham,23,1996,21.0,1030,1187,86.8,21826,6231,5,19,26.3,724,781,92.7,301,387,77.8,0,0.0,0.0,1,32,0,0,48,Matches
392,Ismaila Sarr\Ismaila-Sarr,sn SEN,FWMF,Watford,21,1998,13.6,283,382,74.1,4427,1111,9,24,37.5,242,302,80.1,32,56,57.1,3,1.3,+1.7,17,11,17,8,30,Matches
393,Fabian Schär\Fabian-Schar,ch SUI,DF,Newcastle Utd,27,1991,15.5,445,613,72.6,11459,5071,5,11,45.5,263,307,85.7,177,295,60.0,0,0.1,-0.1,3,60,4,1,57,Matches
394,Ezequiel Schelotto\Ezequiel-Schelotto,it ITA,DF,Brighton,30,1989,3.2,104,144,72.2,1738,621,1,5,20.0,90,112,80.4,13,27,48.1,0,0.0,0.0,0,3,3,1,20,Matches
395,Jeffrey Schlupp\Jeffrey-Schlupp,gh GHA,MFDF,Crystal Palace,26,1992,9.5,209,278,75.2,3607,1153,6,11,54.5,176,211,83.4,27,56,48.2,1,1.1,-0.1,7,26,4,1,32,Matches
396,Kasper Schmeichel\Kasper-Schmeichel,dk DEN,GK,Leicester City,32,1986,29.0,704,918,76.7,21253,11578,2,4,50.0,351,353,99.4,351,561,62.6,0,0.2,-0.2,1,2,0,0,2,Matches
397,Morgan Schneiderlin\Morgan-Schneiderlin,fr FRA,MF,Everton,29,1989,11.1,494,567,87.1,10391,2945,5,14,35.7,344,378,91.0,145,175,82.9,0,0.2,-0.2,4,59,6,1,62,Matches
398,Ryan Sessegnon\Ryan-Sessegnon,eng ENG,DF,Tottenham,19,2000,3.8,145,195,74.4,2401,925,1,8,12.5,122,143,85.3,22,44,50.0,0,0.1,-0.1,2,13,2,1,20,Matches
399,Xherdan Shaqiri\Xherdan-Shaqiri,ch SUI,FW,Liverpool,27,1991,1.9,83,101,82.2,1500,493,1,2,50.0,65,74,87.8,17,25,68.0,0,0.2,-0.2,3,11,3,2,17,Matches
400,Billy Sharp\Billy-Sharp,eng ENG,FW,Sheffield Utd,33,1986,7.4,118,158,74.7,1720,379,5,16,31.3,105,129,81.4,8,13,61.5,0,1.5,-1.5,11,6,7,2,14,Matches
401,Luke Shaw\Luke-Shaw,eng ENG,DF,Manchester Utd,24,1995,13.7,776,906,85.7,11407,4576,8,26,30.8,710,775,91.6,58,105,55.2,0,0.6,-0.6,13,41,14,2,97,Matches
402,Jonjo Shelvey\Jonjo-Shelvey,eng ENG,MF,Newcastle Utd,27,1992,14.9,469,657,71.4,11780,4034,5,12,41.7,266,318,83.6,198,327,60.6,0,2.4,-2.4,29,83,16,1,100,Matches
403,Djibril Sidibé\Djibril-Sidibe,fr FRA,DF,Everton,27,1992,18.2,782,1017,76.9,15082,5860,10,40,25.0,614,730,84.1,158,247,64.0,4,2.0,+2.0,18,49,18,10,156,Matches
404,Gylfi Sigurðsson\Gylfi-Sigurdsson,is ISL,MF,Everton,29,1989,22.2,624,829,75.3,11942,3902,12,32,37.5,464,547,84.8,148,250,59.2,2,3.5,-1.5,40,67,23,5,115,Matches
405,Bernardo Silva\Bernardo-Silva,pt POR,FWMF,Manchester City,24,1994,16.6,914,1066,85.7,14975,3009,19,48,39.6,777,866,89.7,118,152,77.6,5,3.8,+1.2,33,42,33,7,82,Matches
406,David Silva\David-Silva,es ESP,MF,Manchester City,33,1986,14.0,840,992,84.7,13348,2664,21,57,36.8,708,799,88.6,111,136,81.6,7,3.4,+3.6,31,61,44,0,91,Matches
407,Jack Simpson\Jack-Simpson,eng ENG,DF,Bournemouth,22,1997,2.6,70,100,70.0,1208,446,1,6,16.7,56,69,81.2,13,25,52.0,0,0.0,0.0,0,5,0,0,5,Matches
408,Moussa Sissoko\Moussa-Sissoko,fr FRA,MF,Tottenham,29,1989,18.8,807,941,85.8,14151,2901,21,33,63.6,648,736,88.0,138,172,80.2,1,1.0,0.0,11,51,12,3,66,Matches
409,Oliver Skipp\Oliver-Skipp,eng ENG,MFDF,Tottenham,18,2000,0.6,25,27,92.6,468,110,0,0,,19,21,90.5,6,6,100.0,0,0.0,0.0,0,3,0,0,3,Matches
410,William Smallbone\William-Smallbone,ie IRL,MF,Southampton,19,2000,1.8,89,107,83.2,1691,402,1,4,25.0,69,80,86.3,19,23,82.6,0,0.0,0.0,0,7,1,1,9,Matches
411,Adam Smith\Adam-Smith,eng ENG,DF,Bournemouth,28,1991,17.3,642,817,78.6,10290,3702,11,39,28.2,546,617,88.5,85,161,52.8,1,0.6,+0.4,8,35,8,2,75,Matches
412,Emile Smith-Rowe\Emile-Smith-Rowe,eng ENG,MF,Arsenal,19,2000,1.1,30,36,83.3,391,65,1,3,33.3,26,28,92.9,3,5,60.0,0,0.0,0.0,0,3,0,0,0,Matches
413,Robert Snodgrass\Robert-Snodgrass,sco SCO,MFFW,West Ham,31,1987,16.8,435,635,68.5,7988,2676,11,35,31.4,331,403,82.1,93,197,47.2,5,2.8,+2.2,33,31,14,2,82,Matches
414,Cédric Soares\Cedric-Soares,pt POR,DF,Southampton,27,1991,14.5,522,724,72.1,9101,4205,9,22,40.9,425,506,84.0,88,196,44.9,1,1.2,-0.2,14,35,19,12,94,Matches
415,Dominic Solanke\Dominic-Solanke,eng ENG,FWMF,Bournemouth,21,1997,13.1,240,324,74.1,3400,769,16,33,48.5,206,262,78.6,18,29,62.1,1,1.0,0.0,11,23,10,2,22,Matches
416,Tomáš Souček\Tomas-Soucek,cz CZE,MF,West Ham,24,1995,2.6,36,65,55.4,593,211,0,2,0.0,32,53,60.4,4,10,40.0,0,0.0,0.0,0,2,0,0,3,Matches
417,Çağlar Söyüncü\Caglar-Soyuncu,tr TUR,DF,Leicester City,23,1996,28.0,1621,1774,91.4,33320,9392,9,24,37.5,1172,1237,94.7,440,513,85.8,1,0.2,+0.8,3,83,3,0,67,Matches
418,Dennis Srbeny\Dennis-Srbeny,de GER,MFFW,Norwich City,25,1994,0.4,17,23,73.9,195,36,1,2,50.0,16,20,80.0,0,1,0.0,0,0.0,0.0,0,3,0,0,1,Matches
419,Jack Stacey\Jack-Stacey,eng ENG,DF,Bournemouth,23,1996,11.9,380,531,71.6,6293,2622,10,38,26.3,324,391,82.9,46,102,45.1,2,2.1,-0.1,8,22,4,2,52,Matches
420,Junior Stanislas\Junior-Stanislas,eng ENG,MFFW,Bournemouth,29,1989,2.5,85,109,78.0,1360,443,2,5,40.0,69,80,86.3,14,24,58.3,0,0.1,-0.1,2,4,4,0,11,Matches
421,Jed Steer\Jed-Steer,eng ENG,GK,Aston Villa,26,1992,0.1,1,2,50.0,26,9,0,0,,0,0,,1,2,50.0,0,0.0,0.0,0,0,0,0,0,Matches
422,Dale Stephens\Dale-Stephens,eng ENG,MF,Brighton,30,1989,21.6,1211,1391,87.1,25556,6102,13,24,54.2,859,949,90.5,339,418,81.1,1,0.7,+0.3,14,117,16,2,123,Matches
423,Jack Stephens\Jack-Stephens,eng ENG,DF,Southampton,25,1994,20.3,617,843,73.2,14584,5490,6,17,35.3,384,454,84.6,227,372,61.0,3,0.8,+2.2,4,62,4,0,68,Matches
424,Raheem Sterling\Raheem-Sterling,eng ENG,FW,Manchester City,24,1994,22.5,753,951,79.2,10569,2233,13,67,19.4,684,796,85.9,56,88,63.6,1,5.8,-4.8,35,24,41,6,73,Matches
425,Enda Stevens\Enda-Stevens,ie IRL,DF,Sheffield Utd,29,1990,27.2,1049,1411,74.3,18387,7628,13,70,18.6,843,989,85.2,193,352,54.8,2,3.5,-1.5,29,88,41,8,194,Matches
426,Marco Stiepermann\Marco-Stiepermann,de GER,MF,Norwich City,28,1991,10.4,248,336,73.8,3520,1046,14,33,42.4,206,254,81.1,28,49,57.1,0,0.5,-0.5,9,27,8,1,36,Matches
427,John Stones\John-Stones,eng ENG,DF,Manchester City,25,1994,10.1,725,764,94.9,15781,4562,0,3,0.0,493,517,95.4,232,244,95.1,0,0.1,-0.1,2,71,1,0,44,Matches
428,Isaac Success\Isaac-Success,ng NGA,FWMF,Watford,23,1996,0.7,14,21,66.7,155,37,3,4,75.0,10,16,62.5,1,1,100.0,0,0.1,-0.1,1,0,2,0,2,Matches
429,Ki Sung-yueng\Ki-Sung-yueng,kr KOR,MF,Newcastle Utd,30,1989,1.5,59,67,88.1,1266,270,2,2,100.0,36,41,87.8,21,24,87.5,0,0.1,-0.1,2,4,0,0,5,Matches
430,Andrew Surman\Andrew-Surman,eng ENG,MF,Bournemouth,32,1986,2.6,102,127,80.3,1960,487,5,5,100.0,73,89,82.0,24,33,72.7,0,0.0,0.0,1,6,1,0,10,Matches
431,Sam Surridge\Sam-Surridge,eng ENG,FW,Bournemouth,21,1998,0.2,2,3,66.7,29,9,0,0,,2,3,66.7,0,0,,0,0.0,0.0,0,1,0,0,0,Matches
432,Japhet Tanganga\Japhet-Tanganga,eng ENG,DF,Tottenham,20,1999,5.8,188,232,81.0,3242,1096,1,13,7.7,148,166,89.2,39,53,73.6,0,0.0,0.0,0,9,0,0,17,Matches
433,Matt Targett\Matt-Targett,eng ENG,DF,Aston Villa,23,1995,18.8,693,945,73.3,12497,5484,13,48,27.1,556,650,85.5,124,247,50.2,2,2.7,-0.7,23,52,25,11,124,Matches
434,James Tarkowski\James-Tarkowski,eng ENG,DF,Burnley,26,1992,29.0,676,921,73.4,16079,5701,7,22,31.8,395,486,81.3,274,413,66.3,1,1.6,-0.6,9,50,8,0,55,Matches
435,Charlie Taylor\Charlie-Taylor,eng ENG,DF,Burnley,25,1993,15.3,516,750,68.8,9533,4016,9,44,20.5,395,474,83.3,112,232,48.3,0,0.9,-0.9,11,38,15,14,97,Matches
436,Neil Taylor\Neil-Taylor,wal WAL,DF,Aston Villa,30,1989,8.8,297,375,79.2,5008,2112,5,16,31.3,253,286,88.5,39,73,53.4,0,0.1,-0.1,1,14,1,0,33,Matches
437,Alexander Tettey\Alexander-Tettey,no NOR,MFDF,Norwich City,33,1986,19.9,842,951,88.5,14683,3158,10,22,45.5,684,750,91.2,148,179,82.7,1,0.8,+0.2,5,43,4,0,34,Matches
438,Youri Tielemans\Youri-Tielemans,be BEL,MF,Leicester City,22,1997,23.9,1069,1322,80.9,19638,5058,27,47,57.4,823,952,86.4,219,323,67.8,5,4.2,+0.8,36,112,29,5,139,Matches
439,Kieran Tierney\Kieran-Tierney,sco SCO,DF,Arsenal,22,1997,3.3,135,176,76.7,2430,699,2,10,20.0,105,120,87.5,28,46,60.9,0,0.5,-0.5,4,5,5,4,17,Matches
440,James Tomkins\James-Tomkins,eng ENG,DF,Crystal Palace,30,1989,17.6,505,626,80.7,11923,3447,6,14,42.9,311,347,89.6,188,265,70.9,1,0.1,+0.9,2,21,1,0,21,Matches
441,Fikayo Tomori\Fikayo-Tomori,eng ENG,DF,Chelsea,21,1997,14.4,981,1098,89.3,21074,5865,4,15,26.7,660,701,94.2,317,382,83.0,0,0.2,-0.2,4,57,4,0,40,Matches
442,Lucas Torreira\Lucas-Torreira,uy URU,MF,Arsenal,23,1996,15.2,720,821,87.7,14252,3060,9,25,36.0,517,570,90.7,194,226,85.8,1,1.1,-0.1,14,41,3,0,57,Matches
443,Cenk Tosun\Cenk-Tosun,tr TUR,FW,Everton,28,1991,3.2,42,62,67.7,569,120,1,3,33.3,38,50,76.0,3,9,33.3,0,0.1,-0.1,4,2,3,0,5,Matches
444,Cenk Tosun\Cenk-Tosun,tr TUR,FW,Crystal Palace,28,1991,2.0,29,47,61.7,462,137,0,2,0.0,24,37,64.9,5,8,62.5,0,0.0,0.0,0,3,2,0,3,Matches
445,Andros Townsend\Andros-Townsend,eng ENG,MF,Crystal Palace,28,1991,8.8,189,274,69.0,2980,959,6,18,33.3,156,186,83.9,27,70,38.6,1,1.2,-0.2,8,12,11,5,26,Matches
446,Adama Traoré\Adama-Traore,es ESP,FWDF,Wolves,23,1996,23.0,474,738,64.2,8150,2107,6,51,11.8,393,526,74.7,75,161,46.6,7,5.7,+1.3,39,34,34,21,82,Matches
447,Mark Travers\Mark-Travers,ie IRL,GK,Bournemouth,20,1999,1.0,23,32,71.9,692,479,0,0,,12,12,100.0,11,20,55.0,0,0.0,0.0,0,0,0,0,0,Matches
448,Trézéguet\Trezeguet,eg EGY,FWMF,Aston Villa,24,1994,14.7,221,325,68.0,3629,950,7,24,29.2,179,222,80.6,35,79,44.3,1,0.7,+0.3,15,11,11,7,32,Matches
449,Leandro Trossard\Leandro-Trossard,be BEL,FWMF,Brighton,24,1994,16.0,451,636,70.9,8912,2872,5,31,16.1,342,436,78.4,104,169,61.5,3,3.3,-0.3,31,35,25,8,97,Matches
450,Tom Trybull\Tom-Trybull,de GER,MF,Norwich City,26,1993,11.4,520,558,93.2,9204,2411,6,10,60.0,429,451,95.1,85,97,87.6,0,0.0,0.0,1,39,0,0,25,Matches
451,Axel Tuanzebe\Axel-Tuanzebe,eng ENG,DF,Manchester Utd,21,1997,2.1,127,141,90.1,2333,660,1,3,33.3,102,110,92.7,24,28,85.7,0,0.0,0.0,0,8,0,0,7,Matches
452,Yan Valery\Yan-Valery,fr FRA,DF,Southampton,20,1999,7.2,163,265,61.5,2766,1048,3,14,21.4,131,175,74.9,29,76,38.2,0,0.7,-0.7,2,6,1,1,32,Matches
453,Jesús Vallejo\Jesus-Vallejo,es ESP,DF,Wolves,22,1997,1.8,81,104,77.9,1815,601,1,1,100.0,50,59,84.7,30,44,68.2,0,0.0,0.0,0,7,1,0,5,Matches
454,Jamie Vardy\Jamie-Vardy,eng ENG,FW,Leicester City,32,1987,24.7,219,327,67.0,3163,536,12,38,31.6,186,247,75.3,21,42,50.0,4,3.4,+0.6,14,9,11,4,21,Matches
455,Indiana Vassilev\Indiana-Vassilev,us USA,FW,Aston Villa,18,2001,0.4,7,9,77.8,74,1,1,2,50.0,6,7,85.7,0,0,,0,0.0,0.0,0,0,0,0,0,Matches
456,Jan Vertonghen\Jan-Vertonghen,be BEL,DF,Tottenham,32,1987,17.2,871,1045,83.3,18014,5679,5,23,21.7,638,705,90.5,228,317,71.9,1,0.9,+0.1,3,55,0,0,57,Matches
457,Jannik Vestergaard\Jannik-Vestergaard,dk DEN,DF,Southampton,26,1992,12.6,428,535,80.0,8682,2907,5,7,71.4,317,358,88.5,106,170,62.4,0,0.1,-0.1,3,45,3,0,39,Matches
458,Rúben Vinagre\Ruben-Vinagre,pt POR,DF,Wolves,20,1999,5.9,218,293,74.4,3644,1126,2,18,11.1,186,217,85.7,30,58,51.7,0,0.6,-0.6,5,10,6,6,22,Matches
459,Mario Vrančić\Mario-Vrancic,ba BIH,MF,Norwich City,30,1989,4.2,210,263,79.8,3728,1101,5,9,55.6,164,182,90.1,41,72,56.9,0,0.9,-0.9,7,15,2,0,27,Matches
460,Matěj Vydra\Matej-Vydra,cz CZE,FW,Burnley,27,1992,3.7,32,48,66.7,368,88,1,3,33.3,31,42,73.8,0,3,0.0,1,0.2,+0.8,4,4,0,0,2,Matches
461,Theo Walcott\Theo-Walcott,eng ENG,MFFW,Everton,30,1989,11.9,208,324,64.2,3276,987,2,24,8.3,179,240,74.6,27,60,45.0,2,1.7,+0.3,13,16,13,4,35,Matches
462,Kyle Walker\Kyle-Walker,eng ENG,DF,Manchester City,29,1990,20.1,1386,1574,88.1,28230,6258,12,45,26.7,999,1083,92.2,375,446,84.1,2,1.5,+0.5,11,164,20,6,128,Matches
463,Kyle Walker-Peters\Kyle-Walker-Peters,eng ENG,DF,Tottenham,22,1997,2.7,183,214,85.5,3054,762,1,8,12.5,156,165,94.5,26,41,63.4,0,0.1,-0.1,2,12,1,0,14,Matches
464,Kyle Walker-Peters\Kyle-Walker-Peters,eng ENG,DF,Southampton,22,1997,0.8,39,57,68.4,562,220,0,3,0.0,37,48,77.1,2,6,33.3,0,0.0,0.0,0,3,1,0,3,Matches
465,Aaron Wan-Bissaka\Aaron-Wan-Bissaka,eng ENG,DF,Manchester Utd,21,1997,25.9,1249,1561,80.0,18522,7428,29,85,34.1,1117,1292,86.5,103,184,56.0,2,2.4,-0.4,21,89,16,9,148,Matches
466,Victor Wanyama\Victor-Wanyama,ke KEN,MF,Tottenham,28,1991,0.3,18,19,94.7,382,127,2,2,100.0,11,12,91.7,5,5,100.0,0,0.0,0.0,0,3,0,0,5,Matches
467,Joel Ward\Joel-Ward,eng ENG,DF,Crystal Palace,29,1989,17.5,616,821,75.0,10722,4859,16,42,38.1,488,574,85.0,112,205,54.6,0,0.2,-0.2,4,51,9,5,92,Matches
468,James Ward-Prowse\James-Ward-Prowse,eng ENG,MFDF,Southampton,24,1994,29.0,1039,1436,72.4,20158,6430,21,51,41.2,769,907,84.8,249,478,52.1,3,3.9,-0.9,46,89,22,2,164,Matches
469,Adam Webster\Adam-Webster,eng ENG,DF,Brighton,24,1995,22.4,1261,1479,85.3,27256,9062,6,22,27.3,847,938,90.3,408,519,78.6,1,1.2,-0.2,10,63,5,1,80,Matches
470,Danny Welbeck\Danny-Welbeck,eng ENG,FWMF,Watford,28,1990,3.1,49,62,79.0,678,158,0,2,0.0,44,53,83.0,5,7,71.4,0,0.1,-0.1,2,5,2,0,6,Matches
471,Ashley Westwood\Ashley-Westwood,eng ENG,MF,Burnley,29,1990,26.0,927,1267,73.2,19070,5818,18,40,45.0,638,751,85.0,271,476,56.9,5,4.0,+1.0,37,112,15,5,149,Matches
472,Connor Wickham\Connor-Wickham,eng ENG,FWMF,Crystal Palace,26,1993,1.0,29,44,65.9,440,90,2,5,40.0,23,32,71.9,4,7,57.1,1,0.6,+0.4,2,2,0,0,2,Matches
473,Georginio Wijnaldum\Georginio-Wijnaldum,nl NED,MF,Liverpool,28,1990,25.9,1140,1254,90.9,19432,3520,20,40,50.0,953,1021,93.3,167,193,86.5,0,1.0,-1.0,12,103,19,0,79,Matches
474,Jetro Willems\Jetro-Willems,nl NED,DF,Newcastle Utd,25,1994,16.6,408,582,70.1,7490,3595,6,26,23.1,321,387,82.9,81,169,47.9,2,1.3,+0.7,16,30,13,5,80,Matches
475,Brandon Williams\Brandon-Williams,eng ENG,DF,Manchester Utd,18,2000,8.4,362,445,81.3,5716,1778,6,16,37.5,310,356,87.1,46,73,63.0,0,0.4,-0.4,11,18,14,2,42,Matches
476,Willian\Willian,br BRA,FW,Chelsea,30,1988,21.4,906,1147,79.0,16245,3759,26,51,51.0,698,814,85.7,182,282,64.5,5,4.6,+0.4,46,54,57,11,139,Matches
477,Joe Willock\Joe-Willock,eng ENG,MF,Arsenal,19,1999,6.4,221,269,82.2,3805,1081,10,15,66.7,172,197,87.3,39,57,68.4,0,0.5,-0.5,11,25,8,2,26,Matches
478,Jack Wilshere\Jack-Wilshere,eng ENG,MF,West Ham,27,1992,1.9,50,59,84.7,721,124,1,2,50.0,44,49,89.8,5,8,62.5,0,0.0,0.0,0,3,0,0,1,Matches
479,Callum Wilson\Callum-Wilson,eng ENG,FW,Bournemouth,27,1992,26.1,281,423,66.4,4227,902,18,53,34.0,235,325,72.3,28,45,62.2,0,2.2,-2.2,21,24,13,3,31,Matches
480,Harry Wilson\Harry-Wilson,wal WAL,MFFW,Bournemouth,22,1997,16.1,382,503,75.9,7373,1644,6,31,19.4,284,332,85.5,92,140,65.7,0,1.8,-1.8,15,30,24,2,59,Matches
481,Harry Winks\Harry-Winks,eng ENG,MF,Tottenham,23,1996,17.7,1089,1238,88.0,20870,5394,15,26,57.7,821,885,92.8,253,327,77.4,0,0.9,-0.9,13,121,14,1,119,Matches
482,Chris Wood\Chris-Wood,nz NZL,FW,Burnley,27,1991,23.0,263,409,64.3,3433,431,16,32,50.0,227,340,66.8,20,37,54.1,1,0.8,+0.2,17,8,5,0,14,Matches
483,Granit Xhaka\Granit-Xhaka,ch SUI,MF,Arsenal,26,1992,21.2,1285,1457,88.2,27026,7096,11,26,42.3,914,995,91.9,360,436,82.6,1,0.9,+0.1,12,151,19,2,142,Matches
484,Andriy Yarmolenko\Andriy-Yarmolenko,ua UKR,MF,West Ham,29,1989,9.2,260,324,80.2,4386,1091,10,18,55.6,202,232,87.1,48,74,64.9,1,2.5,-1.5,13,11,9,2,36,Matches
485,DeAndre Yedlin\DeAndre-Yedlin,us USA,DF,Newcastle Utd,26,1993,8.6,195,272,71.7,3231,1345,6,16,37.5,154,187,82.4,35,69,50.7,0,0.2,-0.2,5,10,9,6,24,Matches
486,Maya Yoshida\Maya-Yoshida,jp JPN,DF,Southampton,30,1988,6.2,207,247,83.8,4034,1317,3,4,75.0,151,167,90.4,53,76,69.7,0,0.0,0.0,0,10,1,0,12,Matches
487,Ashley Young\Ashley-Young,eng ENG,DF,Manchester Utd,34,1985,10.6,565,735,76.9,11171,4575,3,20,15.0,441,495,89.1,121,220,55.0,0,1.2,-1.2,17,58,12,2,119,Matches
488,Pablo Zabaleta\Pablo-Zabaleta,ar ARG,DF,West Ham,34,1985,6.5,247,326,75.8,4075,1850,1,14,7.1,211,246,85.8,35,66,53.0,0,0.4,-0.4,4,28,6,2,49,Matches
489,Wilfried Zaha\Wilfried-Zaha,ci CIV,MFFW,Crystal Palace,26,1992,28.3,744,951,78.2,11824,3328,16,63,25.4,631,750,84.1,97,138,70.3,3,2.4,+0.6,27,44,58,9,131,Matches
490,Christoph Zimmermann\Christoph-Zimmermann,de GER,DF,Norwich City,26,1993,14.4,479,585,81.9,10509,3661,3,10,30.0,306,331,92.4,170,244,69.7,1,0.0,+1.0,0,22,1,0,29,Matches
491,Oleksandr Zinchenko\Oleksandr-Zinchenko,ua UKR,DF,Manchester City,22,1996,10.1,831,924,89.9,14379,3909,9,19,47.4,692,746,92.8,130,159,81.8,0,0.7,-0.7,12,79,18,9,92,Matches
492,Kurt Zouma\Kurt-Zouma,fr FRA,DF,Chelsea,24,1994,20.0,1280,1450,88.3,29819,7696,4,16,25.0,810,879,92.2,466,555,84.0,0,0.3,-0.3,1,73,2,0,67,Matches